review_id,author_steamid,author_total_games,playtime_at_review_mins,playtime_forever_mins,review_text,is_positive_valence,unix_timestamp,subsequent_lifetime_playtime,time_elapsed_since_pub
235586561,76561198253768485,0,1091,1091,Nice,True,1789797031,0,0.03378472222222222
235586485,76561198206596081,0,7412,7412,Haven't even finished the game lol,True,1789796918,0,0.03509259259259259
235583647,76561198047755891,0,29627,29661,"This game had a really rough launch, I bought it when it first came out.  However, since all the updates and fixes, and the phantom liberty DLC, I can safely say this is the best FPS RPG ever made.",True,1789792913,34,0.08144675925925926
235581988,76561199032136014,0,1959,1971,very cool the game,True,1789790715,12,0.10688657407407408
235581544,76561198263151620,228,17785,17905,RIP BARTMOSS,True,1789790086,120,0.11416666666666667
235580965,76561199083666114,106,7541,7541,Played over 200 hours between PC and PS. Thoroughly enjoyed both plays!,True,1789789282,0,0.12347222222222222
235580871,76561198382175641,0,4645,4766,play it and judge for yourself,True,1789789130,121,0.12523148148148147
235579800,76561197970448192,0,149,149,So much talking and minigames. I just wanted to play an FPS.,False,1789787717,0,0.14158564814814814
235577338,76561198097140841,0,2401,2401,"This game has come a long way since its rough release. 

I have played this game for several hours on PC and have a whole playthrough of about 100 hours on PS5. The game performs very well on my PC with “High” settings and is probably one of the best use cases for Ray Tracing.

The combat is very fun and the game allows you to approach encounters in several different ways. My current play through is a hybrid Netrunner/Reflex katana wielder who starts his approach with quick hacks to whittle down the enemies, and then clean up stragglers with the katana. 

Driving works very well and the game allows you to purchase and acquire several cool vehicles.

Story is also on par with CD Projekt Red quality of writing in the Witcher 3, where a lot of the side missions feel like part of the main story in terms of depth. 

The game’s atmosphere is incredible with the bright Neon colors of Night City to the almost Mad Max feel of the badlands. 

Overall, you won’t regret playing this game if you haven’t already.",True,1789784368,0,0.18034722222222221
235576913,76561199442290694,168,4149,4149,Cyberpunk? More like Cyber-peak. Am i right boys?,True,1789783799,0,0.18693287037037037
235576048,76561199590268132,19,689,689,"Very very good, amazing story and graphics.",True,1789782563,0,0.20123842592592592
235575229,76561199365643376,0,5825,5825,peak game would recommend,True,1789781426,0,0.21439814814814814
235575168,76561199826296986,0,934,983,aaaamazing,True,1789781346,49,0.21532407407407408
235574875,76561198063460576,0,112,112,Awesome game,True,1789780976,0,0.21960648148148149
235574519,76561197990534602,54,4067,4070,"It is good, but more content would be good, not gritty enough",True,1789780489,3,0.22524305555555554
235574419,76561198041993492,436,7910,7910,"Fist time I finished was at launch, I remember not having many bugs, but the performance was not very good.

Now I Just finished a second time and also finished Phantom Liberty DLC, it is way cooler than the base game, we can clearly see CDPR evolved and this makes me want Cyberpunk2 a lot! Everything took me 80 hours, I did lots of secondaries.

overall the game is much more polished, there's tons of new features and the performance is great.

There's a loooooot of missions, tons of secondaries, they are fun, depending on your build, you can complete them in different ways. the game have a big replay value, you can do several play styles. I made a stealth build, focused in headshots with silenced pistol, 95% of enemies could be killed with one shot.

Sometimes there's too much text to read, who's reading that ? some missions are kinda boring, like  just going into a place and talking to someone.

Most boss fights are not very good imo.. the best ones are Adam and Chimera, it kinda looks like an Armored Core boss, a bit difficult (for my stealth build) and required some attention to the boss' move set, although they're too bullet sponge (on hard difficulty).

PT-BR Voice acting didn't please me... a bit too exaggerated.. same for subtitles, always trying to be more funny and not matching the the actual EN voice acting.

overall very good :)
8/10",True,1789780370,0,0.22662037037037036
235573957,76561199659968717,0,460,556,best game to touch earth,True,1789779759,96,0.23369212962962962
235573907,76561198406121427,0,2443,2706,Best futuristic open-world game ever. Credit to the team effort for the patch. Legendary update. The DLC even makes it better!,True,1789779689,263,0.23450231481481482
235573804,76561198448602585,206,2772,2772,"[h1]~Chippin In~ my thoughts[/h1]
For years, I avoided cyberpunk because of its infamous launch. I always figured that it had nothing to offer, considering the game launched as a buggy mess. However, like most people know at this point, cyberpunk has improved itself since half a decade ago when it launched in 2020.
During that time, a lot of people gave this game a second chance and ended up really resonating with it. Lots of my friends as well as people I respect really love Cyberpunk 2077. And because I wrote it off after launch, I never understood why people liked it so much. However, earlier this year a friend of mine bought me the game. So I finally decided to give it a try and find out why 2077 is so beloved nowadays.
50 hours, and 1 playthrough later I can comfortably say Cyberpunk 2077 mostly lives up to the hype. I wouldn't call it ""an all-time great"" but I would say it's a great game that has a lot to say about its subject matter.

[h2]+ Night City is a Captivating Setting[/h2]
The strongest part of Cyberpunk 2077 is easily its setting. In this game you play as V, an edgerunner and you work in Night City, a cyberpunk “utopia”. Compared to other RPG settings, Night City is a pretty great place to set your game. NC is brimming with corporate overlords, gangs, and outlaws that makes it perfect for an open world RPG. Furthermore, being an edgerunner means you have infinite potential for quests. Cyberpunk does a great job of taking advantage of these concepts. This isn't the first game to make a cyberpunk outlaw story seem cool. But 2077 definitely knows how to do this idea right.
Even the simple act of driving through Night City is so cool. Cyberpunk does everything in its power to make you feel like you're in the beating heart of this city. I found the whole experience really engaging. There are few games that I've played that make me feel such a connection to the world like Cyberpunk did. 

[h2]+ The Storyline/Major Quests were better than expected[/h2]
When I first started hearing about Cyberpunk, I heard a lot of praise for its storyline and side quests. So I was excited to see what all the hype was about. Though admittedly my expectations were pretty low. However, I was really surprised at how good the main story/quests were! The start of the main story is pretty weak. It's mostly just set up for the larger story the game is trying to tell. But once you get to the end of the first act, the story picks up in a major way. The stakes of the main story were really engaging. The arcs of the main characters were enthralling to me. And the themes of the story: death, the consequences of clinging to life, legacy. They're all done excellently.
On a different note, I really loved the major pieces of side content. The game presents you with lots of side quests that spin off of the main story. And I think these are excellent too. The major characters you meet throughout these quests, their arcs and plot lines that you follow throughout their quest lines. It's all excellent stuff. And you won't really miss any of the best quest lines because they're presented to you very blatantly.
I have some issues with the smaller quests that I mention later, as well as some problems with the game itself that affect the story in small ways. But overall I love the story/quests as presented and it's definitely one of the strongest elements of Cyberpunk.

[h2]- Majority of ""minor content"" is disappointing[/h2]
With the exception of the main story and major side quests, and some of the minor jobs. The side content of Cyberpunk is very disappointing to me. And I want to emphasize this because during my playthrough, I wanted to hit max level before I finished the game. So I was hoping that the side content would be a fun way to hit max level while seeing what else Cyberpunk had to offer. Unfortunately, this aspect ended up underwhelming me and I found this extremely disappointing, doubly so considering how good the main content was.
There are many side activities in 2077, the two major types being: gigs and NCPD Missions.
The gigs are the most plentiful type of side content. Contextually speaking, these quests are cool from a world-building perspective. And they give you something to do in Night City. But my issue is that the gigs are extremely formulaic. Most missions follow the same format: ""Go into building, kill everyone/sneak around, find object, leave."" That means as you're doing these quests, you're basically just doing the same thing over and over again. Which gets really old.
NCPD Missions are less common than gigs, but they're more boring and even more formulaic. You will randomly receive police scanner missions through the game that literally just amount to a random encounter with some thugs. It's extremely boring and I almost never engaged with this aspect of the game. Because it was just more pointless combat. Which this game has in abundance.

[h2]- The RPG mechanics lack depth[/h2]
My biggest issue with Cyberpunk are the RPG mechanics. If I were to make a thesis statement for my thoughts about Cyberpunk, I would say this: ""Cyberpunk 2077 is a great game that cares far too much about killing people for some reason.""
In Cyberpunk, every stat and perk you take is for combat, and only combat. Skill trees unlock new combat abilities, and passive perks; stats only exist to unlock perks and buff combat damage. The game's RPG mechanics are for combat, first and foremost. And unfortunately the combat itself is nothing special. It's the Bethesda special of hitting/shooting something until it dies. There's some sauce in there too: cyber implants, hacking, and admittedly fun perks add some variety to gameplay. But for the most part you're just shooting and hitting things. Which gets old, especially considering that's the only way you can solve most quests.
The unfortunate truth of Cyberpunk's quest design is that your two options are ""Murder? Or Murder quietly"". The few times the game gives you the option to avoid violence are few and far between, though there are moments in there that give you the option. But it's never anything substantial or deeply rewarding.
To be fair, there are moments where the game offers the player opportunities to pick dialogue options based on your stats. These actually influence the quest you're doing or let you choose a different outcome for a quest because of how you built your character. But these moments aren't common, and are usually just recontextualizing a different outcome you could've gotten otherwise. Overall, there doesn't feel like there are many meaningful ways for the way you built V to affect the game outside of combat. Obviously, there are exceptions to this, like I mentioned. But I spent most of the game wishing that player interaction based on your decisions with the game was the rule, not the exception.
The short-sighted decision to not let the player use their stats to ""role-play"" in this ""role-playing game"" is so disappointing to me. It's such a shame too, because you can see moments where the game tries to do this. But these moments are few and far between. More like fun easter eggs, and not intentional design decisions.
It's such a shame because the game is begging for this depth. I really hope a sequel doesn't shy away from the depth that a truly great RPG can offer.

[h2]Conclusion[/h2]
In its current state, Cyberpunk 2077 is a great game. The story has a lot to say, and the combat is serviceable. And Night City is a setting that will likely stay in my memory for years to come. But its lack of depth in aspects that matter to me left me with a dissatisfied feeling after the credits rolled. So I can't say that this game is incredible, like some people have told me it is.
I think it's a 4/5 in my book. A great game, with major flaws that hold it back. But its best elements won't fade away in my mind any time soon.",True,1789779545,0,0.2361689814814815
235573779,76561199227622720,158,3323,3440,peak game and runs extremely well. absolutely magnificent story and one of if not the best game i have ever played.,True,1789779504,117,0.23664351851851853
235573126,76561198128701293,0,43516,43704,As close to a perfect game that's come out in the last decade,True,1789778609,188,0.24700231481481483
235572953,76561198321966293,237,8965,9064,"Increible juego. Gran historia, personajes, gameplay y mundo",True,1789778378,99,0.2496759259259259
235571488,76561198993998957,100,6911,6911,Panam Palmer,True,1789776477,0,0.27167824074074076
235570745,76561199154348776,65,3123,3379,ss,True,1789775517,256,0.28278935185185183
235570735,76561199578066957,0,7627,7627,I ♥♥♥♥♥♥♥ LOVE THIS GAME,True,1789775503,0,0.2829513888888889
235570705,76561199248937194,93,9203,9246,"very fun game even after 150 hours im not close to bored of it
",True,1789775457,43,0.2834837962962963
235570557,76561199712297414,0,5176,5176,"Divertido, com combate incrível, boa história e diversos estilos de jogabilidade possíveis. 
Presenciei poucos bugs, e mesmo assim não foi nada que realmente me atrapalhasse em gameplay, apenas me fizeram rir. A construção de mundo é maravilhosa, mas peca na imersão quando se trata do freeroam, com pouca coisa pra se fazer na cidade (sem se tratar de missões). Às vezes as missões secundárias são bem repetitivas, mas ainda assim creio ser comum. Recomendo sem dúvidas.",True,1789775271,0,0.28563657407407406
235570438,76561198169069109,0,8979,8979,"♥♥♥♥♥♥♥ mess of a ""game""...",False,1789775109,0,0.28751157407407407
235570034,76561198153829719,160,6675,6733,e,True,1789774617,58,0.2932060185185185
235568377,76561199475986693,0,499,577,ITS ♥♥♥♥♥♥♥ SWEET!,True,1789772543,78,0.31721064814814814
235567885,76561199747550768,0,3913,4333,good now,True,1789771962,420,0.32393518518518516
235567398,76561198039152676,0,2056,2056,"Great game. Love the graphics and the world building. The environment is beautiful. The gunplay is excellent. The game can be a little grindy on very hard, but it's fun all around",True,1789771360,0,0.33090277777777777
235565365,76561198034780941,0,1193,1193,"Great game, at first a little system heavy but all in all runs vary smooth now.",True,1789769059,0,0.3575347222222222
235564513,76561198992488222,0,3619,3619,its good :),True,1789768114,0,0.3684722222222222
235564062,76561198689511237,0,909,909,This game goes quite hard indeed.,True,1789767648,0,0.37386574074074075
235559920,76561199848949690,0,728,932,"i have most of my hours on PS5 but amazing game, downloaded on PC for the mods and honestly one of the best modding experiences lol",True,1789763556,204,0.4212268518518518
235559350,76561198367093496,46,8194,8263,Goat,True,1789762972,69,0.4279861111111111
235558491,76561199123494741,31,4292,4292,"optimized and very well balanced graphics, the best ray-tracing cyber world of all times. it is marvelous",True,1789762190,0,0.43703703703703706
235558011,76561199742886126,0,2773,2773,one of the best game i have played.,True,1789761740,0,0.44224537037037037
235556855,76561198677563112,0,607,739,"absolutely gorgeous city, feels so lived in and the plot is genuinely phenomenal. combat is fluid and so is traversal. i am loving every second of the game.
",True,1789760644,132,0.45493055555555556
235556575,76561198996718115,77,3744,3744,I didn't like it at first i found it overwhelming but it grew on me overtime it was nice to see how the future might be if any of you are planning to play it let me tell ya there are no happy endings in night city.,True,1789760361,0,0.4582060185185185
235556171,76561197990462832,0,650,821,"It's CP2077, excellent game. Perfect? No. Fun? You're a gonk if you think otherwise!",True,1789759987,171,0.46253472222222225
235555976,76561198121450239,0,12389,12389,Masterpiece,True,1789759803,0,0.46466435185185184
235555290,76561198398991485,0,4539,4571,"Man i just love this game for some reason
",True,1789759087,32,0.4729513888888889
235555174,76561199785876872,0,8326,8396,yah its alright couple hours of playtime maybe,True,1789758978,70,0.47421296296296295
235554179,76561199229751056,0,2097,2097,cool game,True,1789758028,0,0.48520833333333335
235553313,76561198029157707,0,30138,30138,"I came for the trailer posted in 2013. 

I tried it for the memes posted throughout all this time. 

I giggled at the gameplay, features and eastereggs. 

But I was caught by the story. 

If you're after a story that was written with heart, you should give it a go.",True,1789757207,0,0.49471064814814814
235553110,76561199526571012,0,3192,3192,best story off all time (after rdr2),True,1789757013,0,0.4969560185185185
235552431,76561199337693872,0,4486,4486,Panam gyat,True,1789756374,0,0.5043518518518518
235552246,76561199832895496,0,2890,2890,"""were going to the big leagues jack""",True,1789756204,0,0.5063194444444444
235551883,76561199234395519,0,1899,2172,i love it,True,1789755860,273,0.5103009259259259
235551774,76561198216595991,177,9397,9482,"David is Dead.
",True,1789755754,85,0.5115277777777778
235550995,76561199487703533,0,4081,4258,"""i also have a dollchip.""- individual who is about to experience the horrors of cyber-hell, as well as the horrors of a point-blank charged satara shot to the dome.",True,1789755038,177,0.5198148148148148
235550444,76561199543450055,0,4089,4555,Fun gameplay with immersive worldbuilding and storyline.,True,1789754522,466,0.525787037037037
235549721,76561198774207353,0,884,884,good,True,1789753883,0,0.5331828703703704
235548474,76561197964326052,0,300,300,"Avoid, so much dialogue no game here move along.",False,1789752683,0,0.5470717592592592
235546495,76561198772528467,0,2918,3036,goated,True,1789750803,118,0.5688310185185185
235546283,76561198130831195,0,17333,17333,Truly a masterpiece of a game.,True,1789750634,0,0.570787037037037
235544750,76561199181866070,0,4976,5300,"The moment my finger pressed install, I immediately felt a rush of testosterone. Every atom in my body then suddenly came together to form a climax, And immediately had thousands of girls in my DM's saying ""Hey, why won't you come over?"". This game truly made me go from a sub5 chud, Who constantly fapped to anime, To a built, rich, and wealthy man who gave birth to 5 kids. Multiple goth baddies. Multiple people noticing changes the moment my eyes grazed a single pixel of this game within launch. If you want your life to suddenly change the moment a game enters your lousy library, Cyberpunk 2077 is for you.",True,1789749246,324,0.5868518518518518
235542533,76561199635710629,0,1935,2007,panam basilisk and jig jig street MIGHT be top 2 events oat,True,1789747160,72,0.6109953703703703
235542164,76561198839622063,0,7872,7872,"One of my favorite games of all time. I did not play it when it first launced broken, but they have absolutely turned it into a masterpeice. As of writing this i spent 131 hours on my first playthrough only. And it feels like i barely scratched the surface of all the extremely high quality content this game has to offer. 

Gameplay:
It is such a fun game. The combat feels really good with both guns and blades. I used a katana and knife on my first playthrough and did stealth were i could. Both flet really fun. Blades, knifes and guns all feel amazing and the combat is fastpaced and so fun. I will do my next playthrough (whenever that is) using a netrunner build, becuase that also looks really fun. The cars and bikes are also really nice in this game. And the progression feels really great with lots of options and fun upgrades without feeling grindy. And even though the mainstory is kinda short, there is a RIDICULOUS amount of amazing side quests (hence my 131 hour long first playthrough).

Story:
Wont write too much about its details too avoid spoilors, but it is one of the best i have played through. All the characters feel really human, having their own streangths and flaws. The animations are topnotch and really bring them to life. I highly recommend buying the dlc Phamtom Liberty, wich not only ads ever more content to the gameplay but also some of the best writing in the game. I nearly cried at the end of Phamtom Libery as well as the end of the base game.

Graphics:
One of the best looking games ever, if your hardware can handle it. I have quite a beefy pc wich let me play the game on highest settings with stable 30 fps, but it might (understatement) be demanding for lower end systems. It also has a kinda low drawdistance on things like cars, wich become somewhat noticeble png's when far away. Its not a big problem, and there are mods to fix it, but still. But fancy ligthing and car png's aside, this game has a amazing artstyle with vibrant colors and cool designs on everything from buildings, weapons and characters.

Music:
Just great. Way too many radiostations to listen to when being a traffic menace.

Conclusion:
Buy it if your system can handle the graphics. Otherwise i hope you will someday be able to experiance this game. If your system can handle it, buy Phamtom Liberty as well and watch the anime Edgerunners.",True,1789746841,0,0.6146875
235540133,76561197980680184,1504,4634,4872,Became a great game now.,True,1789745015,238,0.6358217592592592
235539223,76561198873692833,87,9219,9219,"Game is Honsetly Extremely Good, the game aged like fine wine, can't say the same for Phantom Liberty yet, due to not having the DLC, but i heard a LOT of good things about the DLC. (Yes i have been avoiding spoilers, even way afrter the DLC released.)",True,1789744175,0,0.6455439814814815
235538883,76561198054094998,0,2486,2486,New newer skill tree killed the game for me honestly. i dont like a game that pushes to only be able to use certain weapons like just playing AR and SMG all game is boring. same with pistol and sniper.,False,1789743853,0,0.6492708333333334
235538677,76561199853665855,9,951,951,Should've bought this game sooner,True,1789743677,0,0.6513078703703704
235538593,76561198063441149,1211,6400,6400,"With the way of the world at the minute, this is essentially a training simulator. Get it done. Be prepared. Absolute banger.",True,1789743583,0,0.6523958333333333
235534387,76561198644266301,0,3028,3028,"must play game if yo like open worlds ... short story so take your time ... and MODS MODS MODS!!! 
download them",True,1789739611,0,0.6983680555555556
235534036,76561198066146715,300,6482,6482,10/10,True,1789739254,0,0.7025
235533419,76561199527280830,39,6289,6289,meet Hanako at Embers,True,1789738600,0,0.7100694444444444
235533333,76561198056775057,0,6243,6243,Masterpiece - 10/10,True,1789738528,0,0.7109027777777778
235533007,76561198805948539,173,13818,13916,ABSOLUTE CYBERPSYCHOSIS,True,1789738175,98,0.7149884259259259
235532510,76561198157971148,295,11345,11345,Very cyber lots of punk..... twentyseventyseven,True,1789737668,0,0.7208564814814815
235531814,76561199103975031,0,3820,3820,"""You either die as a hero or you live long enough to see yourself become the Villain"" Don't help Arasaka!",True,1789736973,0,0.728900462962963
235531231,76561198053434600,0,2116,2527,"About to finish my first playthrough of the game, save file says I've logged ~41 hours and I didn't even touch a ton of the optional stuff, like ring fighting or street racing. There's probably 12-15 gigs on my map that I haven't done, and I'm sure there's more. 

This is probably the best game I've ever played. Its so easy to get immersed in it. 100% worth every penny in 2026.",True,1789736297,411,0.736724537037037
235529215,76561198007041072,416,2598,2598,aight this game is actually really good now,True,1789734021,0,0.7630671296296296
235528902,76561199060125509,19,3768,3936,Best game I ever played .,True,1789733615,168,0.7677662037037037
235528761,76561199380961328,108,9652,9652,мне нараица,True,1789733455,0,0.7696180555555555
235523803,76561198165073361,0,5291,5291,"Cyberpunk 2077 is more than just a game—it’s an unforgettable experience. Night City is one of the most immersive and beautifully designed worlds I’ve ever explored. Every street, building, character, and neon-lit corner feels alive, making the city itself feel like a character in the story.
The story is incredible, emotional, and full of memorable characters. V’s journey, the choices you make, and the relationships you build genuinely pulled me into the world. And Johnny Silverhand is one of those characters you simply don’t forget.
The atmosphere, soundtrack, visuals, combat, character customization, and attention to detail all come together perfectly. There were moments when I stopped playing just to look around and appreciate how much detail was put into Night City.
Cyberpunk 2077 is the kind of game that stays with you even after you finish it. It has flaws, but the overall experience is something truly special.
After everything I experienced in Night City, my rating is simple:
10/10 — Absolute masterpiece.",True,1789726623,0,0.8486921296296296
235523765,76561199001055677,94,3154,3154,"Very mixed feelings overall. Before playing I had heard everyone say ""the game is fixed now after the bad launch"" and that makes me wonder just how bad it must have been at launch because it is still incredibly unstable. Random bugs, crashes, and visual errors are still absolutely everywhere. You can only get flashbanged every time you close your map so many times before it really starts hurting the experience.

Visually the game is mostly great. The environments and general art direction are phenomenal, all of the districts are distinct from each other and its easy to tell where you are just based on the aesthetics of your area. I found myself rarely using fast travel because of how much I enjoyed just driving around on the motorcycles (i wish the cars controlled as well as the bikes do.) The only bad thing I can say here is that outside of the main cast every character looks like they're made of plastic and they usually have extremely out of sync vocal animations. The NPCs are probably the weakest part of this game. The random outfits make most of them look stupid and their dialogue is vapid and repetitive. Nothing kills immersion quite like a dude with no jaw talking to you in regular english. I found it hilarious when I was in the aldecaldo camp and like 80% of the people there were random NPCs who would still give you the hostile dialogues if you talked to them even though you're supposed to be like family by that point. There's also a very small amount of NPC templates so it's not uncommon to see like 4 of the same guy in one place. If you're thinking about ray tracing I would just do ray traced reflections as it's the only one that's worth the frame loss in my opinion (seriously ray traced lighting makes most areas look worse and drops my frames by like 50fps)

The gunplay is fine, there's not much to say about it. Standard weapon archetypes, though long range options are very limited. Precision rifles generally suck and snipers are really slow, clunky and hard to come by. Most encounters rely on numbers over individual power so snipers are usually useless. This game really wants you to be aggressive at all times, there's a whole stealth tutorial section that feels pointless because there's no reason to ever be stealthy because bum rushing them with a shotgun is the best option 9/10 times. It doesn't help that the enemy AI is really really stupid, the vast majority of enemies just stand there and wait for you to kill them. The few that actually have unique attack patterns are used sparsely and even then its usually some kind of repetitive super speed melee attack. The smasher boss fight is genuinely the only fight I can say I actually found myself interested in. Mantis blades are cool but you're not given much incentive to use them because again in 9/10 situations a shotgun does what they do but better. Movement can also be pretty clunky until you get some of the later upgrades.

The story is inconsistent. The quality massively varies between storylines. Every side mission feels like an afterthought. Everything surrounding Arasaka directly just feels confused. Maybe I just took a bad route or something but by the end it feels like the writers just forgot that this game was originally about taking down Arasaka. A good chunk of the story was about trying to get to Hanako to expose Yorinobu and once you actually get to her she basically just goes ""I'll handle it"" and it gets dropped. The dynamic with Johnny is interesting but it entirely takes over the story by the end. These 2 storylines were both set up at the start but only 1 of them had a satisfying conclusion. This game is rich thematically but the plot generally doesn't inform those themes and at worst directly contradicts them. Cyberpunk really wants to ""say something"" but it isn't exactly sure what it wants to say or how to say it. This game is marketed as a ""choose your own adventure"" game but most dialogue options either don't change the outcome of an interaction or it's 3 ""different"" dialogues that all mean the same thing. It's hard to tell what's actually going to affect the story and what won't. 

This game starts out very strong but the more I played the harder I found it to keep going. It kinda just stops introducing new mechanics after the interlude. The main storylines are pretty engaging but basically every side mission is mind numbingly boring and pointless. Cyberpunk loves having huge dramatic moments for characters that it didn't put the effort into getting you to care about. There were so many times where I was clearly meant to be feeling something and I was just sitting there thinking to myself ""who is this again?"" It really makes me wonder what was happening behind the scenes considering how long this game took to make. 

TLDR: It's a decent game. 6/10. I'd wait for a sale.",True,1789726550,0,0.8495370370370371
235523644,76561198105949229,0,12193,12193,"I can live my neon dreams where I can die to Cyber Psychosis, Overdosing on the hardest Chem's, Brain Dancing, Or my grey matter splattered on the wall! I can't wait to be a drink in the afterlife!",True,1789726386,0,0.8514351851851852
235521959,76561199097289720,0,433,433,"This is all style, no substance, dime novel science fiction.  It's very tedious and bogged down in too many superfluous tasks per mission.  It is buried in a mountain of detail that goes right over your head from the start.  You react in this game as an observer of your character, selecting from two or three knowing replies to deep insider ♥♥♥♥ that you never learned naturally in the game.  

You do not direct your guy's path knowledgeably.  The menus are needlessly complicated.  If you buy this game and it's DLC [then] be prepared to try to figure out what in the hell to do in every other day of your gameplay by watching silent walkthrough videos on Youtube.  You will get stuck over-and-over again.  It's often downright boring and sometimes purely exhausting.  Big loud gunfights are what break up the droning drowsiness of the characters and the bleak dryness of the dystopian world-plot. 

It's very pretentious, written by novelist wannabes and fleshed out by talented graphic artists.  They are the only talent - they, and the computer programmers.  The stories are lame.  It's written by poseurs trying to pass it off (and on to you for a lot of money) as cutting edge Sci-fi story telling.  They do not succeed; It doesn't provide a moving exciting story.  

Nothing groundbreaking is really happening and that is what the makers tried very hard to convince you that you would get for your money,.....once they fixed the terribly failed product they delivered at launch.  It was fixed, to their credit, and profit, but the story was not put into good working order.

But do not believe me; just pay to try it yourself.


Now, triggered fanboys, come and pay 500 Steam points each to give me your jester awards.",False,1789723831,0,0.8810069444444445
235521916,76561198439595174,0,3876,3887,I like the aesthetic and the focus on areas other than driving,True,1789723748,11,0.8819675925925926
235519483,76561198371119763,0,3810,4040,"First time playing and I went in as a nomad choom, ended the story as a nomad choom with a girlfriend, and PTSD. 

Still buggy sometimes, but ♥♥♥♥♥♥♥♥♥ the story gives it enough juice to be a preem game. Can't wait to play again on a different life path and different build.

10/10",True,1789719691,230,0.9289236111111111
235518644,76561198432136674,0,10207,10520,"Honestly?

Nah. 

Phantom Liberty  honestly proves CD Project RED gets off to bittersweet, abysmal endings.

Your telling me, that after ALL THE TIME AND EFFORT V PUT INTO ALL THOSE PEOPLE JUST SAY PISS OFF AFTER 2 YEARS?!?!?

What kind of cracked piece of ♥♥♥♥ do you have to be to like this kind of garbage writing? V never bothers telling anyone whats going on? No one bothers even checking on V?

V literally has absolutely no happy ending in any shape form or fashion unless you count just giving your body up and living in the NET infested with AI that you yourself also become after ""Soulkiller""

It really makes me question why I should put any effort into something that just gonna ♥♥♥♥ in my face one way or another. 

I will stick with Witcher 3 but even that is starting to age like milk in some areas.",False,1789718222,313,0.945925925925926
235518620,76561199658544148,0,4909,4909,"-Gets double crossed when Heist got kadoosh
-Gets Cybercancer in brain
-Waa waa so sad terrorist is in my head
-Go find cure
-Arasaka has a cure
-Gets double crossed
-Vodoo boys have a cure
-Gets double crossed
-NUSA have a cure
-Gets double crossed
-Songbird has a cure
-GETS DOUBLE CROSSED.

There truely is, NO HAPPY  ENDINGS in night city :steamsad:",True,1789718180,0,0.946412037037037
235516812,76561199570381452,6,472,472,kjcbhuernjknfhsjdkcnsdjkb,True,1789714952,0,0.9837731481481482
235516255,76561197992973273,78,1642,1739,"For anyone that likes an open world, where you can follow a story, but also carve your own path, this is epic. Fabulously realised, immeasurably immense and immersive.",True,1789713951,97,0.9953587962962963
235515988,76561198089385809,50,4307,4566,on my 2nd playthru and still manage to surprise me with how good the damn story is,True,1789713505,259,1.0005208333333333
235515924,76561198137782445,0,7005,7154,best,True,1789713410,149,1.0016203703703703
235515595,76561198084984105,92,15533,15841,"The base game is strong.
The DLC is even better.
The amount of Mods that elevate the Experience, infinite.

You will never grow bored of this game, you can always replay a different path, make different choices, and even once you run through all of that, add some gameplay mods, and enjoy a whole new experience. 

Visually its still beating everything out of the park and that while being 6 years old by now.

You will not regret buying this, the DLC is NOT optional, believe me.",True,1789712835,308,1.0082754629629629
235515458,76561198088321663,0,1380,1380,like the story so far,True,1789712584,0,1.0111805555555555
235515251,76561199016391950,0,3522,3652,best game ever,True,1789712197,130,1.0156597222222221
235514751,76561198131531406,248,14895,14895,its not even a role playing game.,False,1789711315,0,1.0258680555555555
235514435,76561199559281729,0,5469,5726,"I know saying that this game is perfect will get me ratioed but I can't help and say that it is a perfect game.

I am not a first person shooter kinda guy. Generally I would much rather play Detroit Become Human or any of the Dragon Age Games. But what they have incommon is a great story, that is what got me to stick around and boy dose Cyber punk have it! I was so absorbed in being in night city that I was honestly kinda sad when I realized I had nothing left to do but start the end of the game mission. 

And for being someone who sucks at aiming in most first person shooters after only a couple of missions I was able to see real growth in my skill and for when I didn't feel like being good there are guns for that!

I am only on my second playthrough now and I can't say I see a final one on the horizon. Don't have the DLC yet but I am so looking forward to it!",True,1789710777,257,1.0320949074074075
235513921,76561198333093690,0,4201,4201,"I started playing because hackerman fun and haha look, it's Keanu Reeves.
I left with unrepairable emotional damage.",True,1789709770,0,1.04375
235513702,76561198190324917,0,2051,2060,The story is good.,True,1789709348,9,1.0486342592592592
235513236,76561198823772629,181,9081,9215,yea its ight,True,1789708494,134,1.0585185185185184
235513170,76561199438890974,43,1334,1334,claire pls hmu,True,1789708384,0,1.0597916666666667
235512327,76561199365508145,0,9704,9789,Top of the line game. a must play experience for real Gamers,True,1789706857,85,1.0774652777777778
235511116,76561198052727708,0,4470,4628,Stunning visually and a great story.,True,1789704803,158,1.101238425925926
235510750,76561199733175755,0,239,522,"aint no one gonna set my limits BUT ME
",True,1789704177,283,1.1084837962962963
235510554,76561199698692122,49,2605,2605,"came for the chrome, stayed for the chooms.

there is no ""happy"" ending to this game, either the ending is so devastating you're left sitting in the dark thinking about your life choices for 30 minutes, or it has just barely enough good to at least make you somewhat happy, but its still heavily bittersweet.

absolutely worth it. get the phantom liberty dlc too. adds a whole other storyline onto the main and about 20+ hours more to the story",True,1789703878,0,1.1119444444444444
235509793,76561198149732055,136,8694,8694,Cringe,False,1789702706,0,1.1255092592592593
235508422,76561198982303445,0,2293,2293,Wish the world was a slight bit more interactive and third person view would be quite nice. Also would prefer the saves to be more organizable. Like with names if you do variant play thru. Other than that I must say this is an excellent PC experience.,True,1789700590,0,1.15
235507863,76561198741759106,0,794,794,good game,True,1789699789,0,1.1592708333333333
235507488,76561199509683051,0,4984,5265,"The immersion offered in this game is something I've seen in no other game. You feel like you're V, all of your struggles are played out so beautifully in a massive sprawling city map.",True,1789699256,281,1.1654398148148148
235506666,76561198079204789,0,7222,7557,One of the best games of all times.,True,1789698040,335,1.179513888888889
235506154,76561198004845937,0,4776,4898,Love the story and univers,True,1789697341,122,1.1876041666666666
235505950,76561198860307048,0,14838,14902,"This game is undoubtedly a work of art. 
Despite Night City's bleak and rather dystopian atmosphere, it manages to feel alive, purposeful, everything is there (mostly) for a reason, you will drive around and just randomly feel awe that a world like this was brought to life in a game. The story manages to deliver in every possible way, feelings were brought out that I never even thought I could experience. 

The main story is compelling, it hooks you in immediately and may defy your expectations at many junctures throughout, and every optional gig and occasional detour is special, it's not surprising to find yourself off-track on some new adventure or in the middle of many Night City rabbit-holes. It truly allows you to ask yourself how YOU want to do this, how you want to experience this story, and what path you want to tread on.  

Keanu Reeve's performance as Johnny Silverhand is one of my favorite things about this game, your bond with this character goes unimaginable lengths, I'm forever grateful for how much work was put into making this character this impactful and well written. Cherami Leigh gave us one of the best voice acting performances for a protagonist, and Minji Chang as Song So Mi was able to steal the spotlight whenever she appeared despite performing alongside Idris Elba. 

The expansion is everything you could ask for and more. Phantom Liberty is a spy thriller (with the chance to turn into an Alien Isolation-esque horror game) that presents you with amazing characters and difficult choices, every decision matters, and none of them are easy. The rollercoaster of manipulation, lies, trauma, and tension will leave you either staring blankly at the screen or sobbing by the time the credits roll. 

Whilst the launch has left a bitter taste, the efforts of the many talented individuals that worked towards making this an unforgettable experience have not been in vain. I really hope more people give this game a second chance. 
I'm excited for Cyberpunk 2, and you should be too.",True,1789697049,64,1.1909837962962964
235505431,76561199535950317,0,17997,18017,best game ever,True,1789696266,20,1.2000462962962963
235505359,76561199617490848,0,592,926,It is very fun and keeps you busy,True,1789696145,334,1.2014467592592593
235503781,76561198879097678,0,5922,6209,Masterpiece with bold storytelling and an amazing soundtrack.,True,1789693851,287,1.2279976851851853
235503202,76561199124350613,0,2338,2370,I like all the cyper punks who is in it and the Keanu Reeve,True,1789692999,32,1.2378587962962964
235503086,76561199105011891,78,34870,35242,"its a pretty amazing story and fun gameplay. a bit easy though, no ones gonna schlep across town for it",True,1789692827,372,1.239849537037037
235503006,76561198763687306,0,180,237,Its a little glitchy but i expected it to be on my macbook neo but the game is all out 8/10,True,1789692717,57,1.241122685185185
235502818,76561199875733505,0,2045,2286,My first AAA game. absolutely peak and what i personally think currently no game beats the NPC behavior of this game. This game is the reason i built my pc after a long damn wait and it is absolutely worth it.,True,1789692460,241,1.2440972222222222
235502572,76561199803054689,0,3870,3870,when the time comes I will tell abt this game to my children's,True,1789692123,0,1.2479976851851853
235502279,76561198039628277,252,10496,10496,"Look. I know a lot has been said about this game, both good and bad. I'm not breaking new ground here. The pros of this game are the immaculate vibes and graphics. Being locked in on a mission makes the game flow and can be, at times, fun. And if this game was just an on-the-rail story-driven FPS, then yeah, I wouldn't have much to complain about (besides the hard crashes and game-breaking bugs that are still rampant, even now). 

The thing is, I can't let what happened be excused. I know CDPR pulled a ""NMS"" here and spent the last few years fixing it up, and that's good. But to glaze this game now only excuses the absolute fact that not only did they sell me an unplayable mess at start, they also sold me a DIFFERENT GAME. I pre-ordered this game because the makers of TW3 promised me an OPEN WORLD RPG, just like TW3, but cyberpunk. That is not what this game is. Night City is empty, a vacuous window-dressing void of any and all content save for the rare ""work for the police by killing some dudes"" (in a ""punk"" game, you sure do spend a lot of time doing the police's dirty work). No factions, no meaningful choices, all the shops and doors are closed, I could go on and on. Walking around NC is fun for the vibes, but it gets incredibly boring, and then depressing. 

I wanted to love this game so much. I was ready to lose myself in it. But even after waiting years to get this game in a playable state, it's clear this game is not 'open world' in any meaningful sense. It's not a 'role playing game' beyond choosing your combat style. Nothing you do really matters. Hop in a car (which are still absurdly hard to control on mouse/keyboard) and all the lights turn green, all the traffic disappears. Nothing you do matters, in the open world or in the story missions, as everything leads to a single ""pick your ending"" moment. In some ways, I'm more disappointed now than I was on launch.

If you want to just hang out in a cool futuristic cyberpunk city, this is the game for that. If you love story-driven on-the-rails FPS games, this is a great game for that. But if you want an open world role playing game, I can assure you that this is not that game. Don't reward bad corpo behavior, choom. Stop glazing this still-buggy mess of a failed promise.",False,1789691697,0,1.2529282407407407
235502248,76561199651550107,88,2119,2119,so peakkkkkk and sadddd and there are no happy ending in nightcity,True,1789691663,0,1.2533217592592591
235502183,76561199790539223,13,3037,3386,Runs superrr smooth on medium settings 1080p def would reccomend,True,1789691580,349,1.2542824074074075
235500662,76561199246370199,0,12130,12766,"judy is hott <3<3
and runs fine",True,1789689414,636,1.2793518518518519
235500565,76561198852580106,306,8194,8194,"Cyberpunk 2077 succeeded in creating one of the best worlds I’ve ever seen in any video game. Night City is rich and dark, fun and scary at the same time, with so much to do and countless secrets waiting to be discovered. The way everything unfolds in the city feels incredibly immersive.

The base game had some issues. The main story was good, but it felt somewhat lacking at times, and I felt the same way about some of the side quests. Phantom Liberty fixed most of my issues with the game.
It delivers an amazing story with complex characters, well-written side quests, and plenty of activities to do.

I really enjoyed my time in Cyberpunk 2077 and learned a lot throughout the experience. I’ll definitely miss its characters, atmosphere, and everything Night City has to offer.",True,1789689281,0,1.2808912037037037
235500467,76561198162597808,0,5388,5388,"perfect game. story is amazing, and theres many many hidden secrets throughout night city that took me multiple playthroughs to find",True,1789689142,0,1.2825
235500236,76561198998974054,0,3674,3674,"PEAK GAME. PEAK STORYTELLING. PEAK DIALOGUES. PEAK QUESTS. PEAK QUEST DESIGNS. PEAK GRAPHICS. PEAK GAMEPLAY. PEAK COMBAT ( specially Knifes in slow-mo )
",True,1789688805,0,1.286400462962963
235499340,76561197985928888,0,10433,11261,Without question. This game has been an incredible experience to enjoy.,True,1789687493,828,1.3015856481481483
235498841,76561198188996413,0,8395,8652,"Ohh, V...",True,1789686853,257,1.3089930555555556
235498001,76561198087823722,38,3024,3431,"Very awesome. Felt a little like a futuristic version of GTA, not saying that in a negative way. Just purchased and downloaded the DLC.",True,1789685726,407,1.3220370370370371
235497852,76561198035702351,0,31796,32091,"it has its bugs and glitches, but all in all its a pretty dam good game, wish there was more dlc or more story content for it to get some different outcomes and such since its literally a every choice matters game i'd recommend 100%",True,1789685502,295,1.3246296296296296
235497032,76561197972997208,0,12019,12034,Absolutely amazing and immersive!,True,1789684412,15,1.3372453703703704
235496304,76561198959750060,16,1712,2178,yes,True,1789683483,466,1.3479976851851851
235495273,76561198145739926,96,20,20,"Have many hours on console, and a couple modded on PC. I can confidently say that not playing this game is the same as not playing The Witcher 3. You cannot have a valid top 10 games of all time without playing this and it's DLC",True,1789682193,0,1.3629282407407408
235494404,76561198436766686,41,918,918,pretty fun,True,1789681153,0,1.3749652777777779
235493918,76561197981779419,0,3105,3105,"Great game. Not quite the massive epic it was hyped up to be, but they've done a fantastic job building an interesting world you just want to spend time in. Near the end you start feeling like the world is a bit empty and just want them to do more with it than they have.  The parts of the game with the most soul are definitely the side missions which I enjoyed far more than the main quest line. Enjoyed every minute I put into it but not sure it's really more than a 50 hr game to me.  Time will tell.",True,1789680619,0,1.3811458333333333
235492514,76561199877217815,42,4518,4518,"I just love this game, the story, the characters and the gameplay are all beautiful. 9/10",True,1789679163,0,1.3979976851851852
235489911,76561198881990225,99,264,264,Go full borg Full Chrome choom,True,1789676337,0,1.4307060185185185
235487620,76561198286137967,0,2000,2538,choom,True,1789674035,538,1.457349537037037
235486946,76561199848357362,0,5253,5253,a really fun a great game has a lot of things to do very diverse and really like the craftmanship of what the developers did with the small details would highly recommend if you bored of easily finished games,True,1789673342,0,1.4653703703703704
235485647,76561198043872353,0,1617,1617,It's a good game choom.,True,1789672121,0,1.4795023148148148
235485634,76561199095323036,23,15000,15000,"just finished it, release cyberpunk 2 now",True,1789672110,0,1.4796296296296296
235483869,76561199161303710,42,8038,9581,"Very good story, and a lot of content. There are 3 main paths, and 4 main endings (5 with Phantom liberty), but most of the in-between content is the same. However, I do think it's worth at least playing the prologue for each starting path, and going through every ending, either by playing through the game 5 times, or by reloading saves. 

However, despite this game being 6 years old, it's still buggy as hell. There are long-standing bugs that have not been fixed since 1.0, which really detract from the atmosphere. GUI bugs are the most common, along with cyberware like double jump just not working at all, until you vault, or continue a questline. A lot of quests break the game (again, usually a GUI bug), and the only way to fix it is by going through a cutscene further on in the story.

My main gripe is the game is so f-ing dark. Gamma will fix it, but turning up the gamma enough to actually see causes the GUI to wash out so bad you can barely see it. Not sure why they couldn't have made it like other games and exclude the GUI from gamma, or at least lessen the washout. Or maybe, just don't make it so dark you can't see half the time. 

In the end, it's worth buying, if it's on sale. But don't expect a polished game, and expect to have to google how to fix X bug every twenty minutes.",True,1789670469,1543,1.4986226851851852
235483201,76561199183057472,49,2473,2713,'VO,True,1789669850,240,1.505787037037037
235483100,76561198223389404,0,4968,4968,"''Goodbye, V. And never stop fightin'''",True,1789669756,0,1.506875
235482945,76561199003516065,60,3224,3604,"Cyberpunk is a great game, I personally love open world games with actual choices in the story that effects later outcomes or endings and that fits perfect with this game, so far the only complaint i have is that the game seems to have issues with lag, sometimes it runs perfect but then again it can just freeze or crash and since the game is really big on saving if you dont have a fresh save before the crash you can lose a lot of progress. But overall the game is amazing.",True,1789669600,380,1.5086805555555556
235482933,76561197987551240,240,1240,1673,Ok - 20 hours in: Without even finishing this game I can say that it is amazing. EVEN if they rest of the game was trash (highly doubt it) its so worth it just based off what I have seen. Open world that is so engaging I get lost in it at times. I was not prepared for how much I liked this game already! Sometimes open world games are filled with useless stuff so that you are tricked into freedom but in Night City even the small side missions are fun and engaging. Combat is amazing. Voice acting is Amazing. I actually like driving around and don't fast travel. Anyway doubt I will add to this review but am sure I will end up with 200+ hours in this game.,True,1789669587,433,1.5088310185185185
235482576,76561198297895556,0,4098,4098,"Game was pretty cool, a lot of playstyles and builds. However, I don't like the main story line ( Liberty Phantom story was great, 100% must buy )
Only nitpicking I have was the ♥♥♥♥♥♥♥ driving mechanic and those specific carjacking missions",True,1789669271,0,1.512488425925926
235481454,76561198044269388,0,6839,6839,Preem,True,1789668258,0,1.524212962962963
235480686,76561197970855610,564,6046,6046,"If you love Neuromancer, you will like Cyberpunk 2077 as well. The Cyberspace is not a thing in this one tho. Ther is a short Story sequence in the game that is in Cyberspace but its nothing like in neuromancer or jonny Mnemonic.",True,1789667576,0,1.5321064814814815
235479576,76561198047115097,0,4964,5474,this game runs way better than gta with an interesting story and even better visuals,True,1789666601,510,1.5433912037037036
235474622,76561198126952348,0,27568,27695,Pain.,True,1789661909,127,1.5976967592592592
235474028,76561198991150175,90,460,892,i wanna bang Panam,True,1789661374,432,1.603888888888889
235473513,76561198679442613,0,1805,1896,good,True,1789660903,91,1.6093402777777779
235473042,76561199753071820,8,2475,2823,"nice game, 10/10",True,1789660482,348,1.614212962962963
235472723,76561198895456252,16,558,769,best game all time,True,1789660189,211,1.6176041666666667
235472051,76561198094342804,132,7028,7028,"#4

We made it to the top choom.",True,1789659622,0,1.6241666666666668
235471539,76561199857775198,0,5111,5251,Genuinely one of the best games i ever played. Highly recommended,True,1789659135,140,1.6298032407407408
235469301,76561197994418094,159,2105,2105,4/5,True,1789657082,0,1.6535648148148148
235468706,76561198040855856,0,4590,4880,Amazing,True,1789656545,290,1.6597800925925925
235467754,76561199090836812,119,2122,2122,,True,1789655672,0,1.6698842592592593
235466405,76561198773688620,0,4567,4567,i cried at the end,True,1789654454,0,1.6839814814814815
235466150,76561198030466760,0,23802,23802,"everytime they update the game, so much changes. 604 hrs and i finally have played every option",True,1789654218,0,1.686712962962963
235466060,76561198946404493,0,17131,17298,"one of the best games i've ever played, choom 🤑",True,1789654143,167,1.6875810185185185
235464569,76561199187629492,0,3831,3831,great game,True,1789652639,0,1.704988425925926
235464511,76561199638889557,0,11411,11785,"GTA 6, but better.",True,1789652566,374,1.7058333333333333
235464313,76561198789499397,0,17625,17800,"I did a full play through 3 times and unlocked everything possible.....That should say enough. Play this game, Its incredible",True,1789652341,175,1.7084375
235460913,76561198684104779,0,5729,5939,Fantastic game with a deep lore and an open world where you can just vanish for hours. It will take some time to get a hang of this game and its elements. but when it does tyou will keep coming back for multiple playthroughs,True,1789648346,210,1.754675925925926
235460770,76561199003401209,92,32733,32846,GOATED  cant stop playing,True,1789648170,113,1.756712962962963
235457421,76561198194730089,101,22601,24733,GG,True,1789643680,2132,1.8086805555555556
235457401,76561199188894679,0,4974,4974,cool game,True,1789643652,0,1.8090046296296296
235457079,76561198401656859,174,9629,9629,"deranged terrorist dies, comes back to life in the head of a deranged criminal to do deranged things with each other",True,1789643180,0,1.8144675925925926
235455925,76561199856155222,114,6213,6307,got chipped in 10/10 would chrome again,True,1789641393,94,1.835150462962963
235455213,76561198061217654,0,5060,5060,"Cyberpunk 2077 is one of the best-looking and most immersive open-world games I’ve played.

Night City is incredible. The atmosphere, music, characters, story and overall world design make it easy to lose hours just driving around, exploring and getting distracted by side missions.

The game has improved massively since launch, and now it feels much closer to the experience people originally hoped for.

My biggest wish is still multiplayer.

A world like Night City feels perfect for an online mode similar to GTA Online — owning apartments, buying cars, doing jobs with friends, building your character, running missions together, exploring the city and just causing chaos.

Cyberpunk already has the world, vehicles, weapons, customization and atmosphere to make an amazing multiplayer experience. Being able to experience Night City with friends would add so much replay value.

The single-player game is fantastic, but every time I play it I can’t help thinking how good a proper Cyberpunk Online mode could be.

Still highly recommended.

Night City is amazing — I just wish I could bring my friends with me.",True,1789640303,0,1.8477662037037037
235453660,76561198402688198,183,2887,3380,man px blt uzsiciaupkit,False,1789637733,493,1.877511574074074
235452968,76561197996442358,112,2334,2623,"Sept 2026 - Games run beautifully, no crashes, glitches or nothing, kinda sad I missed the T pose bugs.

Running on Linux as well, and I could not ask for a smoother experience.


As for the game itseld, you know you need to play it. You don't need a review to know that ;)",True,1789636600,289,1.890625
235452474,76561198127950498,325,5780,5970,"One of the best open world RPGs, Play it without looking too much up the story is CRAZY",True,1789635774,190,1.9001851851851852
235451550,76561199445502331,0,11720,11720,"the best game ever, nuff said",True,1789634195,0,1.918460648148148
235451134,76561198060063918,0,1326,1326,"Absolutely an incredible game. Sure, it has some bugs, what game doesn't? But this game is incredible 10/10. It's beautiful, the story is incredible, the depth of word building is immaculate, the amount of things to do is massive, and the models loo great.",True,1789633465,0,1.9269097222222222
235450586,76561198313447871,0,8520,8520,"One of the best RPG I've played, you can create a build of your choice and have fun with it, amazing story and amazing Johnny Silverhand.",True,1789632434,0,1.9388425925925925
235450562,76561199172485895,19,4951,4951,An incredible game all around,True,1789632397,0,1.9392708333333333
235449986,76561199209410961,64,1767,1767,made me ♥♥♥,True,1789631396,0,1.9508564814814815
235449470,76561198134540932,54,2763,3067,"Some small bugs where enemies are underground, or cars randomly jump up and explode.... also wasn't able to loot the shard off of the final cyberpsycho to get an achievement, but it all doesn't matter. The storyline is so good and captivating.... I think this game could make a statue cry if they choose a certain choice.

",True,1789630518,304,1.9610185185185185
235448707,76561198097959360,0,9175,9175,Literally best game of my life,True,1789629176,0,1.976550925925926
235447489,76561198000163386,0,6556,6652,This is one of the best examples of a top tier and well supported FPS.  I cannot stress how amazing this game is and continues to be.  This will always be installed in any PC I change to.  Was that enough to get you to get it?!  No?!!  Then screw you...eh.  lol,True,1789626830,96,2.0037037037037035
235447090,76561199780763303,0,5688,5951,Tuff open world,True,1789626147,263,2.0116087962962963
235444868,76561199401698010,20,12046,12961,amazing game one of the best i have ever played,True,1789622150,915,2.0578703703703702
235444115,76561198094005720,0,373,373,"I somehow went into this game blind. I'm 6 hours in, and it's really good.",True,1789620882,0,2.0725462962962964
235444084,76561197990856587,0,1887,2002,good,True,1789620832,115,2.073125
235444039,76561198053532746,0,3264,3381,has me sucked in,True,1789620739,117,2.074201388888889
235442886,76561197972266660,0,1746,1758,A gem,True,1789618901,12,2.095474537037037
235442475,76561198857461319,40,945,945,"fck hanako at her embers, 10/10 must play",True,1789618291,0,2.1025347222222224
235442130,76561198194343310,0,8113,8113,"Peak game after installing night city alive, they will remember, hardcore22v3, dark future",True,1789617709,0,2.1092708333333334
235441051,76561198001974468,0,5959,5959,An excellent hybrid of Immersive Sim and RPG set in an open world.,True,1789616033,0,2.1286689814814816
235438901,76561199641594637,0,2876,2968,"Graphics are amazing, gameplay is great, and the storyline is incredible",True,1789612921,92,2.1646875
235437789,76561198029098805,231,8089,8271,I think It's real neat,True,1789611245,182,2.184085648148148
235435557,76561198989600772,64,4311,4777,yuh,True,1789608075,466,2.220775462962963
235434985,76561199876027515,32,1291,1291,its AMAZING i beat the game multiple times on console now i have a pc and im so happy to play with mods,True,1789607243,0,2.2304050925925925
235431025,76561199096892544,0,3592,3592,"Wow. Not really sure what else to say. The music, characters, main story, side stories, graphics, writing, mood, theme - all top notch. One of the best games I have ever played. Thanks CDPR!",True,1789601625,0,2.295428240740741
235430494,76561198131528204,0,2748,2748,A masterpiece,True,1789600915,0,2.3036458333333334
235430276,76561199086903853,505,6226,6226,"This is the best shooter I've ever played. The gunplay is great, the mechanics are great, the story is one of the best I've ever witnessed, everything is great. If you're at the age where you're able to drive, then you should play this.",True,1789600637,0,2.306863425925926
235429681,76561199124400785,0,1243,1243,good rpg,True,1789599882,0,2.3156018518518517
235429160,76561198794411665,26,285,316,W game,True,1789599214,31,2.3233333333333333
235429005,76561198741838454,36,640,640,Graphics are amazing. The art work is fantastic. I even got emotional at some parts of the story. Even tho I am not the biggest fan of ''Cyber'' themed stuff I enjoyed this. Games with heavy stories catch me not easily tbh I get bored by it very easily but the action and combats make it so much more fun.,True,1789599013,0,2.3256597222222224
235427252,76561198070690129,0,1551,2161,great game,True,1789596766,610,2.3516666666666666
235426570,76561199089918212,22,2493,2787,Very Nice game but too many bugs,True,1789595944,294,2.3611805555555554
235426562,76561199228053158,64,3789,3789,TERRIBLE GAME NEVERE BUY THIS BIG FAT CACA,False,1789595935,0,2.3612847222222224
235425880,76561199489077599,0,7463,7918,honeslty top 10 games of all time. now the launch was rough and will go down in history as top 5 fumbles in company history. this after 6 years of growth and work has turned into a masterpiece. i highly recommend this game to others. played through this multiple times and sill love it. i only wish too play it again for the first time.,True,1789595097,455,2.3709837962962963
235425479,76561197961037671,0,13157,14294,"Cyberpunk 2077 is probably Projekt Red CD's best title. A fully immersive world to explore, lots of intriguing gameplay, and many different ways to play your character. If you're a fan of first-person RPG's, this is a must for you.",True,1789594605,1137,2.3766782407407407
235423457,76561199146100078,83,12300,12300,Greatest game of all time,True,1789592423,0,2.4019328703703704
235422940,76561198024444289,45,982,982,"Tried. Tried again, cant enjoy this at all.",False,1789591848,0,2.408587962962963
235422379,76561198298452625,115,9846,9846,"got all endings, and its honestly a great game, if you have the money and its on a discount this is 100% a game worth getting, sure theres bugs sometimes but the game itself is amazing, great story and idk not much reason not to get it if you like story games. Keanu Reeves was a great person to choose for Johnny Silverhand. im hoping the game gets more updates, dlcs and such because the game is overall just amazing.",True,1789591179,0,2.4163310185185187
235422166,76561198872263596,14,1791,1891,"10/10 — This game earned it
Cyberpunk 2077 has come a long way, and it shows. Every update chipped away at the rough edges until what's left is one of the most immersive open worlds out there. Night City feels alive — dense, moody, and packed with detail in every direction you look. The story is genuinely great. V's journey, the characters, the choices that actually matter — it all lands. Combat is smooth, the world design is stunning, and the level of polish now makes it hard to believe this is the same game from launch. CDPR clearly listened and kept improving, update after update, until this became a genuinely complete, well-crafted experience. Easily one of the best games I've played in years.",True,1789590940,100,2.4190972222222222
235421210,76561199052831276,62,192,192,"Its a no no from me. Tried to play it for two times but i just cant. Its not about the bugs, how can i even find bugs when I have less than 3 hours in game, its just the gameplay. I dont like games where you can choose your answers, witcher, fallout and others. I just cant play that kind of games. Also i dont like when game gives you tutorial and tutorial is just full of words to read. Please emerse the new stuff inside some mission, the throw ♥♥♥♥♥♥♥ 300 pages long tutorial to read just to know basics of game. Didnt even finish 3 missions in this game. Bought it on sale for 25 euro and I regret it. I undrestand why somebody love this game but for me its just a big NO.",False,1789589972,0,2.430300925925926
235419260,76561198323567333,0,2711,2711,SICK,True,1789588014,0,2.452962962962963
235418584,76561199188541897,0,2289,2289,Nice Game,True,1789587316,0,2.4610416666666666
235417805,76561199699908220,0,4060,4685,"this game is cinema. literal cinema. after this game, there is no other game that satisfies my thirst for gaming and storytelling. rich in story....rich in visuals.... rich in gameplay.... 
absolutely the best",True,1789586521,625,2.4702430555555557
235417798,76561199172471107,0,2731,3501,way better than it used to be just... if you have a mediocre PC be kind to it. this thing can humble your pc,True,1789586518,770,2.4702777777777776
235416367,76561198767814867,0,2501,2546,Love everything. Really. Endless.,True,1789585191,45,2.485636574074074
235415609,76561198986715001,0,6157,7199,this game changed my life,True,1789584437,1042,2.494363425925926
235415250,76561199426442811,0,33900,34085,500 hours of CP and still not enough ❤️❤️,True,1789584097,185,2.498298611111111
235414023,76561199654150343,0,2207,2213,the star best ending,True,1789582981,6,2.5112152777777776
235413069,76561199593575222,35,2406,2406,good game,True,1789582095,0,2.5214699074074076
235413056,76561198023768786,915,1207,1208,"Preem game, chooms. 

Played this game mostly on GOG when it first came out and loved it so much.  I put around 200 hours on it.  I'm playing this for the first time since 2.0 dropped, and it's even better.  The modding scene is alive and very well over on Nexus, but I'm trying to wait to go modding until I get through it with Phantom Liberty.  I'm such an addict.",True,1789582081,1,2.5216319444444446
235412040,76561198013110518,536,9920,9998,"Genuinely one of the best games I've ever played. I was skeptical at first, but it's really up there with The Witcher 3 as one of the most memorable titles in this genre.

Now, I don't know how broken or buggy it was during its initial launch, but the Cyberpunk 2077 I played this year ended up being a breathtakingly immersive experience packed full of content that makes you wanna keep coming back for more, all set in a world that feels genuinely alive, right down to the most minute details; where even the optional side quests are well-crafted, offering intriguing and thought-provoking side-narratives filled with moral ambiguity in a dystopian world of ruthless megacorps and rampant body augmentation.

Combat is both fun and flashy, and once you unlock some perks and level up, the game leans heavily into providing an absolute power trip of an experience where you become this ultra-augmented beast of a merc who can take down entire armies on their own. Night City is also one of the most impressively detailed open worlds I've seen in a while; it feels great to just get lost on its bustling, neon-lit streets, completing gigs and side missions while always finding something new and exciting around the next corner. Aside from a few hiccups here and there, everything feels insanely believable, and the immersion is impeccable.

So yeah, if you want to play an excellent futuristic first-person action-RPG, this is the one to pick. And make sure to grab Phantom Liberty as well, as it adds a sizable new zone to explore in the form of Dogtown, along with several new side quests and a main storyline that I personally found to be better than the base game's. Also, don't wait until the endgame to start it; just jump in the moment it’s unlocked and finish it before returning to the main game's narrative. At least that's what I'd recommend.

It's often said that the mark of a great game is that you'll keep thinking about it even when you're not actively playing it, and I’d say Cyberpunk 2077 most definitely falls into that category. It ended up being one of the best gaming experiences I've had in a long while, and I seriously cannot recommend it enough.",True,1789581105,78,2.5329282407407407
235412039,76561198256691487,0,2957,2958,Best game in ages.,True,1789581104,1,2.532939814814815
235411353,76561199807461616,0,3266,3396,rahhhh,True,1789580415,130,2.540914351851852
235409590,76561199096190018,0,6466,6878,"Late to the review game here, but I have had a lot of fun. I do recommend this one.",True,1789578772,412,2.5599305555555554
235408702,76561198676852921,0,5084,5255,♥♥♥♥♥♥ good,True,1789577968,171,2.569236111111111
235408278,76561199701003186,0,296,296,favourite game OAT (i played on console dont look at my hours),True,1789577578,0,2.57375
235406478,76561199508021351,18,3184,3506,The best game ever made ecpessialy the Phantom Liberty final missions that are PEAK right now i haven't even played the whole game trough yet but this is the best 30€ i have ever spent.,True,1789575903,322,2.593136574074074
235405874,76561198882039674,106,13155,13543,"""I saw corps strip farmers of water... and eventually of land. Saw them transform Night City into a machine fueled by people's crushed spirits, broken dreams and emptied pockets. Corps've long controlled our lives, taken lots... and now they're after our souls! V, I've declared war not because capitalism's a thorn in my side or outta nostalgia for an America gone by. This war's a people's war against a system that's spiralled outta our control. It's a war against the f*ckin' forces of entropy, understand? Do whatever it takes to stop 'em, defeat 'em, gut 'em. If I gotta kill, I'll kill. If I need your body, I'll f*ckin' take it! F*ckin' hell ... You still don't see it. But you will one day.""

While each aspect of this game is phenomenal, for me the writing is where the game truly shines: character dialogue is intentional and impactful, and the voice actor's are all up to the task when it comes to conveying that emotional impact to the player. The plot is interesting and engaging, and the art, design, and atmosphere is the best in the genre, bar none. Mike Pondsmith's lore and worldbuilding is exquisitely rich and provides a unique and interesting interpretation of retrofuturism, and CDPR did a great job creating the perfect video game adaptation of that world. Player choices, both dialogue and actual actions, feel like they influence the outcome of storylines in a way that few games are able to accomplish. The score and sound design are also great and compliment the world perfectly. Despite the vast and detailed world, the performance is also fairly good, despite the issues at launch. I did encounter a handful of bugs during my time with the game, but nothing egregious and no more frequently than other AAA titles I've played recently. 

And despite the base game being absolutely excellent, CDPR totally outdid themselves with Phantom Liberty, which is the perfect compliment to what was already a great cyberpunk game. If you don't have or haven't tried the DLC, I cannot recommend it enough. It provides nearly as much content as the base game, and all of the content is even better than what was provided in the base game. It is seriously one of the best implementations of paid DLC in a single player game I've ever seen, the only game that I can think of that compares is Mass Effect 3. Please do yourself the favor and really play this game and it's DLC intentionally (GET OFF THAT DAMN PHONE).",True,1789575317,388,2.5999189814814816
235405590,76561198134203525,276,4496,5890,chooms and gonks<3,True,1789575070,1394,2.602777777777778
235405538,76561198920760839,310,320,802,"4 hours in after doing mission after mission, drove around and did some side bits vs enemies for about an hour, to then leave game, return and see my save file is only 41 Minutes!?!?!?! ♥♥♥♥ this game. Bugged as ♥♥♥♥ on release, bugged as ♥♥♥♥ years later. Gutted im out my refund period cos this ass would be straight back to them,.",False,1789575019,482,2.6033680555555554
235404608,76561198992875539,45,21953,23245,preem!,True,1789574172,1292,2.6131712962962963
235404121,76561199060989565,0,13138,13138,"★★★★★

if it wasn't for edgerunners, i wouldn't had bought this cinematic masterpiece of a video game. the story, the characters, and the soundtracks were so memorable to the point i ended up making two Vs for each lifepaths! (nomad & corpo) 

do i spend atleast 100 hours playing this? yes, i did.
will i recommend this to my friends? yeah but first, they gotta turn off the nudity.

and also kudos to projekt red for making this masterpiece! i will be looking forward to see what they have in store for cyberpunk: orion and edgerunners s2 !",True,1789573712,0,2.61849537037037
235403845,76561197991109068,66,3304,3560,"Absolutely love this game, it runs amazingly on my macbook pro M2.

The story is interesting and the world building is amazing for a sci fi fan like me. Characterization is great. 
Gunplay and action are tight, I'm on a max cool build (pistols and snipers). So I can't speak to other builds.

Only downsides I can think of are occasional confusions with the quest system and interface. But, really just buy this game if you are at all interested in it.",True,1789573431,256,2.621747685185185
235403032,76561198142383351,0,2083,3349,From day of launch the game was good but by Odin's beard the game is near a masterpiece.,True,1789572677,1266,2.630474537037037
235402612,76561199155784412,0,9840,9840,"One of the most fun experiences I've had playing any game in the recent years. Lemme just say I had a pretty unfortunate addiction to gacha games for the most of my gaming life. But cyberpunk 2077 ended up being the reason I was finally able to quit and delete those games. No bigger compliment than something that made me quit gambling lmao. The base game is already good but the dlc is absolute perfection. I would definitely recommend getting both, you won't regret it <3",True,1789572277,0,2.635104166666667
235402060,76561199333572241,0,1134,1472,"if you are new to this the starting feels a bit confusing but later it becomes really great expierience really good graphics and gameplay
",True,1789571743,338,2.641284722222222
235401794,76561199037093480,42,671,1391,fun,True,1789571489,720,2.644224537037037
235401316,76561198344821844,163,1289,1295,yes,True,1789571027,6,2.6495717592592594
235401186,76561199151950567,0,185,368,nice,True,1789570902,183,2.6510185185185184
235399864,76561198009222069,175,1121,1121,All my dawgs will like this game.  Trust me.  I'm an OG.  They call me Ol Woofy.,True,1789569617,0,2.665891203703704
235399779,76561199888456454,0,412,797,great,True,1789569543,385,2.666747685185185
235397455,76561198412991867,54,32713,32748,"This won't be a carefully put-together review, no. I feel like I closed a chapter with my last playthrough, and I just want to dump every single thought I had while playing this game.

First, I want to say that despite all the mean things I will mention, I really, really love this game. It is absolutely on another level. Not to mention the path it went through: from being an absolute atrocity at launch to becoming a fan-favorite gem. Cyberpunk 2077 is the only game I can play for 200+ hours and not get bored. On the contrary, 200+ hours just makes me want to play it more and NEVER meet Hanako at Embers. I feel like everything I went through on my journey made me close to V. Characters, story, jokes, interactions - all of it is so dear to me, and it makes Cyberpunk 2077 one of my favorite games ever.

Ok, sentiments aside, let's break it down:

I ABSOLUTELY LOVE V's voice. Both male and female. Gavin Drea and Cherami Leigh gave us a textbook example of great voice acting and immersion into a character. In most RPGs, your character feels like an avatar. But V is an actual person. Not only do you have three lifepaths that actually change V's attitude towards some things, but the character themselves has their own opinions and views on things - to mention one: V thinks the Mizutani Shion is a car for flash-posers. It is a small detail, but it just adds to the immersion that V is a real person. And there are A LOT of small details like that.

Cyberpunk 2077 is truly an open world. The game lets you explore up and down, far and wide. I adore games that let you get to places you were clearly not supposed to reach. In Cyberpunk, you can literally climb buildings with the right perks and cyberware. Damn, you can even climb Arasaka Tower if you want to. I did it in my last playthrough. Although it kinda feels like a side effect of rushed development - they just didn't have enough time to add invisible walls to prevent you from getting out of bounds, etc., because in Phantom Liberty there are a lot fewer places you can climb to and a lot more invisible walls. But what we have is pretty nice. I had a lot of fun just jumping around the city, wondering if it was possible to climb that next building.

Talking about the city... Night City is one of the most alive-feeling cities I've ever encountered in video games. In most games, NPCs just walk around and don't have any life to them. But if you take a slow stroll around Night City, you will feel its heart (a very dark one at that). Encounters, points of interest, the aftermath of deals gone wrong, weird and funny posters that you would never see if you sped by in a car. Simple citizens existing, lives turned into nightmares, people escaping reality through braindances and drugs, and MANY, MANY more things. All of that adds up to the aliveness of the in-game world.

No matter what localization you have, people will speak THEIR language and you will see subtitles. I absolutely love when games do that. I can't quite explain it, but it adds A TON to the immersion.

The music is BANGER after BANGER in this game. The original soundtrack is breathtaking, and some songs will stay with you forever. They will chip into your brain and never fade away from your memory. You're gonna really want to stay at your house just to listen to those god-tier tracks. Not only that, but the fact that CDPR hired a band and created SAMURAI is just nuts to me. Most developers prefer to stick to famous rappers and mainstream singers, so I'm very glad that a band like that got such a huge shoutout.

Very cool easter eggs in this game. Especially FF:06:B5. Iykyk. Mind-blowing, I would say. The finale of that one literally made me leave my house and go on a very long and very silent stroll, contemplating life. Thanks.

AMAZING mod compatibility. I was rocking my last playthrough with 355 mods, and the game worked perfectly. Very few unprovoked crashes and great stability. Huge props to CDPR and modders. Impeccable job.

Now, unfortunately, we move on to things that are not so bright and are sometimes straight-up bad. Well, nobody is perfect. Here I go:

The story is very short. Its quality and depth kinda make up for its length, but still, you know, I was expecting much more from the pacing. I thought Jackie would play a bigger part in the story. Instead of spending time developing his character and his bond with V, they turned it into a ""6 months montage."" Not only that, but they [spoiler] straight-up spoiled his death in the 2019 E3 trailer. I thought it was one of the POSSIBLE outcomes, but no. [/spoiler] The game is pretty linear. Most of your choices don't matter in the bigger picture. Consider them your role-playing options. Cool detail, but not what we were promised.

Even though Cyberpunk went through a lot of positive technical improvements, some things stayed the same and remained straight-up ignored:
Some animations look like they're from the '90s, sounds are out of sync, enemy behavior is weird, and some scenes have detailed sound design while others are completely silent even though there obviously should be sounds. Ok, the game is from 2020, most people were sitting at home and motion capture was unavailable. I get it.

Cyberpunk looks amazing without the interface, but unfortunately, it is not meant to be played that way. It's not optimized for it at all because you have no idea what you need to interact with or where to go.
There is also forced parking near certain characters. Like, I get it, it is there to prevent players from ramming into people, but come on, it is a role-playing game, so let me role-play and park on the side of the road.

Updates brought us romance hangouts. But even with mods, they are extremely boring and uninspired. No new dialogue options, they play out the same every time, and they don't feel interesting or intimate at all.

Lastly, I was expecting more from the in-game cyberware. There was a CGI trailer that included a chrome installation animation which, of course, is not present in the game. And also, the fact that some cyberware acts like simple perks - ""adds 10% mitigation chance"" - feels very underwhelming for a combat implant.

That's it. Once again, I want to say that it IS a great game. An amazing game. Top-tier. Despite everything. There are not enough words in human languages to fully describe how much I love it. If you haven't tried it for yourself yet, man, you are in for a treat.
",True,1789567121,35,2.6947800925925924
235397174,76561199223371162,0,4416,4855,"very fun game, i would recommend other's to play the game",True,1789566847,439,2.697951388888889
235396735,76561198042199126,0,2088,2406,Ever since the fxes this game has become so much better. From performance to quality of life. Get the DLC while everything is on sale and you'r gtg.,True,1789566352,318,2.7036805555555556
235396640,76561198951654216,65,10925,11009,"Fun game for those that enjoy the open world concept, and more causal gameplay. Having played this when it first came out, I can say it has improved exponentially with the patches.",True,1789566247,84,2.7048958333333335
235395579,76561198887558508,362,5615,6462,:),True,1789565068,847,2.718541666666667
235394494,76561197968594124,0,8174,8174,"Great game with a deep and moving story as well as multiple endings for both the main game and multiple endings for the DLC. Lots of options to specialize in for combat including guns, melee, throwing weapons, stealth, and hacking. Nearly all bugs have been fixed and it runs well on both PC and Steam Deck. Night City and the surrounding areas feel huge with lots of details and memorable aesthetics. Great voice acting especially by Keanu Reeves and Idris Elba. Overall after the 2.0 update and DLC this is highly recommended.",True,1789563803,0,2.73318287037037
235393804,76561199136855452,75,12344,12438,10/10 buck a slice chomba,True,1789562983,94,2.742673611111111
235393428,76561198355244884,0,4771,4774,"This review so solely based on recent updates, I used to be able to play this game however I do not know what the devs have done but this game is now completely unplayable to the point it crashes my PC or crashes whilst trying to load up, I have tried all online possibilities to resolve the issue to no joy.  If the devs read this sort your game out!",False,1789562545,3,2.7477430555555555
235392465,76561198751356717,0,667,771,so far it getting better. things are starting to pickup and im not stuck in constant dialogue. its getting more interesting,True,1789561379,104,2.7612384259259257
235391986,76561199817398732,0,5224,5286,🙌,True,1789560791,62,2.7680439814814815
235391737,76561198067214906,119,11086,12010,"I can play this game like DOOM 2016, or Dishonered, or neither and instead just make people kill themselves. Still not perfect, but it's pretty damn fun",True,1789560517,924,2.771215277777778
235390764,76561198131889537,0,3853,3855,,True,1789559314,2,2.785138888888889
235390542,76561199695843850,0,59,66,i like i recommend,True,1789559026,7,2.788472222222222
235390086,76561198748330578,0,3574,3632,awesome but SO many bugs dude,True,1789558437,58,2.795289351851852
235388434,76561198401269680,0,2023,2687,fun,True,1789556048,664,2.8229398148148146
235388066,76561199575217382,73,1345,1578,"I HAVE""NT EVEN PROGRESSED THROUGH THE STORY LIKE AT ALL BUT IT""S SO FUN! I GOT THIS SMG THAT JUST SHORTCIRCUITS EVERYBODY AND IT GOES PEW PEW AND REBECCA""S SHOTGUN KILLS ♥♥♥♥♥♥♥ EVERYTHING ITS SO GOOD!!!",True,1789555482,233,2.8294907407407406
235386400,76561198790933405,0,3084,3084,Very cool,True,1789552817,0,2.860335648148148
235385595,76561199242429881,0,7243,7243,"peak game, peak dlc",True,1789551521,0,2.8753356481481482
235385178,76561197989042781,0,2229,2677,"The best depiction of cyberpunk bar to the original table top.
A modern classic.",True,1789550812,448,2.8835416666666664
235385042,76561198977333276,35,7042,8008,"great game, easy to get lost in.",True,1789550579,966,2.8862384259259257
235384338,76561198880292975,0,28221,28221,Cell phones make hackable humans.,True,1789549437,0,2.8994560185185185
235383261,76561198005075390,125,1532,2153,"
As a fan of medieval rpgs I just couldn’t get over this whole techno, colorful cyberpunk world… until I found the time to actually sink in and let the magic happen. It required me 4 attempts over 2 years since I bought it, but once I got hooked, everything started to come clear. The freedom of choice, character build, exploration and well composed scenario of where humanity may end up one day. It’s less sci-fi than one could think. I’m so happy I gave it a chance, It is a masterpiece.",True,1789547649,621,2.920150462962963
235382965,76561199096949187,0,10899,11633,"good game fr, very interesting & sh, I recommend this instead of buying another ronny2k game",True,1789547093,734,2.9265856481481483
235382856,76561199037765155,0,8366,8366,Best game ever,True,1789546910,0,2.928703703703704
235381113,76561199126694498,21,293,1083,Great gameplay and amazing story,True,1789543777,790,2.964965277777778
235380881,76561197998348859,0,5435,5435,Best game I've played. Definitely get Phantom Liberty.,True,1789543334,0,2.9700925925925925
235379540,76561199036262309,127,1318,1375,SO WHAT DO YOU WANNA DO WHATS YOUR POINT OF VIEW I DONT WANNA KNO-OW CUZ I REALLY WANNA STAY AT YOUR HOOOOOUUUUUUUSEEEE,True,1789540933,57,2.9978819444444444
235376077,76561198344114969,0,3270,3270,Banger,True,1789535071,0,3.065729166666667
235374904,76561198705750930,0,7386,7386,Let's go to the moon together,True,1789533142,0,3.0880555555555556
235374408,76561199645121534,0,1237,1268,The story line is a lot of fun! Be sure to skip the tutorial and leave hints on. I remember the tutorial was dreadful when I tried to play this a couple years ago.,True,1789532334,31,3.0974074074074074
235373782,76561198048300522,0,1532,1609,"it has come a long way since its glitchy release but it is now rad
",True,1789531277,77,3.1096412037037036
235372679,76561198000739952,0,40856,40856,"I love this game, but I admit that it's a vibe thing. If you enjoy the world and power fantasy of cyberpunk it may actually be one of your favorite games. If you are looking for a high quality, polished, and masterful piece of software then you might be disappointed. I've recommended this game to all of my friends and each one of them gave up very quickly or would only play it if it ever received a significant update (and discount.) If you can enjoy a game for what it is then give it a try.

The main story and most side quests have very cerebral and thought provoking themes that lay underneath the surface and once you are immersed in the world a lot of the characters will begin to grow on you. Some quests are very heavy on their themes as well, which I enjoy. You'll quickly find your favorite and most hated NPC and you will want to see their stories (or death) to the end. I'm talking about you Placide! Would betray again 10/10

Combat is so much fun to play around with and coming up with character themes is the best part. Cyber ninja, punk hacker, cyberpsycho tank, stealthy secret agent - all of that is possible in your mind since the game won't acknowledge your lifepath choice.

The mods also help this game if you are into that stuff. They're easy to install for the most part and there are tons. There are also mod packs if you want to jump into a ""new"" experience. 

Outside of all that and the music; however, there isn't much else to love. Don't expect much in the way of deep RPG elements or enthralling gameplay mechanics; You kind of make the fun up as you go along. This game is a vibe and the story/combat more than make up for it's massive downsides for me.

600+ hrs in and I enjoyed every second of it. Despite it's wasted potential, underneath there is a lot of fun to be had. It's a turd, but someone of us like to eat sh!t I guess.",True,1789529627,0,3.128738425925926
235371513,76561199107968165,52,3857,5038,KILL KILL KILL!!!!,True,1789527905,1181,3.1486689814814817
235370829,76561198336427028,0,2997,2997,getting better with each update,True,1789526867,0,3.1606828703703704
235370615,76561199753099493,0,5927,6111,fun,True,1789526595,184,3.1638310185185183
235369513,76561198663009767,2,5058,6432,woow,True,1789524992,1374,3.1823842592592593
235368339,76561198117544809,289,4522,4522,"After years of owning this game, going through the entire story once when it came out and hoping it would get better over the years, all I can say is I'm disappointed. After installing the game again to try and play it without the bugs, it suddenly just bugged out and now my save file is corrupted. After years of this game getting updates, it still craps out with the smallest bug. Whatever this game could've been is dwarfed by it's how horribly it runs. Gave this game two chances which I don't normally do, and got disappointed both times.",False,1789523219,0,3.2029050925925926
235367310,76561199085089598,45,6813,7229,"fun game but it feels like a lot of the tasks are bugged. doesnt register when a task is completed and have to load an old save wasting hours.. then a task doesnt load probably or drop the item its supposed to and have to load an old save.. half the ""auto"" abilities such as auto heal @ 50% HP if health item is available is hit or miss.. sometimes the abilities work.. sometimes they dont lol. good graphics though thats about the only reason i play.",True,1789521741,416,3.220011574074074
235364988,76561199091793570,146,6739,8524,is good,True,1789518248,1785,3.2604398148148146
235364874,76561199403433611,0,3793,4892,peak.,True,1789518079,1099,3.262395833333333
235363935,76561198748982207,1,11437,11463,one of the most complete game i ever played,True,1789516788,26,3.277337962962963
235363254,76561199588603386,0,2237,2393,"amazing game, so much to do, amazing story line, and one of the most family friendly games ive ever played!!!",True,1789515794,156,3.2888425925925926
235363013,76561198156899987,146,12392,12392,Everyday this games seems to be more and more like a look into our future... I wish I was a lesbian woman smh,True,1789515465,0,3.292650462962963
235362590,76561199044786419,0,287,753,Good game,True,1789514820,466,3.3001157407407407
235361568,76561198423406479,129,5312,5495,"Play this game if you HATE happy endings, long lasting friendships, and A WAY OUT OF SYSTEMATIC OPPRESSION!!!!!!!!!!!!!!!!!!",True,1789513358,183,3.317037037037037
235361168,76561198002693411,0,2127,2367,"CAN BE FRUSTERASTING AT TIMES, BUT OVERALL GOOD GAME",True,1789512809,240,3.3233912037037037
235361092,76561199090999731,44,5350,5648,Yes,True,1789512680,298,3.3248842592592593
235360375,76561198724569560,0,8503,8503,grr cops.,True,1789511654,0,3.336759259259259
235359974,76561199520560490,0,6616,7614,"Greatest Game Of All Time
Story: 9.1
Gameplay: 10
Free World: 10
DLC: 10
Potential: 10
Characters: 9
Fights: 9
Creativity: 10
Endings: 9.6

I played RDR2 too, RDR2 has a better story, and ONLY THAT.
I'll play Elden Ring when it gets to a better price and i'm planning to play Expedition one day.
But as this message is being written, Cyberpunk 2077 is the best thing that humanity has ever made in this century, in pair with the creation of the internet, Prime Minecraft and Prime Fortnite.

Cyberpunk for me is what i'd call a sublime experience.

What is the Sublime? In philosophy and aesthetics, the sublime is the quality of a physical, moral, or intellectual greatness so vast or powerful that it transcends our capacity for measurement or comprehension, provoking a mixture of astonishment, awe, and admiration. So in resume: Cyberpunk 2077.

Good morning, Night City!",True,1789511168,998,3.3423842592592594
235359238,76561199292901820,60,386,515,5060,True,1789509458,129,3.362175925925926
235358848,76561199771085932,0,8165,8181,"Johnny told me to kill myself, then i gave him my body. 10/10",True,1789508976,16,3.3677546296296295
235357913,76561198208493065,157,1550,2226,Good Game,True,1789507835,676,3.380960648148148
235357700,76561199092953558,0,8764,8764,one of the best games ever made so f good. just sad that there is no more to do i want to play this much more,True,1789507586,0,3.383842592592593
235356814,76561199223856323,0,5178,6177,10/10 game gta no where near this,True,1789506528,999,3.396087962962963
235356625,76561198119013402,318,17387,17387,"The game is still not even close to ""fixed"", but at least it's playable, the story is nice enough to make you keep playing. My gripe with it is that out of 300 hours it took me to 100% the game, the main story is like 10 hours tops, the rest are side quests and collectaphons most of which can't even provide flavor text interesting enough to read to the end. 

All the different life intros and different endings are nice, choices somewhat matter a little bit, some decisions you make can be reflected in the side quests and even a couple of main quests later, but the main story is mostly a self contained movie where you just pick the ending. 

The DLC storyline is fine, although in the beginning it feels like a rail shooter, it actually develops into branching paths and interesting quests later on. 

It's a good game to get on discount or even full price if you're not pressed for cash, but don't expect an RPG/sandbox masterpiece, it's just a solid action game with a bit of replay value. The world isn't as alive and interactive as you'd want from a truly replayable game. Most things in it are just props that clog up your inventory and the interactivity is limited beyond slamming drinks at a bar, watching TV and two prostitutes in the red light district. 

The music is kinda nice too, I guess. Also be prepared to experience immersion breaking stuff like talking corpses, floating props that detach from characters hands and even multiply for some reason, invisible cars running you over, characters clipping into surroundings, objects exploding garry's mod style after breathing on them wrong, twin NPC's with different last names, that sort of stuff.

Ah, also the game is incredibly easy, I played on hard and I was basically invincible, being able to 1-2 shot most enemies with ease. Play on very hard and maybe get some kind of ♥♥♥♥ and ball torture mod to make this game an actual challenge. The only challenge in the vanilla is the crap vehicle physics

TL/DR: Recommend, but tame your expectations. It's still sort of a mess with an enticing setting, nothing more.",True,1789506321,0,3.398483796296296
235355541,76561199862919642,0,767,1119,"i have played only for 12 hours, but im amazed, this game is nearly perfect by the story for me AND the visuals of the city. definetely worth buying, maybe even with dlc it adds up like 30 more hours of gameplay.",True,1789505130,352,3.4122685185185184
235355009,76561199562581051,0,374,374,its a good game,True,1789504538,0,3.4191203703703703
235354869,76561199719565413,0,6946,7494,great game,True,1789504378,548,3.4209722222222223
235354617,76561198348106877,71,5904,5912,Pretty solid game.,True,1789504123,8,3.4239236111111113
235353212,76561198949907311,0,5466,5557,"Although there can be some glitches its a fun game :)
",True,1789502636,91,3.4411342592592593
235352752,76561198157258929,286,1626,2837,10/10 would run netrunner again,True,1789502139,1211,3.446886574074074
235352595,76561197993317993,0,514,742,As usual with CDPR the storytelling is amazing.  After all the initial issues the game had I returned to it years later and I am glad I did. The game ran flawlessly and the new content is great.  Their are some great side missions that actually feel like content and not just added fluff to the game.  I would most recommend this game to any RPG player that has enjoyed CDPR games in the past and also anyone new to RPGs that just want to enjoy a solid game!,True,1789501981,228,3.4487152777777776
235352170,76561198285336862,191,6427,7292,cool,True,1789501546,865,3.45375
235351291,76561198201953786,94,2813,2861,Pretty good,True,1789500702,48,3.4635185185185184
235351290,76561199627447888,0,8359,9231,good,True,1789500701,872,3.4635300925925927
235350417,76561199497806036,0,5006,5854,10/10,True,1789499830,848,3.473611111111111
235347654,76561198071405045,0,4312,4312,"I had lot's of fun playing this game, the story is very in depth and you'll find yourself getting hooked on all the little side quests along the way.",True,1789497142,0,3.504722222222222
235347488,76561198078896732,0,4163,4565,Preem,True,1789496988,402,3.50650462962963
235346964,76561198840519898,60,3255,3255,very good,True,1789496442,0,3.512824074074074
235346696,76561198831769788,130,3458,3458,"Like pretty much everyone, I do use mods for this game. Being able to access new areas, like new apartments and the Metro, are pretty awesome. The game does crash quite a bit for me, but that's really the only frustrating thing about it. Other than this one issue, I absolutely adore this game. The story is good, the characters are likeable, the city looks great.",True,1789496184,0,3.515810185185185
235345778,76561198932857679,68,1831,1907,Cybernut,True,1789495324,76,3.5257638888888887
235345046,76561198810219950,26,1409,1551,mast,True,1789494631,142,3.5337847222222223
235344816,76561198806422608,0,3217,3217,"He found me crying, he crew too, we both crode..........",True,1789494393,0,3.536539351851852
235344663,76561198013513773,327,1171,2020,"This game is packed with detail, one hell of an immersive beautiful experience. ",True,1789494245,849,3.5382523148148146
235344168,76561197979276840,0,7314,8001,"Base Cyberpunk 2077 is already a solid game unmatched in its genre, but you put a few mods on it (i got like 100tbh) and the game is godlike.

Real life city simulator in most extreme graphics. Path tracing + DLLS 5 it's making it lifelike.

Insane...",True,1789493796,687,3.5434490740740743
235343384,76561197993251926,85,1328,1485,so..,True,1789493059,157,3.5519791666666665
235342544,76561197976451982,435,6830,6830,"🇩🇪 Deutsch

Seit Day 1 dabei. Über 113 Stunden später gehört Night City für mich immer noch zu den beeindruckendsten Spielwelten überhaupt.

Ich hatte selbst zum Release erstaunlich wenige Probleme. Der einzige wirklich game-breaking Bug war bei mir eine damals nicht lösbare Delamain-Quest, die aber recht schnell gefixt wurde. Meine persönliche Day-1-Erfahrung war also deutlich besser als der allgemeine Ruf des Spiels.

Was Cyberpunk für mich besonders macht, sind Setting, Story und Charaktere. Night City ist wunderschön, dreckig, überladen und gleichzeitig erschreckend glaubwürdig. Johnny, Jackie, Judy, Panam und Co. fühlen sich nicht wie Questmarker an, sondern wie echte Charaktere, an die man sich erinnert.

Auch technisch genieße ich das Spiel bis heute. Auf meinem Rig mit RTX 4090 sieht Cyberpunk in 4K, mit hohen bis maximalen Details, Raytracing und DLSS einfach fantastisch aus.

Inzwischen spiele ich hauptsächlich unter CachyOS/Linux, wo Cyberpunk auf meinem System sogar spürbar besser läuft als unter Windows 11.

Dazu kommt CDPR-typisch die sehr gute Modding-Unterstützung, die dem Spiel auf dem PC noch einmal enorm viel Langzeitwert gibt.

Seit Day 1 gespielt und bis heute begeistert. Großartiges Worldbuilding, starke Story, fantastische Charaktere und technisch mit entsprechender Hardware immer noch ein Brett.

Absolute Empfehlung. 👍

🇬🇧 English

Playing since day one. More than 113 hours later, Night City is still one of the most impressive game worlds I’ve experienced.

Even at launch, I personally had surprisingly few serious issues. The only truly game-breaking bug I encountered was an impossible-to-complete Delamain quest, which was fixed fairly quickly. My own day-one experience was therefore much better than the game’s reputation at the time.

What makes Cyberpunk special to me is the combination of setting, story and characters. Night City is beautiful, dirty, overwhelming and somehow disturbingly believable. Johnny, Jackie, Judy, Panam and the others feel like actual characters rather than quest markers.

I still enjoy the technical side of the game too. On my rig with an RTX 4090, Cyberpunk at 4K with high to maximum settings, ray tracing and DLSS still looks absolutely gorgeous.

These days I mainly play on CachyOS/Linux, where Cyberpunk actually performs noticeably better on my system than under Windows 11.

And, in typical CDPR fashion, the game is also highly mod-friendly, which adds a huge amount of longevity on PC.

Playing since day one and still enjoying it today. Outstanding worldbuilding, great story, fantastic characters and, with the right hardware, still an incredible technical showcase.

Absolutely recommended. 👍",True,1789492229,0,3.561585648148148
235342405,76561199754542716,0,1591,2821,choom,True,1789492103,1230,3.5630439814814814
235342117,76561198053569898,0,4775,7341,"The Game is fun even more fun with Mods. Totally worth picking up, the game has a Great Hellish City to Explore.",True,1789491817,2566,3.5663541666666667
235339606,76561199844291518,37,2758,2758, I've never had more fun in a game except for MX V.S ATV untamed,True,1789489518,0,3.592962962962963
235338992,76561199088806713,58,1141,1200,"Keeps you tapped in....looks beautiful, might find some bugs here and there.",True,1789488948,59,3.5995601851851853
235338859,76561198068964352,363,10948,10948,"absolute banger since all the updates, love to get lost in the atmosphere and just listen to the radio while driving or even just walking around and taking in the city is great, cant say that about any other game with a city that comes to mind! 

heres hoping we get a sequel at some point, with a less rushed release.",True,1789488818,0,3.6010648148148148
235338671,76561199097125759,0,35478,35478,"From a broken mess in 2020, to one of the greatest DLCs ever in 2023, to the jewel of a game it its now, Cyberpunk 2077 has had a rocky road but is now one of the finest video games I've ever played. The most important character in the game is Night City itself, a sprawling, intricately detailed and superbly realised virtual city with its neon and chrome, smoke and shadows, towering corporate skyscrapers and  rubbish-strewn alleys. Three tips: Play on Hard difficulty, don't betray Reed, and take your time. Because Night City will swallow you whole, chew you up and spit you out, and you'll love every single minute.",True,1789488632,0,3.6032175925925927
235338509,76561198150793227,138,6701,6922,When some gonk tries to mug you so you lowk send his a to the Ninth Circle of Cyberhell,True,1789488488,221,3.604884259259259
235338314,76561199144783382,14,17925,17942,"I completed it 4 times and then bought this game on my birthday because I just wanted to give my money to the devs for making this level of masterpiece. I did not even buy myself clothes on my birthday (Thrid world problems), I just wanted to give my money to CD Projeckt RED for letting me experience something that I have never experience before.",True,1789488293,17,3.6071412037037036
235335649,76561199165158814,0,4041,4041,6,True,1789485253,0,3.642326388888889
235334872,76561198060110179,0,550,740,dope,True,1789484496,190,3.651087962962963
235334852,76561199438624702,61,4472,5283,just play it,True,1789484473,811,3.6513541666666667
235332729,76561198743143405,1,1021,1598,peak adam scmasher,True,1789482365,577,3.675752314814815
235332317,76561199060420269,0,14820,15480,"One of the most impressive games ever created.  Yeah, it had a rough launch, it's been fixed and it deserves all the respect for creating an immersive, story driven open world masterpiece.",True,1789481956,660,3.680486111111111
235332178,76561198364796507,0,1828,3275,It's like GTA but cyber B),True,1789481817,1447,3.682094907407407
235331194,76561199445176641,98,9488,9488,"♥♥♥♥ Arasaka
",True,1789480867,0,3.693090277777778
235330168,76561199151941911,70,7453,7722,"very good DO NOT GO INTO BASALISK
",True,1789479871,269,3.7046180555555557
235330010,76561198085417632,59,3991,4317,"I had to give Cyberpunk 2077 a second shake.

The first time I played it, I genuinely thought it just wasn't my kind of game. I wasn't invested, the story wasn't grabbing me, and I actually fell asleep during the unskippable diner scene with Goro Takemura. After that, I couldn't really bring myself to keep playing.

Eventually, though, I came back. I figured the game deserved a fair chance, and I'm genuinely glad I gave it one.

Cyberpunk 2077 is amazing.

It still has its quirks from time to time. I've had quests bug out, the vehicle autodrive decide it has absolutely no idea where it's going, and occasionally my car just refuses to be summoned. But those are complaints I'm sure players have been hearing in one form or another since the game released.

What really won me over was the freedom. I love the build crafting and how differently you can approach combat. I love being able to explore Night City, wander off somewhere completely unrelated to the main story, and just do my own thing. Most importantly, I enjoy being given choices that actually feel like they belong in this world. There isn't always one obvious ""right"" answer, and there shouldn't be.

Night City is a place where almost nothing can be trusted, everyone seems to have an angle, and sometimes you're choosing between bad, worse, and whatever lets you sleep at night. Do what you think is right. Or don't. I'm not judging. It's your playthrough.

That's also what I've come to appreciate about V. V can be whoever you want them to be. You decide how they look, how they fight, what they believe, who they trust, who they love, who they help, and who they absolutely ruin.

My first impression of Cyberpunk 2077 was completely wrong. I thought it was slow, uninteresting, and simply wasn't for me. Turns out I just hadn't given Night City enough time to sink its claws into me. It deserved that second chance. And now I'm hooked.
",True,1789479721,326,3.706354166666667
235329318,76561198711495042,0,4407,4582,goood,True,1789478927,175,3.7155439814814817
235329085,76561199079557864,63,2836,3277,Nova,True,1789478651,441,3.7187384259259257
235329076,76561199405699558,0,197,953,"Cyberpunk 2077 resembles a vast, futuristic Las Vegas. You come here and have a hell of a week, but then you wake up one morning feeling jaded and complicit, and you realise that the glitzy signs lead nowhere, the noise is meaningless, and when you look beyond the strip, there is only desert.",True,1789478635,756,3.7189236111111112
235328672,76561198453077211,0,208,208,NICE CYBERCITY NIGHT LIFE,True,1789478207,0,3.723877314814815
235328424,76561198855074137,0,5058,5058,"""I really want to stay at your house""",True,1789477900,0,3.7274305555555554
235327692,76561198418194941,0,6887,6887,absolute cinema,True,1789477074,0,3.736990740740741
235327629,76561199008030537,27,367,367,Heh lets jsut cuber piun,True,1789476974,0,3.738148148148148
235327042,76561199641344033,0,1615,1709,.,True,1789476231,94,3.746747685185185
235326099,76561199284335329,67,4964,5631,"Okay
Ill tell you why i want to destroy Arasaka
But ill only tell you once
Wanna hear it?

I saw I saw corps strip farmers of water ... and eventually of land. Saw them transform Night City into a machine fueled by people's crushed spirits, broken dreams and emptied pockets. Corps've long controlled our lives, taken lots... and now they're after our souls! V, I've declared war not because capitalism's a thorn in my side or outta nostalgia for an America gone by. This war's a people's war against a system that's spiralled outta our control. It's a war against the ♥♥♥♥♥♥' forces of entropy, understand? Do whatever it takes to stop 'em, defeat 'em, gut 'em. If I gotta kill, I'll kill. If I need your body, I'll ♥♥♥♥♥♥' take it! ♥♥♥♥♥♥' hell ... You still don't see it. But you will one day",True,1789475067,667,3.760219907407407
235325907,76561199261437307,48,4350,4427,peak ass game cuz,True,1789474814,77,3.763148148148148
235324025,76561198001158997,0,5675,5675,"Wow, what a great game.

I'm so glad I held off playing it until the last patch was applied. Game looked and ran great on my rig. 

Story was really good, RPG elements are fun and the graphics are amazing. A solid experience.",True,1789472336,0,3.7918287037037035
235323596,76561198829954054,143,7371,7371,"Manila, Philippines (2077)",True,1789471750,0,3.798611111111111
235323084,76561197990572154,0,61656,61656,One of the most replayable games for me.,True,1789471058,0,3.8066203703703705
235322831,76561198220380576,0,577,1579,"Great Graphic, Great Storyline, This Game is Lit! 10/10 from me!",True,1789470703,1002,3.8107291666666665
235322318,76561199667219657,0,323,1783,Kablaw Kaboom,True,1789469947,1460,3.8194791666666665
235321310,76561199172240460,0,1790,1837,add cyberunc2077 into the game bro please 🥺🙏,True,1789468378,47,3.837638888888889
235320572,76561198945418281,87,14239,14566,Peak RPG experience,True,1789467238,327,3.8508333333333336
235318888,76561198063130023,0,1361,1361,"For a game that has as much positive press and reviews as this one has, the experience just fell completely flat for my taste...

Sure the game is a technical marvel (after all of its patches) with an expansive map and a bunch of activities to do, but the story was just flat out ♥♥♥♥♥♥♥ and did not entice me to ""Become a Night City Legend"" or even stay to explore the city, build up my character, etc... I was unable to be immersed by the game at all, and while some of the supporting characters were somewhat likeable, most of them are just annoying. 

Additionally, the mid/bad voice acting, the clunky mechanics for combat, driving, movement, etc just were not at all what I was expecting based on reviews of this game from others and clips online. Around the halfway point of my playthrough I just decided to take out any non-mandatory tech/cyberware upgrades I had done to myself, although I kept the skill tree upgrades. I was so upset by how disappointed I was at this game, that I didn't even want to try and build up my character to be a cybernetic slayer after a certain point, and just played as a near baseline human V.

I really did come in with an open mind, and wanted to like the game. I also had a bias that I thought I would really love it since I love open world games. But other than looking pretty visually and having a huge map, the campaign and storyline were just so intolerable for me, that for the main game I just picked the quickest ending (which has a very fitting name by the way) and also for Phantom Liberty I technically got to the quickest ending possible just out of spite (if you know, you know)

Overall, the game was breathtakingly BAD for something with this much hype behind it. Genuinely, my favorite mission and the only satisfying one to me was meeting Hanako at Embers...",False,1789464373,0,3.8839930555555555
235318252,76561198103910211,235,18651,18651,"So glad I didn't play it right away in 2020, but waited 3 years for it. 
Combat is awesome, driving around town is fun, but what really sells this game is just the atmosphere that the world creates. It feels full and real and dangerous yet fascinating.",True,1789463299,0,3.896423611111111
235318080,76561198245300176,68,16018,16018,Superb,True,1789463019,0,3.8996643518518517
235317919,76561199602605657,18,6815,6817,p,True,1789462719,2,3.903136574074074
235316130,76561198440777578,215,4766,4766,"Great game, I know it had it problems at launch but they seem to figured out most of the game breaking bugs.",True,1789459434,0,3.9411574074074074
235314988,76561199800181545,102,11999,11999,W,True,1789457207,0,3.9669328703703703
235314912,76561198012769387,293,3209,3209,A beautiful game. I am still half way through but this game offers one of the most believable and engaging open world I have ever seen. I am having a blast.,True,1789457077,0,3.9684375
235313534,76561199568673730,0,10998,11708,10/10,True,1789454279,710,4.000821759259259
235313115,76561198398605932,0,7676,8283,One of the best ones out there,True,1789453454,607,4.010370370370371
235312360,76561199402082320,111,15600,15778,ðe best game evah,True,1789451904,178,4.028310185185185
235311936,76561198439721969,29,7968,7998,"sex drugs guns was my original review but holy ♥♥♥♥.. i couldnt stop balling my eyes out at the end (also from, jackie) cant wait to see what they do with cyberpunk project orion. i hope its everythign cyberpunk already is plus a billion.",True,1789451080,30,4.037847222222222
235311788,76561199074742269,108,4235,4281,"Genuinely a really enjoyable game to play, no matter how many time you replay. There's just  so much content it's insane!",True,1789450812,46,4.040949074074074
235311112,76561198866662984,29,5696,5704,ts fire,True,1789449418,8,4.057083333333333
235309604,76561199094563788,150,14382,14950,I haven't even beaten the main story...,True,1789446609,568,4.089594907407408
235307641,76561199527172042,0,5135,5500,chesseburger?,True,1789443300,365,4.127893518518518
235307550,76561198015115547,368,9239,9239,"This game has a lot of good things going for it.

Unfortualy I just didn't like the main story once you get out of the proloug.",False,1789443141,0,4.129733796296296
235307173,76561198866765995,192,9192,9192,Probably one of the best games ever.,True,1789442503,0,4.137118055555556
235306942,76561198004702003,0,3750,3760,"Still the best game graphically, for story, and voice actors.",True,1789442099,10,4.141793981481482
235306775,76561198089389004,0,7556,8154,good game,True,1789441838,598,4.144814814814815
235306427,76561199085917432,188,5936,5936,ponpon ♥♥♥♥ choombatta,True,1789441267,0,4.151423611111111
235306234,76561199104227300,12,3980,3980,V stepped into the crowd.,True,1789440904,0,4.155625
235305983,76561199257349971,0,2529,2629,should've had longer story than that. broke my heart when it ended!,True,1789440482,100,4.16050925925926
235305712,76561199409348111,91,6797,8285,best game oat. better than gta 5. was easily running 120 fps in max graphics,True,1789440019,1488,4.165868055555555
235305101,76561198957471441,0,15098,15643,one of the best games ive ever played,True,1789439071,545,4.176840277777778
235304696,76561199549220184,0,4032,4459,"Absolute cinema.

Just finished the game and all I can say is that you have to experience it for yourself. Because not only is the story great, the gameplay is above and beyond too. The only complaint I could have is that it was too easy since by the end I could just headshot anyone, but I could have just as well turned the difficulty up. If your PC can handle it, play it.",True,1789438438,427,4.184166666666667
235304287,76561199132150419,0,7900,8226,Awesome. Like a scifi GTA with better fighting,True,1789437817,326,4.191354166666667
235304125,76561199653809476,42,4187,4268,"Amazing game, just so well done, so glad that CD Projekt Red committed to making it better than when it launched",True,1789437553,81,4.194409722222222
235303536,76561199163261722,119,2792,3583,I regret meeting Hanako at embers...,True,1789436637,791,4.205011574074074
235302070,76561198670356677,0,2070,2102,the peak of single player open world games,True,1789434311,32,4.23193287037037
235301872,76561199129380206,0,4495,4836,based,True,1789434008,341,4.235439814814815
235301141,76561199228195230,275,4094,4094,wake the ♥♥♥♥ up samurai,True,1789432949,0,4.247696759259259
235300650,76561198171526626,0,6350,6350,great. 9/10,True,1789432268,0,4.255578703703704
235300601,76561199408073033,0,556,556,I couldn't get into it.  theres a huge lack of direction.   neat concept.,True,1789432208,0,4.256273148148148
235299101,76561198243318802,25,3084,3084,Wild Visuals assuming you can run it,True,1789430130,0,4.280324074074074
235297561,76561199178548591,0,3356,3370,i felt like it was yes =-=,True,1789427981,14,4.3051967592592595
235296716,76561199750137293,0,1305,1472,"Game's so peak, felt like an extension of me",True,1789426831,167,4.318506944444445
235296560,76561199230163558,74,7276,8071,"lots of fun
",True,1789426633,795,4.320798611111111
235296188,76561198018816903,408,33919,33919,Became one of my favorite Games of all time.,True,1789426162,0,4.32625
235295406,76561198745868179,0,1041,1143,ts good,True,1789425141,102,4.338067129629629
235294194,76561199469102930,0,1736,1796,this game will touch your soul,True,1789423568,60,4.356273148148148
235292982,76561199541009269,444,4199,4199,Perfect,True,1789422087,0,4.373414351851852
235292458,76561198762226869,9,2674,2882,pretty awesome,True,1789421466,208,4.380601851851852
235292162,76561198073201935,349,7138,7790,"It was awful on release, but okay now",True,1789421077,652,4.385104166666666
235291472,76561199071263824,10,8640,9540,Amazing Game,True,1789420303,900,4.3940625
235290147,76561198031647328,0,6801,6801,"I played CP2077 at launch, but I wasn't really sold on the mechanics, especially the skill trees.

Years later, I gave it another shot with update 2.0 and the Phantom Liberty DLC. And I definitely wasn't disappointed! They brought a whole new level of depth to the game.

The writing is brilliant, the gameplay rich and varied, and the soundtrack incredible. Adding the songs from Cyberpunk: Edgerunners into the game truly elevated the entire experience.

Even though the main story is relatively short (~30h), it practically begs to be replayed through different characters, builds, choices, and above all, incredible endings that will leave a lasting mark on your gaming journey.",True,1789418810,0,4.411342592592592
235289730,76561199031947362,0,2586,2771,Ts peak no further comments,True,1789418371,185,4.416423611111111
235289599,76561198907005882,141,3790,4720,"very good game, very alive, aswell as a the graphics are good for a game this old (2020 late winter) released",True,1789418229,930,4.418067129629629
235288475,76561199439596166,142,16847,16847,"I remember this game at first day launch, it was disaster and unplayable. But after years of updates, this game became one of the best games that I've ever played. There are a lot of things to do that you won't get bored to this game. It is even better if you install some mods to enhance the gameplay and visuals. I really enjoyed this game especially with the new DLC, it was good that I did twice of walkthrough on this game. More dialogues to choose that impacts the story which it's immersive experience. Currently waiting for the sequel, you won't regret if you buy this game, better if DLC is included :D",True,1789417057,0,4.431631944444445
235287888,76561198718636413,0,3051,3051,I get it now,True,1789416498,0,4.438101851851852
235287797,76561198311632674,227,1446,1446,"Good game, but PC is a headache, I have a powerful pc, the game seem to work fine, now it does the know bug, the black screen, while hud and everything else still is visible, it happens all the time about 5 minutes playing, ive tried all the fixes and nothing works, uninstalled the game, reinstalled it, reset pc, everything, so the game basically dosent work and was a wast of money.",False,1789416390,0,4.4393518518518515
235287250,76561199068429873,0,6517,6517,Meet Hanako at Ambers,True,1789415809,0,4.446076388888889
235287188,76561198799705516,0,9753,9759,Great story with fun gameplay and amazing visuals. Truly worth playing.,True,1789415732,6,4.446967592592593
235286728,76561199135412918,217,7920,7920,"Edit





Cyberpunk 2077 is easily one of the best games I’ve ever played, and probably the greatest open world I’ve ever experienced.
Night City is absolutely insane. The graphics are gorgeous, the atmosphere is unmatched, and I genuinely loved just existing in this world. Driving around the city, exploring side streets, stumbling into gigs and random stories—it’s one of those rare games where the world itself is a huge part of why I kept wanting to come back.
The story is fantastic, the characters are memorable, and the combat and different builds give you so many ways to play. Then Phantom Liberty somehow takes an already incredible game and makes it even better. The DLC is phenomenal.
I know Cyberpunk had a rough launch, but the game it became is something special. After finishing it, I didn't just feel like I'd beaten a game—I felt like I was leaving a place I'd actually spent time in.
10/10. I absolutely loved being part of this world. Night City is going to stick with me for a long time.",True,1789415278,0,4.452222222222222
235284499,76561199166110124,35,2378,2438,1000%,True,1789413053,60,4.477974537037037
235283964,76561199275869920,0,1459,1856,"Absolutely unfair game, with all the bugs that CDPR is familiar to from the Witcher.",False,1789412520,397,4.484143518518518
235283208,76561198059446747,0,13035,13815,I've been playing this wonderful video game for the last few years. Cyberpunk is still ahead of it's time!,True,1789411783,780,4.492673611111111
235283163,76561199122115312,0,12908,13113,"I don't normally like open world games but Cyberpunk has definitely been the BEST of the genre of it. Before playing this game I initially didn't care much about sci-fi, futuristic, or cyber stuff in general but playing through the game changed that.

The gameplay is so fun and flashy giving you variety if you wanted to go an unga bunga build like I did where you are walking tank shotgunning or punching people down with a body build, or playing a stealthy ninja build using blades and throwing knives, or you want to play as a magic hacker who can tell enemies to kill themselves, OR if you really want to challenge yourself; go as a lone gunslinger with no chrome at all. There's endless potential for replayability in builds and gameplay.

The story and character themselves are good for the most part and their voice acting is great I recognize a few of them such as Judy's.

TL;DR one of the best games I've played I'd get it especially if it's on sale.

EDIT: I was want to say the amazing modding community this game gives this game much more replay ability with mods offering customizations like new hair, clothes, etc. to completely shifting the genre to something more survival or horror related.",True,1789411754,205,4.493009259259259
235282478,76561198083724876,0,963,1265,mid game played it like 5-6 times on ps4 and 5,True,1789411100,302,4.500578703703703
235280129,76561199274982739,126,6328,6684,"If I forget everything in my life , I hope to forget this experience to try again .",True,1789408884,356,4.526226851851852
235279041,76561198249077172,0,4379,4506,Great game without mods really fun with mods,True,1789407799,127,4.538784722222222
235276793,76561199502348416,112,1870,1870,I once sniped kirk in this game,True,1789405661,0,4.563530092592592
235275953,76561199496412427,0,4035,4035,Super fun game!,True,1789404855,0,4.5728587962962965
235275752,76561198286452154,157,3401,3401,YESSSSS,True,1789404680,0,4.574884259259259
235274291,76561198857474405,68,3708,3708,I know you would do anything for even the smallest chance at life,True,1789403247,0,4.591469907407407
235272287,76561198873875462,49,1079,2131,PEAK,True,1789401338,1052,4.613564814814815
235271958,76561199234577790,0,4362,4362,"Cyberpunk 2077 — 10/10

One of the best games I've ever played.

I'd probably put Cyberpunk 2077 somewhere in my top 10 favorite games, maybe even around my top 3. I genuinely loved this game.

Even after beating it, I still find myself wanting to play it. It's somehow still addicting to me, and that's something I can't say about a lot of story games.

The story is absolutely incredible. This is one of the first story games in a long time that actually made me shed a tear. There were so many moments where I was just sitting there thinking, ""Bro, this is peak.""

Honestly, I enjoyed the story more than Red Dead Redemption 2. I know that's probably going to piss some people off, but I think RDR2 is pretty overrated. Cyberpunk just kept me more interested and invested.

The graphics are also amazing, and somehow the game is surprisingly easy to run considering how good it looks. The world looks incredible, the characters look great, and everything just feels so detailed.

And honestly, I don't really have any complaints.

The story is amazing, the gameplay is fun, the graphics are great, the world is incredible, and somehow I can still come back to the game even after finishing it.

One of the best story games I've ever played.

10/10
",True,1789401015,0,4.617303240740741
235268832,76561199013079597,115,12380,12380,"Blackwall go brrrrr
peak game
♥♥♥♥ corpos
party likes its 2023",True,1789398054,0,4.651574074074074
235268521,76561199799570678,0,4010,4852,"I finally picked it up on a sale after hearing of the hype for a long time. It definitely deserves it, and I've been really enjoying this game with DLSS5 enabled through modding (Optiscaler). Speaking of modding, the developer's support of that aspect of this game is great, too. I recommend giving it a shot--I don't think you'll be disappointed.",True,1789397752,842,4.655069444444444
235267964,76561199031766306,34,1861,1861,"Well nice game, looks cool and runs good in my machine   =￣ω￣=",True,1789397225,0,4.661168981481482
235267950,76561198034452010,0,3346,3357,"Cyberpunk 2077 is simply a masterclass in atmosphere and player agency, and it finally feels like the definitive RPG experience it was meant to be. Running this game on an OLED display with path tracing cranked up makes the streets of Night City look absolutely gorgeous. Every single midnight drive through those neon-drenched districts is incredibly immersive. The map itself might not have the widest geographical footprint compared to some other sprawling open-world titles, but it feels incredibly massive because of how remarkably dense and multi-layered the city actually is. Getting lost in the intense verticality of the megabuildings and stumbling onto highly unique weapons tucked away in off-the-beaten paths was easily one of the most rewarding parts of my playthrough.

What really hooked me, though, is how the game handles physical progression. Having your cyberware act as your core armor and stats completely reinvents the usual RPG loot grind. Every trip to the ripperdoc feels like a monumental shift in how you play. When you pair that hardware with the highly specialized perk trees, you can actually carve out a very distinct build identity rather than just generically leveling up a jack-of-all-trades.

I committed to a Katana and Sandevistan build, and the traversal mechanics unlocked by those cyberware upgrades turned every single encounter into a kinetic, bloody blur. It completely breaks the mold of a standard first-person shooter. The boss fights are genuinely fun across the board, but the final showdown against Adam Smasher was the absolute peak of the game's combat. Triggering the Sandevistan to match his cybernetic speed felt exactly like two speedsters clashing in hyper-time—an insanely fast, high-octane duel that perfectly validated my entire build.

Beyond the sheer combat loop, taking the time to carve out a quiet life in the city really grounded the whole experience. Grinding out gigs to buy and own an impressive roster of cars and apartments gave me a tangible sense of progression, taking my V from a lowly street merc to a bonafide Night City legend. Taking all that hard-earned gear and riding out into the Badlands to finish out the Nomad path with Panam just felt like the perfect narrative payoff. It is a dense, brilliant game that actually lets you live in its world.",True,1789397210,11,4.661342592592592
235265894,76561198040241305,0,10636,11492,i'm loot goblin.,True,1789395198,856,4.6846296296296295
235265077,76561199218737341,94,3329,3391,One of the best games that you can ever play. Absolute masterpiece. Majestic.,True,1789394380,62,4.694097222222222
235265022,76561198043697292,587,5153,5153,"English review is first, Ukrainian version is below.

[h1]Cyberpunk 2077 — A monumental action RPG with fantastic gameplay and a wonderful storyline [/h1]

[b]Platform:[/b] PC / Steam Deck
--------------------------------------------------
[h1]👁️ Personal Take & Highlights[/h1]
So much has already been said about this game, so I'll just keep it short. A huge appreciation to CDPR for including a Ukrainian localization! The storyline is superb and Night City's atmosphere is unmatched. I played through it seamlessly on both PC and on the go via Steam Deck, never having to pause my progress and felt truly awesome experience. Rating it a solid 9/10 because I still remember the disastrous launch. It took a lot of patches before the game reached the polished state it enjoys today.
--------------------------------------------------

[h1]🎮 Steam Deck & PC Performance[/h1]
[list]
[*] [b]PC:[/b] Unlocks the full visual glory of Night City with rich details and ray tracing.
[*] [b]Steam Deck:[/b] Gameplay is surprisingly well optimized. While visuals take a noticeable hit compared to PC, it runs consistently enough for a full, comfortable handheld playthrough.
[/list]
--------------------------------------------------

[h1]➕ Pros[/h1]
[list]
[*] [b]Story & Gameplay:[/b] Top-tier narrative, memorable characters, and great localizations. Great graphics, skill progression system, shooting and melee combat.
[*] [b]Handheld Play:[/b] Runs well on Steam Deck for on-the-go progress.
[/list]
--------------------------------------------------

[h1]➖ Cons[/h1]
[list]
[*] [b]Rough History:[/b] Took year of heavy patching to fix launch technical issues.
[*] [b]Deck Visuals:[/b] Significant graphical compromise compared to Desktop settings.
[/list]

--------------------------------------------------
[h1]🎯 Final Verdict[/h1]
[b]Verdict:[/b] 9/10. Must Play!
[b]Recommended for:[/b] Fans of cyberpunk settings, rich story driven RPG and titles like The Witcher 3 or Deus Ex.

--------------------------------------------------
[i]For more honest reviews and testing on PC & Steam Deck, check out the [b][url=https://steamcommunity.com/groups/realmistplay]RealMistPlay[/url][/b] curator page.[/i]



[h1]Cyberpunk 2077 — Монументальний RPG-екшен із чудовою українською локалізацією[/h1]

[b]Платформа:[/b] PC / Steam Deck
--------------------------------------------------

[h1]👁️ Особисті враження[/h1]
Про цю гру вже сказано нереально багато, тому просто додам від себе мої враження. Величезна подяка CDPR за якісну офіційну українську локалізацію! Сюжет тут просто супер, а атмосфера Найт Сіті затягує з перших хвилин. Я проходив гру паралельно і на ПК, і в дорозі на Steam Deck, щоб не переривати пригоду і отримав колосальне задоволення. Моя оцінка 9/10, оскільки добре пам'ятаю провальний запуск і повноцінно пройти гру вдалося лише після тонни патчів.
--------------------------------------------------

[h1]🎮 Стан на Steam Deck та PC[/h1]
[list]
[*] [b]PC:[/b] Розкриває візуал Найт Сіті на максимум, розкішна деталізація та трасування променів.
[*] [b]Steam Deck:[/b] Геймплей чудово оптимізований. Хоч графон помітно гірший за ПК версію, гра працює стабільно та дозволяє комфортно пройти її від початку до кінця в портативі.
[/list]
--------------------------------------------------

[h1]➕ Плюси[/h1]
[list]
[*] [b]Сюжет та геймплей:[/b] Глибока історія, яскраві персонажі та чудова локалізація. Чудова графіка,система розвитку персонажу, міцна стрільба та рукопашний бій.
[*] [b]Портативність:[/b] Можливість комфортно грати на Steam Deck без прив'язки до ПК.
[/list]
--------------------------------------------------

[h1]➖ Мінуси[/h1]
[list]
[*] [b]Технічний шлях:[/b] Гра дісталася ідеального стану лише через роки масштабних патчів.
[*] [b]Графіка на Deck:[/b] Відчутний компроміс у якості картинки порівняно з десктопом.
[/list]
--------------------------------------------------

[h1]🎯 Підсумок[/h1]
[b]Вердикт:[/b] 9/10. Обов'язково до проходження!
[b]Кому сподобається:[/b] Шанувальникам кіберпанку, глибоких сюжетних RPG та ігор на кшталт The Witcher 3 та Deus Ex.

--------------------------------------------------
[i]Більше чесних оглядів та рекомендацій на PC & Steam Deck шукайте на сторінці куратора [b][url=https://steamcommunity.com/groups/realmistplay]RealMistPlay[/url][/b].[/i]",True,1789394319,0,4.6948032407407405
235264655,76561197970324349,0,12868,12912,It's one the greats,True,1789393944,44,4.699143518518518
235263239,76561198026324018,615,16828,16828,good game,True,1789392448,0,4.716458333333334
235261839,76561198048189837,574,5924,5924,What a game !,True,1789390900,0,4.734375
235261235,76561198645967605,0,2489,2952,absolute peakness,True,1789390234,463,4.742083333333333
235260734,76561198180484057,34,4649,4649,"This game is a masterpiece in every aspect. The visuals, the music and sounds, the story, the characters, the mechanics, it is all PERFECT.

Night City is the most immersive video game world i've ever experienced. 

It had a very buggy launch, but in 2026, i've not noticed a single bug in my entire playthrough.

I'm looking for what CDPR does next.",True,1789389648,0,4.748865740740741
235259288,76561199102891521,0,1788,5067,I like big guns :) there are a lot of big guns :)))). me likey :D.,True,1789387853,3279,4.769641203703704
235259169,76561198726944762,0,8161,8227,"Fantastic game. Highly recommend this masterpiece to everyone. An immersive game with a great story line. There's a lot of things you can do in the game, explore by yourself, take your time and do a lot of missions that are also separate from the main story. The game itself is written incredibly well, it is going to be an emotional rollercoster, but in the end, you'll be glad you were part of it!",True,1789387703,66,4.771377314814814
235259152,76561198356097765,5,379,2705,Modern/punk world Skyrim/GTA,True,1789387689,2326,4.771539351851852
235258888,76561198712678807,0,1464,1789,120fps smooth,True,1789387350,325,4.775462962962963
235257975,76561199367824472,88,7599,7666,كويسه بس بعد تحديث صارت تشبك معها ما تشتغل كل شوي تكرش,False,1789386074,67,4.790231481481482
235257849,76561198076583403,0,2358,3425,"No happy endings in Night City, choom.",True,1789385910,1067,4.792129629629629
235256177,76561199760856730,0,5913,6324,very good,True,1789383435,411,4.820775462962963
235255903,76561198098508733,0,1152,1877,"The difference between playing this on a gaming PC, in 2026, post patches, vs. when I first tried to play the (janky pre-released mess - all fault on the execs, none to the devs) initial release I pre-ordered on Xbox One back in 2021 is truly night and day. 

The city looks gorgeous, and truly feels like a real place. 

The soundtrack is excellent. 

Combat is slick and satisfying, in a way I never remember it being back in 2021. 

Police actually hunt you down now on patrols rather than spawning behind you. 

It's incredibly fun, gritty, emotional, beautiful from NPCs to buildings, and truly feels like a real place. 

I'm glad the execs associated with the scandalous early release have pretty much all left - I hope they never touch a game again, where their greed compromised the quality. 

I can't wait to see what awaits from these incredibly talented devs in the future. Roll on Witcher 4. @New execs: don't piss us off, don't lie about which platforms Witcher 4 runs on, and give your team enough time to polish it.",True,1789383017,725,4.825613425925926
235254551,76561198000568794,329,1892,3147,The inspiration from Shadowrun in regards to the tech and cyber abilities / gear.,True,1789380910,1255,4.85
235254440,76561198017925561,270,5422,5422,Video Lies. You Video Lied to me.,True,1789380713,0,4.852280092592593
235253327,76561198339382679,198,3863,4572,John Wick from fortnite kept acting like a tsundere. Great game,True,1789378936,709,4.872847222222222
235252152,76561199798553268,17,1539,5122,yes,True,1789377109,3583,4.893993055555556
235252082,76561198776605598,19,4239,5297,you will forget the reality,True,1789376995,1058,4.8953125
235251778,76561198093738683,65,7879,8089,"Sex, drugs and rock and roll!",True,1789376575,210,4.900173611111111
235250882,76561198752459305,0,245,441,BEST GAME IN THE WORLD i have over 400 hours on my ps5 just started playing again on my pc its even better than before i love it so much 10000000/10 everyone needs to play this game,True,1789375347,196,4.914386574074074
235250382,76561199689348271,0,4362,4963,"When I am on my death bed, bring me this masterpiece to play one last time",True,1789374701,601,4.921863425925926
235249039,76561197998980037,0,6452,6452,"Deserves to be Overwhelmingly Positive in 2026. Sure the launch was a piece of hot garbage, but it's a masta-piece now!",True,1789373270,0,4.938425925925926
235248711,76561198257110676,0,181,182,Game crashes on launch... Troubleshot with CD Projekt Red via email and still does not work. Haven't been able to play a single minute of this game. Do Not Buy... I'm playing on Legion Go,False,1789372814,1,4.9437037037037035
235248611,76561198305272325,241,4073,4185,"Six

And also Seven",True,1789372654,112,4.945555555555556
235246296,76561198835219210,0,4154,4369,wow... you're like.. some kind of cyber... punk.,True,1789368052,215,4.998819444444444
235246184,76561198687252868,0,2671,2671,.,True,1789367844,0,5.001226851851852
235246175,76561198140634369,89,4299,4299,.,True,1789367830,0,5.001388888888889
235245768,76561198972692800,0,4554,4602,amazing,True,1789367135,48,5.009432870370371
235245145,76561198023568914,0,6049,6049,"In Night City. straigh up ""punkin' it"". and by ""it"", haha, well. let's just say. My V.",True,1789365865,0,5.024131944444444
235244745,76561199099112011,0,663,1147,edgerunner larp slop,True,1789365104,484,5.032939814814815
235243611,76561198013512957,0,16549,16703,"u get 2 have a gock in this game which is cool

there are sooo many bugs

the gameplay is a little repetitive. 

city generic NPC's seem a lttle ♥♥♥♥♥♥

LOVE the art direction, characters are well done, story is a little slow and convoluted at times tho. The tiny details and the art tho... they really did well making an aesthetic and everything, the art is probably the biggest selling point of this game imo. Gameplay...eeehhhh its better than mid but not my favorite gameplay experience tbh.

just like there are movies everyone should see because of cultural impact, and novels everyone should read for the same reason, i feel the same way about this game. I think everyone should try out this game at least once if only to understand how it will inevitably be a cornerstone for other pieces of media out there. 

",True,1789363063,154,5.0565625
235242699,76561198020086853,0,6077,6077,"Yes, is good.",True,1789361523,0,5.074386574074074
235241626,76561198842464081,96,498,507,Boring af ngl,False,1789359551,9,5.097210648148148
235241556,76561198033944843,0,4935,4947,fun,True,1789359440,12,5.098495370370371
235241008,76561199500789277,0,8154,9623,body 20 shotgun fun,True,1789358505,1469,5.10931712962963
235240924,76561199882466639,0,2051,3514,Fire,True,1789358369,1463,5.110891203703703
235239984,76561198006249878,107,13708,13742,"The game may have came out not fully cooked when it launched, but the studio has been keeping up work on it all this years. 

Right now the game is what it was always supposed to be, an incredible masterpiece where you can truly immerse in Night City and all it’s glory and infamy.

I recommend buying it, and spending time exploring, not just rushing the main story.",True,1789356869,34,5.128252314814815
235238853,76561197995013505,0,1856,2099,Awesome game!,True,1789355239,243,5.147118055555556
235238620,76561198159791723,0,12611,12621,"Amazing game. Both the Main base game and the DLC. Only got through one ending for the DLC, and for the Main Storyline, but it was amazing. 10/10 would recommend. 

Not writing a longer review because I really don't want to spoil the story for anyone who hasn't gotten a chance to experience it, BUT, you know.

Definitely some bugs here and there, but nothing game breaking. (Note:  I was using mods halfway through the game)

Can't wait for the next Cyberpunk game.",True,1789354902,10,5.151018518518518
235237479,76561199512549394,57,2725,2725,"(not incluing phantom liberty) This game is a perfect mix of a balanced story and a game that's not hard enough to make u wanna blow ur brains out it has an amazing story with high stock value along with the gameplay being smooth and not insanely difficult either a perfect mix that deserves everything it has.

--{ Graphics }---
☐ GTA 6 in 4k
☑ semi realistic good quality
☐ GTA 5 on medium graphics
☐ Roblox on 3 graphics quality
☐ Minecraft on 5 chuck render distance
☐ ugly
☐ 144p

---{ Gameplay }---
☑ Very good
☐ Good
☐ average
☐ Mid
☐ Would rather Watch paint dry instead
☐ stale af
☐ like trying to play steal a brainrot

---{ Audio }---
☑ Eargasm
☐ Very good
☐ Good
☐ Not too bad
☐ Think of it 1 hour
☐ like listening to cry for me 10 hours

---{ Audience }---
☐ Kids
☑ Teens
☑ Adults
☐ Grandma

---{ PC Requirements }---
☐ Can run on Windows Xp
☐ Chromebook
☐ office computer
☑ 1,000 dollar gaming pc
☐ required amd ryzen 9 9950x and a 5090
☐ time travel to 2100 steal a computer and maybe you’ll be able to run it at 30 fps

---{ Game Size }---
☐ can run on a usb drive
☐ the size of a 4K 45 second video
☐ Workable
☑ Big
☐ Will eat 15% of your 2TB hard drive
☐ You will need to give up an entire room to hold it
☐ You will need to invest in a black hole to hold all the data

---{ Grind }---
☐ Nothing to grind
☐ Only if u care about leaderboards/ranks/levels
☐ Only if u care about skins/items
☐ Isn't necessary to progress
☐ Average grind level
☐ Too much grind
☑ You'll need a second life for grinding

---{ Difficulty }---
☐ Just press 'W'
☐ spam one tech
☑ learn a few mechanics
☐ Cuphead level
☐ Bloodborne level
☐ Dark souls level
☐ Elden Ring level

---{ Story }---
☐ No Story
☐ Some lore (Its only a demo so there not much to it)
☐ Average
☐ Good
☐ Lovely
☑ It'll replace your life

---{ Load In Time }---
☐ 1 Macro second
☑ Average
☐ half of your day
☐ 5 years
☐ fly all the way into the Andromeda galaxy and back and it will be 3% done


---{ Game Time }---
☐ Short(there gonna be more ofc)
☐ Average
☑ Long
☐ To infinity and beyond

---{ Price }---
☐ It's free!
☐ Worth the price
☑ If it's on sale
☐ If u have some spare money left
☐ Not recommended
☐ You could also just burn your money

---{ Bugs }---
☐ Never heard of
☑ Minor funny bugs
☐ Minor bugs
☐ Can get annoying
☐ ARK: Survival Evolved
☐ Battlefield 4 at launch

---{ 10/10 }--- 
☐ 1
☐ 2
☐ 3
☐ 4
☐ 5
☐ 6
☐ 7
☐ 8
☐ 9
☑ 10",True,1789353212,0,5.170578703703704
235236995,76561199804055578,0,2136,2891,I played it when it first came out all those years ago. And I can still say it is one of my all time favorite games. Do always recommend it!,True,1789352524,755,5.178541666666667
235236174,76561199847292533,0,1293,1678,its just so peak,True,1789351335,385,5.192303240740741
235234312,76561198386648252,19,2172,2172,A+++,True,1789348846,0,5.221111111111111
235233604,76561199494660680,0,2397,2397,actually cured my deppresion,True,1789348112,0,5.229606481481482
235231984,76561198875519026,200,607,607,"this is one of the BEST looking game graphically in the world till this day, and the sound design is also GOD TIER",True,1789346432,0,5.249050925925926
235230301,76561199087232348,0,3993,3993,OMFG!!! I loved it so much choom!!! Absolute peak!!😫😱😖😆,True,1789344218,0,5.2746759259259255
235229298,76561198114129636,0,3805,5582,Entirely different game then what was first released,True,1789342950,1777,5.289351851851852
235228643,76561199535698222,0,5879,5996,one of the best games i have every played 10/10 would recomend,True,1789342159,117,5.298506944444444
235227474,76561199014925400,94,4446,4719,boobies,True,1789340762,273,5.3146759259259255
235227191,76561198994801742,218,8585,8585,good depiction of our reality but sadly our reality has no cool cyberware but good thing that daily kill count is not as high.,True,1789340424,0,5.318587962962963
235227181,76561199453818026,47,2397,2411,"loaded up the game 4 the first time and it  made me nut.  w gooning material will recommend
",True,1789340413,14,5.318715277777778
235227112,76561198272956450,128,4165,7075,haha funny number,True,1789340329,2910,5.3196875
235225711,76561198023233387,0,5643,6306,Honestly to me one of the best games i have played and enjoyed sense mass effect.,True,1789338704,663,5.338495370370371
235225643,76561199074124374,0,4433,4433,"A 10/10 game, that's all it is choom.",True,1789338628,0,5.339375
235225332,76561197972292105,0,346,346,"Best game ever! No small details here, you get the full adeventure! being very inmersive at some points and and an amazing shooter. The ambient is right where it has to be (cyberpunk-like) and full of details that bring it alive.",True,1789338247,0,5.343784722222222
235224763,76561199112346569,36,1749,2429,"Truly one of the best RPG games I've ever played from the story, to the mechanics, to the character building, to just the amount of options you have in this game. The game keeps getting better and better as they release more updates. I recommend this game 10/10 times.",True,1789337627,680,5.350960648148148
235224662,76561199877843459,5,1050,1084,this is very nice game,True,1789337515,34,5.352256944444444
235224471,76561199454753696,0,1806,1900,WE MADE IT JACKIE WE MADE IT             jackie........,True,1789337305,94,5.3546875
235224272,76561198853404081,68,278,278,"boobies
",True,1789337108,0,5.356967592592593
235220388,76561199105468252,0,8560,10538,just an overall fun game to do multiple playthroughs,True,1789333154,1978,5.4027314814814815
235220023,76561198003595367,0,14787,14787,The absolute pinnacle that AAA storytelling has to offer.,True,1789332824,0,5.406550925925926
235219402,76561198072693999,0,4862,5537,"To sem palavras, nao consigo descrever o quao MARAVILHOSO E PERFEITO foi jogar isso. 
Já sinto saudades, Night City",True,1789332276,675,5.412893518518518
235218618,76561199431686760,0,14122,14147,it's aite,True,1789331552,25,5.421273148148148
235217574,76561199472941863,0,702,1031,,True,1789330640,329,5.431828703703704
235215240,76561199039233597,54,7095,8300,i love cp,True,1789328633,1205,5.4550578703703705
235213234,76561199046329105,0,12736,12736,"-This game lets me customize my character, but its entirely first person
-I can customize my genitals, but my genitals have absolutely no use
-I have braindance device, but non of the braindances i can buy can actually be played
-I have tons of nice cars, but every single one of them is a used car some fixer sold me and it feels like im driving a bar of soap
-There are no NPCs riding motorcycles on the streets
-I have a ton of weapons, but the only things i can modify are the scopes and suppressors
-My mantis blades cant climb walls nor can i swing like spiderman with my monowire
-You can buy tons of clothing, but cant try them on before buying them
10/10 God this game makes me wet
",True,1789326892,0,5.475208333333334
235211383,76561199456804931,0,34806,34918,"Corpo, destroy corpo, destroy copo building, corpo sloaghter",True,1789325334,112,5.493240740740741
235211281,76561199652697339,121,3212,3212,"I've played the game several times, trying different choices and combat styles. The dialogue feels very natural, and the atmosphere is incredible. Definitely one of my favorite games. I really hope they continue expanding the universe
10 silverhands out of 10",True,1789325250,0,5.494212962962963
235211266,76561198341388759,191,3783,3783,"I give Cyberpunk 2077 a 6.5/10. Three and a quarter stars. 

This game is very pretty. The city looks great. Phantom Liberty was good. The beginning of the main story with Jackie Welles was a good hook. 

Most everything else was only alright. The gameplay was decent. The story was fine. The sound design was okay. There is some good music on the radio in the game. Sometimes the sounds in the game can be grating. For example the mission passed sound, phone noises, and this white noise that you don't realize is there until it stops.

The game has a text messaging feature, and the phone got spammed too much to care to keep up with. I wish there wasn't a mini-map in the corner. I get why there is a mini-map, but I would have preferred a compass. 

The biggest problem with this game is the bugs. There is a lot of awkward silence between two NPCS talking to each other. 
The bugs are constant. There is this scene where you wait for a girl to walk and sit down at a campfire with you. When she sits down she looks up at the sky, and after some silence she points at the sky and says something about seeing the Big Dipper constellation. However, she doesn't actually point with her hand, her arm just moves like she is supposed to be pointing at the sky. Naturally you look where she is pointing, but you don't see any constellations, or any stars at all. You just see clouds.

Bugs like that are very prevalent throughout the entire game, and it worsens the experience. ALSO IT HAS AN 3RD PARTY LAUNCHER, I DON'T LIKE 3RD PARTY LAUNCHERS. ",True,1789325239,0,5.494340277777778
235211155,76561199557035188,0,11968,11968,"Best game. Only here you can spend million hours while creating character for your fist playthrough and then making same one every other time.
",True,1789325145,0,5.495428240740741
235210351,76561199101308585,408,648,648,"Bawiłem się przy tej grze naprawdę świetnie. Night City wciąga od pierwszych minut – to miasto żyje własnym życiem, pełne neonów, gwaru i historii, które chce się odkrywać. Wizualnie gra jest po prostu wspaniała – oświetlenie, detale otoczenia i projekty postaci robią ogromne wrażenie, zwłaszcza nocą, kiedy neony odbijają się w mokrych ulicach.

Od siebie dodałbym, że to, co najbardziej wyróżnia Cyberpunka po licznych aktualizacjach (zwłaszcza po dodatku Phantom Liberty), to spójność świata i to, jak wybory fabularne realnie wpływają na relacje z bohaterami. System walki i hakowania daje sporo swobody – można grać jako pełnoprawny netrunner, uliczny wojownik albo mistrz skradania, i każdy z tych stylów czuje się satysfakcjonująco. Muzyka i udźwiękowienie radiowych stacji też budują klimat lepiej niż w wielu innych grach RPG.

Jeśli miałbym wskazać minus – momentami misje poboczne w otwartym świecie są bardziej efektowne niż wpływowe na fabułę, ale i tak dają mnóstwo frajdy.

Ocena: 9/10 – gra, która ostatecznie spełniła obietnice sprzed premiery.",True,1789324558,0,5.502222222222223
235210205,76561198986007339,63,3892,3892,"Bought this game to shoot people.

Accidentally developed a 70-hour relationship with a fictional alcoholic terrorist living in my skull.

10/10.

I have now spent an unreasonable amount of time walking around Night City dressed like a homeless pornstar with military-grade cyberware, stealing cars from people who clearly need them more than I do.

The game gave me a motorcycle.

I immediately proceeded to use it as a guided missile.

The story is insane.

At one point the game basically said:

""You are dying.""

So naturally I spent the next 14 hours doing side quests, buying jackets and helping some dude find his ♥♥♥♥♥♥♥ iguana.

Eventually I reached the ending.

Made my decisions.

Saved the city.

Experienced emotional devastation.

Credits rolled.

Then the game said:

""ONE MORE GIG""

?????????????????

BRO I JUST FINISHED THE ♥♥♥♥♥♥♥ GAME.

WHY AM I BACK IN THE APARTMENT.

WHY IS JOHNNY STILL HERE.

WHY DOES THIS RANDOM NPC NEED ME TO FIND HIS CAR.

I SAVED NIGHT CITY FIVE MINUTES AGO.

I HAVE SINGLE-HANDEDLY DESTROYED THREE CRIME SYNDICATES AND NOW I'M BEING ASKED TO HELP SOME GUY WITH HIS ♥♥♥♥♥♥♥ PARKING TICKET.

Also the police system is incredible.

You commit one minor traffic violation:

NCPD: ....

You murder 47 people with a shotgun:

NCPD: understandable have a nice day

By the end of the game I had so much cyberware installed that I'm pretty sure I'm legally classified as a microwave.

My V has:

900 cyberware
14 guns
6 grenades
enough money to buy a small country
severe psychological damage
absolutely no idea what day it is

And somehow the most dangerous enemy in the entire game was still falling off a ♥♥♥♥♥♥♥ curb.

Would recommend.

Lost sleep.

Lost money.

Lost several hours staring at Johnny Silverhand's stupid ♥♥♥♥♥♥♥ face.

Gained nothing.

10/10 would chrome myself into a microwave again.",True,1789324428,0,5.503726851851852
235210196,76561198009381204,598,5948,5974,"After 99 hours and multiple endings, I feel like I haven't scratched the surface. 

I am on a new run of the game, where I plan to do more of the side content. It did have a rough launch but what they have put together now is easily one of the best games of the decade.",True,1789324423,26,5.503784722222222
235209918,76561198064545451,75,5004,6183,"I'm a little late to the party, but I'm having a great time. The world of Cyberpunk is so expansive, so much to do. I've barely made progress in the main story after 83 hours, because I get distracted with all the content available. Well worth the wait.",True,1789324191,1179,5.506469907407407
235209814,76561199197637043,30,2414,3747,yhes,True,1789324103,1333,5.507488425925926
235209446,76561198342113625,177,6312,6312,10/10 banger + buy DLC,True,1789323809,0,5.510891203703704
235208681,76561198156978433,355,7313,7586,I'm gonna go meet Hanako at Embers now,True,1789323206,273,5.51787037037037
235207307,76561198331883411,0,3165,3204,I like this Game more than GTA what can I say.,True,1789322144,39,5.530162037037037
235207254,76561198867465382,574,5307,6078,"I'm glad they fixed it, the men in suits at CDPR should have listened to the developers and never released this game in the sorry state it was in at launch but credit to the dev's on doing such a great job of eventually fixing this game as I've had a great time playing it. Night city looks amazing, gameplay mechanics are solid and the main story is good in both the vanilla version and the Phantom Liberty expansion. Side quests are hit and miss in the base game but all the Phantom Liberty side quests were decent.",True,1789322098,771,5.530694444444444
235205488,76561199126750333,0,5971,5971,10/10 choom,True,1789320773,0,5.546030092592592
235205290,76561198989958554,0,732,732,"Good
",True,1789320612,0,5.547893518518518
235204918,76561198084732830,52,8421,9388,really a good game after the patch,True,1789320327,967,5.55119212962963
235204775,76561198277509900,0,261,402,"Game is really well paced, so far",True,1789320213,141,5.5525115740740745
235204349,76561198027251557,116,10545,12459,Honestly a great game with beautiful story and gameplay it has improved a lot since it was released and really worth the price.,True,1789319857,1914,5.556631944444445
235203582,76561199024706443,0,11711,11711,GG,True,1789319244,0,5.563726851851852
235203250,76561199588580296,0,24445,24819,This is true current gen gaming,True,1789318985,374,5.566724537037037
235201387,76561199543508042,0,9666,10722,the world cyberpunk 2077 creates is one i don't want to leave,True,1789317516,1056,5.583726851851852
235200418,76561199386680936,0,1593,1771,"I ABSOLUTELY LOVE THIS GAME, HAD THIS GAME ON DAY ONE ON XBOX BUT IT WAS TO UNFINISHED TO PLAY, BUT NOW ITS SO GOOD",True,1789316732,178,5.592800925925926
235199884,76561199229917308,0,3784,5040,i want to die,True,1789316308,1256,5.597708333333333
235199769,76561198101961615,81,4075,4075,"Bad engine, storyline, and characters. Disappointing",False,1789316217,0,5.598761574074074
235198365,76561198061006990,88,9707,9796,I was told this game was broken on release now it broke me instead with the choices I've made in game. 10/10 game even with some of the funky bugs,True,1789315198,89,5.610555555555556
235198342,76561198164668389,140,4966,4966,"bought this game during steam sale together with the phantom liberty dlc.
went in as blind as i can, the only thing i know about this game is that apparently the launch was disastrous but was then fixed after a few patches and ofcourse keanu reeves.


Positives
-I thought the story revolving around v and johnny was a very compelling premise for the game. i very much enjoy the dynamic between v and johnny and the morality of the choices we have to make as the story progress.
-The world building is great which is helped by how great the cast of characters are and some of the notes you can read from random shards in the world.
-Night city feels alive. it's teeming with activites to do and secrets to uncover.
-Combat is simple given that it is primarily an FPS but you can do some ridiculously fun stuff once you get the right build with all the hacking and movement skills you get to access later on in the game
-Graphically the game looks amazing, i can only imagine how it looks on a more powerful machine
-soundtrack is also good, added some of the music in my playlist as well.

Negatives
-Driving wasn't the best but i was able to adjust mid way through
-Some performance issues but only experienced it in dogtown which is the DLC area, didn't really break my immersion but i think it's still worth noting.",True,1789315186,0,5.610694444444444
235198234,76561198697042619,0,15637,15961,"Nice story. game performed well with the budget build I have. Bugs aren't too bad.

9/10",True,1789315112,324,5.6115509259259255
235197366,76561199486700840,0,1378,1879,awesome game,True,1789314465,501,5.6190393518518515
235196926,76561198027085016,452,3614,3614,"I've beaten the game twice, love the lore and story and love the game play and well recommended.

Pro's
- Amazing story
- Non-linear (choices you make affect your ending)
- Well optimized for a game that's almost over 6 years old

Cons
- It took CDPR until patch 2.0 to finally make the game worthwhile playing (due to the horrendous amounts of bugs it had. They should've just released the game a year later.",True,1789314153,0,5.622650462962963
235194870,76561197972321767,34,19851,25650,"One of the best game I have ever played. It's just sad that those players who bought it when it was released were facing so many bugs so they uninstalled it and might never play it again. 
Fortunatelly that ain't my case. I bought it a month ago, finished all endings - [spoiler]Including the secret ending[/spoiler] - and also all achievements. If the game would be bad, I won't be bothering with these. 
If you like FPS, Open-World games or Cyberpunk / Netrunners philosophy, you gonna love this game as much as I do ❤️",True,1789312555,5799,5.641145833333334
235193595,76561198331241733,356,13148,13148,"Cyberpunk is one of those games that truly had a incredible redemption arc, as coming from someone who pre-ordered this game and went through the initial ordeal of that whole fiasco. 

Though, even when it was bad, I still lowkey enjoyed it, and now after finally doing a 100% save and even finishing Phantom Liberty in the process. I could truly say that this is ONE of the games of all time in my opinion. It had a rocky start, but regardless the story, the atmosphere and the combat and how much leeway can be given to your V based on your playstyle whether you want to go Sandy, all around assault build or a stealth sneaky netrunner build. You can do whatever you want. 

How your V acts in game and their relationship with Johnny is truly up to you and it shows. CDPR really outdid themselves fixing this game and I'm glad after almost 6 years I got to enjoy this game to it's full potential.

The Graphics are amazing, some bugs then and there and even the city still reacts on things based on your performance but overall, it wasn't much of a dealbreaker for me.

9/10 choom

Truly worth every single hour I've played.",True,1789311613,0,5.652048611111111
235193021,76561198057968222,0,5003,5105,"dose have some bugs but is much better now than at the begining '
",True,1789311161,102,5.657280092592592
235192834,76561198676681341,0,7713,7713,"Honestly, one of the absolute best gaming experiences I've had. The build variety gives you tons of freedom, the story is fantastic, and the graphics are top-tier. It easily landed in my personal favorites list. If you love open worlds, sci-fi futuristic vibes, and plenty of mission variety to sink your teeth into, definitely give it a chance",True,1789311008,0,5.659050925925926
235192548,76561199486330953,81,3425,3497,good game,True,1789310794,72,5.661527777777778
235187300,76561198064785866,49,917,947,"2026 and looking at the game now, it's a masterpiece.",True,1789306703,30,5.708877314814814
235186727,76561198342865499,124,5631,9570,my new favorite game ever besides RDR 2 & persona series,True,1789306232,3939,5.714328703703703
235185814,76561198016958005,0,1815,1815,"What to say, game is good, nice graphic and with excellent story.",True,1789305488,0,5.722939814814815
235184082,76561198102219012,227,4880,4880,"After almost 6 years after buying the game I finally decided to give it a shot. It took me a few hours to get into the game and fully immerse myself in the story.

Honestly, the story is amazing — it's a whole experience. I can only recommend that anyone give it a try and avoid rushing through the game. I finished my first playthrough in around 75 hours.",True,1789303942,0,5.740833333333334
235182827,76561198879281100,0,4849,4849,9/10 (just secondary missions can get repetitve),True,1789302828,0,5.753726851851852
235181276,76561199387163649,26,19804,19804,9/10 went cyberpsycho would recommend,True,1789301389,0,5.770381944444445
235180058,76561199631258012,24,5719,5721,smasher got smashed. haha,True,1789300225,2,5.783854166666667
235179807,76561198825658230,0,13986,14369,",",True,1789299955,383,5.786979166666667
235178133,76561199110147897,61,3172,3275,"i mostly say that games change my view on life as a joke, i kid you not this time i mean it, this game is so ♥♥♥♥♥♥♥ peak it litterally made me want to change my way on how i act with my friends",True,1789298281,103,5.806354166666667
235177232,76561198144282570,984,9640,9640,"[b]Cyberpunk 2077 is a controversial game, both technically and narratively, but it has a unique charm. Its atmosphere, phenomenal soundtrack, and bleak, hopeless story create a richly detailed world that leaves a lasting impression.[/b]",True,1789297329,0,5.817372685185185
235176780,76561199135373569,0,6948,6948,2023,True,1789296826,0,5.823194444444445
235175729,76561198756929229,20,349,1235,100%,True,1789295751,886,5.835636574074074
235175438,76561198055565755,123,8814,9112,"this's the preem gem, choom.",True,1789295464,298,5.838958333333333
235174591,76561199799246271,85,2956,2956,It only gets better every time,True,1789294559,0,5.849432870370371
235172143,76561198145530510,225,18906,18906,"Cyberpunk 2 now, please",True,1789291884,0,5.8803935185185185
235172076,76561197971185507,0,14887,14931,"peak
",True,1789291815,44,5.881192129629629
235171446,76561199361178274,0,688,688,لعبة زبالة وقصة زبالة وقيم بلاي زبالة,False,1789291133,0,5.889085648148148
235171445,76561199400869218,57,7432,8117,gorjus graphics,True,1789291133,685,5.889085648148148
235169494,76561198866244517,0,1155,1155,Good game!,True,1789288927,0,5.914618055555556
235167187,76561199217969478,0,871,1049,adasmsaher,True,1789286339,178,5.944571759259259
235166172,76561198134907400,0,4053,4270,"After all the fixes from CDPR, the game was absolutely worth the wait, and the Netflix series was an absolute bomb too.",True,1789285155,217,5.958275462962963
235165177,76561199132807785,0,4566,4567,"Amazing masterpiece of not just a game but a creation as a whole. Nothing feels out of place and everything feels crafted just so well. If it's your first time, remember that Panam is the goat.",True,1789283823,1,5.9736921296296295
235164644,76561199197760983,0,10018,10018,"Cyberpunk 2077 is one of, if not hands down the best game I've ever played. They did such an amazing job on the world building, it really made the game feel alive, like there was actual people outside of the player who existed.

For example, you can see the difference between a group like the Valentinos, which was a group built up on the fact that the area is poor so crime is going to happen, but they also had a (admittedly loose for real life) honour code, that valued their community, versus groups like Maelstrom which was essentially people who traded their morals for quick and easy pleasure. This works so well in terms of the world because nearly every person who inhabits the city is forced to make a decision, balancing survival with what they were willing to lose. And for those who push through, make it despite the odds being stacked against them, the best they can hope for is a job at a company that will treat them as a disposable pawn. There's a shard I remember reading during the The Star ending, that talks about the best companies to work for being ranked, and the best by a wide mile, truly blowing every other corp out of the water, gave a massive 5 days off a year, and had ONLY a 15 year mandatory working period.

It was extraordinarily easy to lose yourself in Night City, to start becoming used to how it functions, with homeless people, gangs, and murder on near enough every street corner. They are truly everywhere. There's 156 NCPD scanner hustles in the game and each one of them involves enough death and murder (either by the perpetrators or left behind by me) that it desensitizes you to how common place it is. What I think really builds up the world around you though, is a handful of the missions that stand out amongst the random chaos, the broad daylight executions.

Missions like ""Sinnerman"" in which a murderer claims he has repented, has turned to Christianity, and wants forgiveness from the family of a man he murdered. The reason this mission works so well is because you get to see the family, hear the grief in their voices. This mission really stuck with me not because of what it said, but because of what it didn't. The sister has forgiven him, while the mother has not, but the sisters forgiveness, it it real? Or is it simply a symptom of grief, of needing to make sense of the world around her, trying to pin meaning on her brothers senseless killing not as something that simply happened, unimportant to the world at large, but as an act of God, something that needed to happen to spread his word. And has he truly repented? Accepted God as his true divine purpose? He claims he has, but he is rattled very easily by a few questions against the actions he is taking. Prison in night city is stuff of nightmares, in a near literal sense, as prisoners are hooked up to machines that essentially force them to live and feel the most torturous sensations that have happened in the world, on a constant loop, forever. Does he truly feel remorse, or does he simply see an out to his never ending torture? We never get a clear answer.

Another mission that was truly telling of Night City, but in a different way, was ""Dirty Biz"". In this gig you need to simply find a BD that would solve the murder of a mans son. But at the end of the gig, you come across a father and son who put them together for sale, not the people who make them mind you. Looking at their messages you can see they peddle the worst of the worst, including animals/human, suicide, and children. The game give you options of how to handle the pair, and also arguments from the father on why you should spare them. The argument essentially comes down to 'If you kill us, we'll be replaced by others, who may be even worse'. Now by our standards, these people deserve immediate death, but this is Night City, a place where moral codes only exist for the people who died due to preserving them. And the argument makes sense, while they are clearly terrible people, they truly aren't amongst the worst we've met, just the ones who we know for a fact are involved. Personally I chose to kill the son, make the father live out his life knowing that what he did cost him the most important thing he had, but there's no correct answer. Leaving these people who are helping a horrible business exist alive doesn't feel right, but we don't know their circumstances, this may have truly been their only option, and killing them both means they will probably be replaced by worse people, people who enjoy the job. Given the fact that it's both son and father, the son probably never had any choice, this is what he was destined to do based on who his parents were, but does that means he shouldn't be punished? And given that he likely never had a choice, not truly, is killing his father, forcing him to live with losing him, truly just? Especially when most likely without him he will most likely either die, or have to join a gang with low enough standards to accept him, where he will almost certainly be forced to do far worse than what he already was.

Things like this gig are what really builds up Night City as a place of nightmares, where applying a moral code simply does not function, as anyone with one is destined to die, meaning no one ever has one, it's a snake eating its own tail.

Now onto some complaints:

The game, while nowhere near the pile of bugs and glitches it was at launch, is still unfortunately not as polished as one would hope and expect. Now there weren't many game breaking issues I came across, but there were certainly quite a few small, annoying ones. Some examples include a delamain car which never moved, and is still parked, blocking a street 100 hours later, I clipped through an elevator and got stuck during a mission, meaning I had to reload to an earlier save and lose my progress. Many visual glitches, such as the road not loading below my car. Weapons on cars refusing to come out, audio cutting out while in a car meaning i can't hear if im hitting anyone while shooting, auto drive going in circles, or driving straight into civilians then stopping, just a lot of the car stuff.

The only truly infuriating bug, that wasted a ton of my time and nearly drove me to giving up, was that the first mission of Phantom Liberty was glitched, and would not let me progress by interacting with an access point. I finally figured out that it was an issue with loading zones, so i ended up fast traveling away and running to the mission. This was the only time I truly considered this game as ""bad"", since I can accept that there's gonna be glitches, some that make me fail a mission or even have to reload to a previous save, but to have the FIRST MISSION of the PAID DLC so badly bugged that you can't even play it or progress, is frankly outrageous, and I can't believe that it still has not been fixed considering it's been around for years at this point.

I also have some more general complaints, such as a lot of the side content being, 'kill this person', 'steal this item', there was no real depth or stakes. Now I know not everything in the game can be fleshed out, but it felt like there was A LOT of missions and gigs that had so much potential, and ended up just being a single objective with nothing else around it. 

I also didn't like the NCPD at all, they are so laughably bad that I don't think there was a single point where I died to them, or even came close. To escape them all you have to do is drive away from them, but you can't really hide or outsmart them because they'll always know where you are, it's just a matter or them getting there before the timer runs out. You could take it as commentary on how the NCPD is so corrupt and swarmed by crime that they can only afford a small amount of time to each crime, but realistically I think its just Bad AI.

Despite these issues however, I have a lot of hope for the new cyberpunk game. 
",True,1789283158,0,5.981388888888889
235164118,76561199551851734,157,1980,3423,Amazing game,True,1789282481,1443,5.989224537037037
235163781,76561199691610802,0,1412,1518,worth my money on a discounted price I recommend a shot atleast before hating a game like this,True,1789282050,106,5.994212962962963
235163207,76561198425837712,0,6005,6005,I really want to stay at your house,True,1789281412,0,6.001597222222222
235163179,76561199697694949,124,6936,7786,"Cyberpunk 2077 launched in December 2020 with… let’s say “a few” issues, yet it still stands as one of the best games I’ve ever played. I didn’t preorder it or dive in on day one, but I’ll never forget firing it up on my Xbox and being greeted by a 50GB update. Meanwhile, the community was busy filling forums with complaints about performance, bugs, and everything in between.

Still, even the rough edges had their silver linings. Plenty of players took advantage of early glitches to rake in easy eddies — eurodollars, for anyone new to Night City. The most famous was the painting exploit, where you could repeatedly sell Untitled 18 – Brancesi, 2021 for 5,000 €$ using a drop point and the wait function. CD Projekt eventually shut it down — unsurprising, given how many YouTube videos were showcasing it.

Fast‑forward a bit, and the game eventually received countless bug fixes and, of course, the big 2.0 overhaul. When I returned for the Phantom Liberty DLC — long after completing the original story — it felt like a completely different game. So different, in fact, that I immediately switched off my Xbox and swore I’d never touch this (beep) game again.

Since then, life has done what life does. Much like the game’s protagonist, I’ve dealt with loss, prescription meds, and the kind of sleep deprivation only young children can inflict. I’ve found myself drifting back to the older games I used to love, mostly because I can’t afford to keep up with the current generation — and because my family mean far more to me than any AAA release ever will.

Thankfully, my Steam Deck has given my library a second life, letting me revisit a whole era of Xbox One and PS4 classics — Days Gone, Deus Ex: Human Revolution, God of War, Horizon: Zero Dawn, Spider‑Man, Quantum Break, Jedi: Fallen Order, Uncharted 4, and of course CD Projekt’s own The Witcher 3: Wild Hunt.

Now, if you were put off by the 2.0 overhaul like I was, there’s good news: you can still play Cyberpunk 2077 using the 1.63 Legacy Patch — the final stable build from the 1.6 era before everything changed. If you’re a returning player, you can relive Cyberpunk 2077 in its original glory, and if you’re new and want to experience Night City as it was pre‑overhaul, you absolutely can. But there’s one catch: Phantom Liberty only works on the current, fully updated version, so consider that before choosing which build to commit to. To switch, just head into the game’s Properties, open the Game Versions & Betas section, and select 1_63_legacy_patch.

As for me, I played on the legacy patch for a while, completing around half the storyline, until curiosity finally got the better of me and I updated to the current public version. And honestly? I was surprised — pleasantly, even. But before switching, I made sure to grind out roughly 5,000,000 €$ to unlock the Autojock achievement. My method was simple and very Night City: max Technical Ability, grab the Ashura crafting spec, buy mountains of junk from the Jackson Plains vendor, craft Ashuras until your components cry for mercy, sell them at the drop point, wait 24 hours, and repeat until you’re a millionaire five times over.

It’s not glamorous, but neither is Night City. And hey, it works.

And speaking of Night City — welcome. A grand, chaotic, neon‑lit playground full of danger, opportunity, and legends waiting to be made. The game begins with a difficulty selection and then immediately asks you to choose a Lifepath: Nomad, Corpo, or Streetkid. Each one gives V an origin story and unlocks unique dialogue options throughout the game. Pick ten of these Lifepath‑tagged lines and you’ll unlock the Stanislavski’s Method achievement.

After that, you’re free to customise V however you like. The options are almost limitless: body type, skin tone, hairstyles, eye colour, facial structure, makeup, cyberware, scars, piercings, tattoos — you name it. And if you change your mind later, you can always adjust your appearance again.

Once your version of V is ready, you’ll allocate Attributes to shape your playstyle. Each Attribute governs specific skill trees, letting you build anything from a solo brawler to a stealthy ninja, a high‑tech netrunner, or a hybrid of all three. I personally went with a high‑damage netrunner setup — perfect for stealth and perfect for my millionaire‑times‑five scheme.

Being able to clear a room by firing off quickhacks through cameras — Short Circuit to knock enemies out, Synapse Burnout to finish them, Ping to map their positions, Distract Enemies to slip past unnoticed — felt incredibly satisfying. And if you want to go full MGS, invest in Optical Camo for temporary invisibility. But if you’d rather go in guns blazing, go full one‑man‑army — Schwarzenegger style. The choice is yours, and that’s the beauty of Night City.

After the prologue, you’ll find yourself restricted to Watson, one of the first districts you can freely roam. Even so, there’s plenty to keep you busy while the main story slowly opens up the rest of the city. You can take on gigs from Regina Jones, respond to NCPD scanner hustles, or simply explore and pick up anything that isn’t nailed down. Completing gigs and hustles is one of the best ways to rack up XP early on.

As you work through the first few missions, you’ll meet characters like Jackie Welles, Misty, Vic, Dexter Deshawn, and netrunner T‑Bug. Later on, you’ll encounter countless factions, corpos, fixers, and legends — including Keanu Reeves’ iconic Johnny Silverhand — all waiting for you to make your mark.

As for the game’s mechanics, whichever version you choose — legacy or 2.0 — the core combat remains very much the same. Your arsenal ranges from firearms to melee weapons to cyberware, with many ranged weapons supporting attachments such as silencers, muzzle brakes, and scopes. Smart weapons use gyrojet technology and onboard tracking to lock onto targets and even curve bullets around obstacles — but only if you’ve installed the Smart Link cyberware.

Alongside firearms, you’ll have a selection of bladed weapons, including futuristic katanas inspired by the game’s Japanese factions. Add cyberware like Mantis Blades — retractable forearm weapons designed for fast, lethal close‑quarters combat — and you can tailor your entire arsenal to your preferred fighting style.

For me, I’ve leaned heavily into smart weapons: the Ashura sniper rifle, Yinglong with its massive damage output and EMP explosions, and a silenced Unity — a compact .45‑caliber handgun with a high fire rate. I also keep The Headsman tucked away: a stockless variant of the Constitutional Arms M2038 shotgun, perfect for close‑quarters encounters when things get messy.

With more than enough content to keep you busy — from the base game to Phantom Liberty — you’ll easily rack up 150 hours of excitement. I’m currently sitting at 115 hours and still have plenty left to do.

At the end of the day, Cyberpunk 2077 is chaotic, stylish, loud, emotional, occasionally broken, frequently brilliant, and always fun. It’s the kind of game that makes you say “just one more gig” at 3AM and then wonder why the sun is rising. Whether you play the legacy build or the shiny new version, Night City delivers — and if you’re anything like me, you’ll be back for more long before your eddies dry up. It’s absolutely worth investing in. CD Projekt may have had a rough start, but Cyberpunk 2077 has grown into a truly amazing game.",True,1789281382,850,6.001944444444445
235163046,76561198025439385,0,4449,4771,Yes.,True,1789281190,322,6.004166666666666
235162709,76561198342900620,119,7393,7393,"Epico game, I wish corporations having that amount power to do what they want was real. Shame corporations irl arent corrupt at all :(",True,1789280756,0,6.009189814814815
235161935,76561198973810419,104,3019,3083,amazing,True,1789279751,64,6.02082175925926
235161879,76561198980843590,178,28079,28795,"Arguably one of the best games ever made, that said, Judy over Panam.",True,1789279670,716,6.02175925925926
235161614,76561199172391381,0,1521,1857,modded ahh go brrrrr,True,1789279301,336,6.026030092592593
235160764,76561198069819773,368,4093,4093,"A bit late to the party, but Cyberpunk 2077 is overall a great game, and after finally playing through it, I can see why people have been talking about this game for years.

[b]First, I'll start with the POSITIVES:[/b]
+ [b]Holy moly, the world and immersion are 10/10.[/b] Just taking a stroll through Night City is beautiful. Sometimes I completely forget about the objective and just explore.
+ [b]The story is overall solid.[/b] The first quarter with Jackie was a masterpiece and my favorite part. I'll leave the spoilers out, but it hooked me pretty quickly.
+ [b]The game runs great on my system.[/b] I'm getting around 50–70 FPS at 1440p on medium/high settings depending on where I am in the world.
+ [b]The characters actually feel unique.[/b] Most of the major characters have their own personality, style, and missions that make them stand out.
+ [b]Tons of customization.[/b] Guns, cars, clothes, stats, skills, perks, etc. There are plenty of ways to build your character around your own playstyle.
+ [b]Night City is just incredibly cool.[/b] The atmosphere, music, neon, architecture, and overall cyberpunk aesthetic are probably my favorite part of the game.

[b]Here are some NEGATIVES that come to mind:[/b]
- [b]Gunplay feels wonky at first.[/b] I can't really pinpoint what it is, but something about the shooting just felt off. You eventually get used to it though lol 
-[b] Some side missions feel like filler.[/b] At times the game turns into a glorified to-do list of ""go here, kill these guys, loot, repeat.""
- [b]The level cap surprised me.[/b] I had to Google why I was stuck at level 50 before realizing that was the max. It made progression feel like it stalled toward the end.

[b]Overall, I'd give Cyberpunk 2077 a 4.1/5 [/b]
The gameplay hit the mark for what I wanted out of this game. It scratched that cyberpunk/futurism itch, so it's tough to complain too much. I'll probably come back to this game in a few years just to walk and drive around the city because it's genuinely one of the coolest game worlds I've experienced. 

My Rating: ⭐⭐⭐⭐✨ 4.1 / 5",True,1789278264,0,6.038032407407408
235159222,76561198101291761,0,852,852,yeah like. wtf this ♥♥♥♥ is mid at best,False,1789276271,0,6.061099537037037
235159131,76561199087052398,0,9178,9178,"goog
[",True,1789276181,0,6.062141203703704
235158281,76561198162252793,0,333,420,"Great experience, accommodating for gamers like myself who aren't particularly skilled, still able to enjoy the complexity of the game regardless",True,1789275169,87,6.073854166666667
235157147,76561199249449888,57,5861,5861,so peak,True,1789273787,0,6.089849537037037
235156357,76561198761174059,0,600,742,best game most bugs are fixed now so rarely do i see any pretty much fixed they are a few here and there but nothing to bad i remebr when it first relased god was awful looked like a horror version of the game lmao now its fixed and pretty much good and ready i love this game thought it is a sow start in the begging but it is really fun once you get strated and realy into it lol love this game 5 stars,True,1789272840,142,6.1008101851851855
235156204,76561197971430309,0,1955,2072,"Probably the jankiest AAA game I've played to the end. Fun, pretty world and arcade style combat, but the writing is dull, it's too easy, the immersion is laughable for driving and overworld interactions, and good lord the endless janky bugs. I'm playing in 2026, I was told it was in a good spot by now. I got it for $20 and I think it was decent for the price. Any more than that and I would have felt buyer's remorse. I can't recommend this unless you get it on a $20> discount.",False,1789272626,117,6.103287037037037
235156055,76561199649696222,0,7924,7932,"Go read other reviews, it'll probably be the exact same thing. Best game ever.",True,1789272409,8,6.105798611111111
235155771,76561199304143701,0,3067,3178,"Waker the f*ck up Samurai, we have a city to burn.",True,1789272058,111,6.109861111111111
235154864,76561198851835256,0,4579,4744,One of the best story games you can play.,True,1789270878,165,6.123518518518519
235154267,76561199006720202,14,10236,11101,"Great game, even though have a lot of bugs in the beginning but still a nice game to be play with and with animate edgerunner the game have more attraction to me.",True,1789270083,865,6.132719907407408
235153986,76561198126337631,0,14841,14841,only bad this about this game is the cyberpunk shaped hole its left in my heart now that ive finished it 11/10,True,1789269747,0,6.136608796296296
235152642,76561198064369032,0,4316,4575,incredible single player game,True,1789268154,259,6.155046296296296
235152574,76561199679007201,29,344,1182,,True,1789268070,838,6.156018518518518
235152337,76561198080321081,0,10481,10562,"It's got its jank. It's got its glitches. There's some frustrating bits and I've had a crash here or there. My potato PC runs it decently.

Overall though it's one of the best gaming experiences I've had. The immersion, the writing and appropriately cheesy dialogue, the characters, and the narrative payoffs, the complexity and options for the combat. You owe it to yourself to get it, and the DLC, when on any kind of sale. I'm looking forward to playing it all again.",True,1789267764,81,6.159560185185185
235152133,76561199125996532,0,5110,5860,This has got to be one of the BEST and one of the BUGGIEST games I've ever played. I've almost played the entire game and am just cleaning things up now and I've got to say that the story was AMAZING and really got me invested and the gameplay feels pretty intresting. however the combat can get a bit repetitive and there are plenty of bugs that break you out of the game.,True,1789267512,750,6.162476851851852
235151470,76561199208655964,0,2325,3124,"""Go to The Moon For Me""",True,1789266665,799,6.172280092592593
235151231,76561199098415898,0,8250,8480,sheeeeeesh,True,1789266361,230,6.175798611111111
235149827,76561199144906855,0,2375,3682,Johny silverhand ssends his regards,True,1789264769,1307,6.194224537037037
235149473,76561199069581811,30,3038,3613,good,True,1789264344,575,6.199143518518518
235148404,76561198768835452,0,1116,2409,Game play and graphics.,True,1789263090,1293,6.213657407407408
235147850,76561199180091710,0,1814,4970,A Masterpiece.,True,1789262394,3156,6.221712962962963
235146837,76561199422499121,0,6837,7059,the true cause cyberpsychosis is you.,True,1789261242,222,6.2350462962962965
235146200,76561198119000241,1147,4286,5382,ye,True,1789260510,1096,6.243518518518519
235144045,76561198322450654,137,4261,4261,"Choom, this chrome is totally preem Datakrash

gonk",True,1789258011,0,6.2724421296296295
235143790,76561199808887502,0,1793,2363,♥♥♥♥♥♥♥♥♥,True,1789257723,570,6.275775462962963
235142495,76561197971120158,582,12277,12277,"An amazing game, even better on the second play-through",True,1789256141,0,6.294085648148148
235142203,76561197977989318,0,4595,4595,Good RPG.  Could use more Jackie Wells,True,1789255819,0,6.2978125
235142177,76561199513747083,11,6609,6609,"If you liked the books Neuromancer, Altered Carbon, Do Android Dream of Electric Sheep?.
If you liked the films Blade Runner (1982), Blade Runner 2049, The Matrix, Ghost in the Shell, Akira.
If you liked anime like  Psycho Pass, Steins Gate, The Ghost in the Shell (2026), or Ghost in the Shell: Stand Alone Complex.
If you liked DEUS EX.

Then you are going to love this game.",True,1789255788,0,6.298171296296296
235141895,76561198052400126,0,61760,61760,good,True,1789255448,0,6.302106481481482
235141054,76561199213987141,44,777,840,good game,True,1789254501,63,6.31306712962963
235141021,76561198125562808,118,46639,48181,"Finally with Multi Frame Generation it's playable at 60 fps capped with 1080p, including the DLC that crashed every time I entered at Dogtown.",True,1789254466,1542,6.313472222222222
235140339,76561198787150910,15,3550,3550,tuff game,True,1789253730,0,6.32199074074074
235140218,76561199244150316,27,2891,2891,Peak im not spoiling jack choom,True,1789253595,0,6.323553240740741
235139939,76561198153062141,121,5320,5361,"Cyberpunk universe is a sad one for sure, but I keep coming back to it every time. Peak",True,1789253312,41,6.326828703703704
235139792,76561199802385889,0,1968,3494,one of the best games i have ever played! If you are wondering to get it or not its worth it!every single thing is a masterpeace in this game.And after finishing the game there is so much to do like get weapons and more levels!And one last thing Angle is the man!!!!,True,1789253187,1526,6.328275462962963
235139527,76561198714076899,0,2582,3587,we will never forget edgerunners,True,1789252936,1005,6.331180555555555
235139526,76561199230937827,0,504,586,Jackie died and woke up as john wick 10/10,True,1789252935,82,6.331192129629629
235139047,76561198166353771,0,922,1407,"They definitely did a great job making this game run and look excellent. Audio is great too. But I just can't get into it now matter how hard I try. Movement feels clunky, guns don't feel satisfying at all, the open world is meh to me (except for a few places), missions are pretty run of the mill, and I dont enjoy the melee. I know im in the minority here, but overall this game just isnt fun to play imo.",False,1789252447,485,6.336840277777778
235138310,76561199546870892,0,193,193,"pretty fun
",True,1789251721,0,6.345243055555556
235138226,76561199012187813,0,3039,3396,"probably one of the best games ive decided to buy, it runs smooth asf",True,1789251637,357,6.346215277777778
235137337,76561198134876409,0,4526,4989,Cyberpeak 2077,True,1789250779,463,6.356145833333334
235136911,76561198047420690,0,1113,1460,GOOD STUFF,True,1789250383,347,6.360729166666666
235136055,76561198034614774,0,4841,4841,GG,True,1789249632,0,6.369421296296296
235135949,76561199555147618,0,3893,4322,Theres a moment where combat goes from this is a challenge to this is my own personal sandbox where enemies tickle me and im down for that,True,1789249532,429,6.370578703703703
235135748,76561197974664970,311,5815,5832,Yes but... The game crashes to the desktop every hour on the hour. I send the report to the developer. Decent game but is this really the standard?,True,1789249333,17,6.372881944444444
235135667,76561199640128812,0,14273,14289,hotel,True,1789249267,16,6.373645833333334
235135092,76561198648452732,0,4744,4745,Great Game In LOVE With PANAM{MOMMY},True,1789248725,1,6.379918981481482
235134319,76561199511949987,0,10938,12486,Cyberpunk :),True,1789248037,1548,6.387881944444445
235132881,76561199511259582,39,7115,7115,"ABSOLUTE CINEMA very good polished game never played with mods even so 
i recommend buying it (dont forget about DLC)",True,1789246735,0,6.402951388888889
235132620,76561199137050235,43,4250,4264,e,True,1789246508,14,6.4055787037037035
235132327,76561199084396735,0,5001,5121,god game,True,1789246263,120,6.408414351851852
235131770,76561199103336504,58,920,1365,"The story is really deep, if you pay attention, and we don't have to talk about graphics... Just great

",True,1789245766,445,6.414166666666667
235130623,76561198260669238,0,401,460,Yes,True,1789244776,59,6.425625
235130551,76561199769113546,48,67241,67255,Peak,True,1789244716,14,6.426319444444444
235130160,76561198116988552,0,9401,9494,"So uhh. I forgot bout this game, stater playing 3 weeks ago, and it has ruined me emotionally, 10/10, Would crack Panam/Judy again!",True,1789244358,93,6.430462962962963
235128844,76561198812287356,0,3815,3818,Great game !!,True,1789243259,3,6.443182870370371
235128092,76561198864015152,0,1601,1601,Good game,True,1789242677,0,6.449918981481481
235126747,76561199092432533,65,3224,3481,Good,True,1789241554,257,6.462916666666667
235126718,76561199173104196,0,10173,10183,Breathtaking,True,1789241526,10,6.463240740740741
235126630,76561198891277605,0,3108,3135,"Side quests are entertaining, story flow is good, action is good. Choices change your ending.",True,1789241454,27,6.464074074074074
235126408,76561197994301539,234,1833,2927,"Great game,",True,1789241278,1094,6.466111111111111
235126306,76561199142370591,50,7374,7374,"اعشق اللعبة ذي , ختمتها 3 مرات في منصات مختلفة وكل مرة سايبربنك تفاجئني",True,1789241186,0,6.467175925925926
235125667,76561198174021246,170,4674,4728,very good very nice,True,1789240626,54,6.473657407407408
235125643,76561198842601439,92,13097,13097,"So far, that's the only game I wanna replay multiple times. 
I'm a bit of a sucker for the sci-fi setting and atmosphere, so that game had perfectly scratched the itch. Parts of overall world lore hidden in small corners of Pacifica, an actual difference in state of life in Kabuki compared to other regions - you can see developers put their whole soul actually making it feel futuristic, but still grounded to the reality.

Don't even get me started on the Phantom Liberty DLC - first time a game ACTUALLY made me cry. Amazing motion capture, incredible voice acting of So Mi and Reed, story it follows, and the perfect sound design and soundtracks - all that was just immaculately good. I don't think there will ever be a DLC as good as this one.",True,1789240601,0,6.47394675925926
235123345,76561198988073887,0,2509,2509,Panam my goat,True,1789239570,0,6.48587962962963
235122758,76561198039756589,0,27396,32546,"short version: this is not buggy. its broken. enough manpower went into this to create smth fun Id rate neutral if possible (I bought at a big discount and its fine I guess) but if you really want to play this look at guides about dodging at least the game breaking bugs to avoid losing many hours. I'll probably put a longer rant about even basic things like input and GUI not working here right eventually.

enjoy your games but I'll go back to indies. this big budget game isnt anywhere near its potential.",False,1789239120,5150,6.491087962962963
235122662,76561198030683558,410,8117,8117,"Things I like:
. Art style
. Stealth gameplay
. Hacking minigame (even though it's always the same)
. Skill tree gives many options
. Level design for different playing styles
. Implants are interesting and diverse

Things I do not like:
. Boring characters
. Immature Johnny Silverhand
. Dialogues with no impact
. Main story gets torn apart because of the open world (Wait two days....., wait until......, .....)
. Driving feels clunky
. Controller support for the menu is terrible
. 99.9% of all loot is useless
. Iconic weapons are bad most of the time
. Open world full of nothing
. Crafting (except for upgrading implants)
. ""Follow X"" in quests is really boring

Final verdict:
. I had some fun.",True,1789239046,0,6.491944444444444
235122543,76561198428183414,0,16528,16614,"peak
",True,1789238941,86,6.493159722222222
235122421,76561198346816167,0,6683,7245,There are naked men,True,1789238840,562,6.494328703703704
235121976,76561199133626384,0,1761,1761,"---{ Graphics }---
☑ You forget what reality is
☐ Beautiful
☐ Good
☐ Decent
☐ Bad
☐ MS Paint

---{ Gameplay }---
☐ Masterpiece
☐ Very good
☑ Good
☐ Good but repetitive
☐ Mehh
☐ Watch paint dry instead

---{ Story }---
☐ It'll replace your life
☑ Great lore
☐ Good
☐ Average
☐ Skip all cutscenes
☐ No story

---{ Audio }---
☑ Eargasm
☐ Very good
☐ Good
☐ Decent
☐ Bad
☐ I'm now deaf

---{ Audience }---
☐ Kids
☑ Teens
☑ Adults
☐ Everyone

---{ Difficulty }---
☐ Just press 'W'
☐ Easy
☑ Normal
☐ Significant brain usage
☐ Difficult
☐ Soul-crushing

---{ PC Requirements }---
☐ Potato
☐ Decent
☐ Fast
☑ High-end
☑ Rich boi
☐ Ask NASA if they have a spare computer

---{ Grind }---
☐ Nothing to grind
☑ Isn't necessary to progress
☐ Average grind
☐ A bit tedious
☐ Too much grind
☐ You'll need a second life for grinding

---{ Game Time }---
☐ Quick coffee break
☐ Short
☑ Average
☑ Long
☐ Very long
☐ To infinity and beyond

---{ Price }---
☐ Free to play
☑ Worth the price
☐ If it's on sale
☐ If you have spare money left
☐ Not recommended
☐ You could also just burn your money

---{ Bugs }---
☐ Never heard of
☑ Minor bugs
☐ Can get annoying
☐ Ruining the experience
☐ The game itself is a big terrarium for bugs
☐ Complete glitch fest

---{ ? / 10 }---
☐ 1
☐ 2
☐ 3
☐ 4
☐ 5
☐ 6
☐ 7
☐ 8
☑ 9
☐ 10

Note : Trust me do side quest and don't rush the main story.",True,1789238486,0,6.498425925925926
235120954,76561199572450497,0,360,819,its a really good game perfect for adults but i recomand for 16+ cuz the content.,True,1789237667,459,6.507905092592592
235120747,76561199079296094,0,2200,3247,METAL,True,1789237509,1047,6.509733796296296
235120203,76561198228663060,108,6655,6772,👍,True,1789237091,117,6.514571759259259
235119778,76561198141344745,150,12958,12958,"I initially bought Cyberpunk 2077 for my Xbox One X when the game was riddled with bugs. I remember how the internet was in such an uproar because of how unfinished and essentially unplayable the game felt. A couple of years later, I ended up getting a PC and buying the game on Steam. I decided to actually give the game a try now that most of the game-breaking bugs had been fixed. I am very glad I gave the game a chance because I really enjoyed the story, combat, and skill trees! I loved it so much that I ended up doing a second playthrough when the 2.0 update came out, which completely reworked the skill trees and Cyberware system. I played as Female V in my first playthrough and Male V in my second. I completed all of the side content and quests, except for doing all of the Gigs. I really want to talk more about the game, but I don't want to spoil the fun or the story in this review! The story was very easy to follow, and I genuinely enjoyed every aspect of the game. I really couldn't tell you every detail because this review would never end! There is just so much to love about this game. I highly recommend people give this game a chance. If you're hesitant because of its past, let me reassure you: this game is very playable now, and you can enjoy it to the fullest. It will become a memorable experience and one that you will never forget!",True,1789236773,0,6.518252314814815
235118333,76561198122385523,0,3391,4065,awesome game,True,1789235673,674,6.530983796296296
235117654,76561198867242733,46,2445,2445,Made me want to study instead of play. Highly recommend.,True,1789235135,0,6.5372106481481485
235117044,76561199583318984,0,12197,12396,gender ambiguous person experiences schizophrenia and destroys the biggest corporation/army single handily. 10/10 game you can kill someone with a vibrator.,True,1789234667,199,6.542627314814815
235116301,76561198775858959,0,1708,1733,"DONT meet hanako at the embers
",True,1789234122,25,6.548935185185186
235116016,76561198734954492,0,1671,2726,it looks good and is just fun to play,True,1789233911,1055,6.551377314814815
235115526,76561198052719804,0,6885,8055,"RECOMMENDED
Playtime: 118+ hrs
Cyberpunk 2077 is finally the masterpiece it was always meant to be. If you avoided this game at launch, it is officially time to play it. Thanks to the massive Patch 2.0 overhaul, the game has been completely transformed into a stable, deeply satisfying, and beautiful RPG. 
The Good: 
-Night City: Easily the most atmospheric, detailed, and vertical open world ever created. Neon, rain, and pure cyberpunk vibe. 
-Combat & Build Variety: The reworked perk trees are incredible. You can become a stealthy Netrunner hacking enemy cyberware, a cyber-ninja with a katana, or use the Sandevistan for slow-motion gunplay.
-Story & Choices: The narrative is mature and gripping. The relationship between V and Johnny Silverhand forms an incredible emotional core.

The Bad:
-Driving physics can still feel a bit floaty. 
-Occasional minor visual glitches, but nothing game-breaking anymore.
Verdict:
A premier sci-fi experience. If you love deep worlds, great music, and freedom of playstyle, this is a must-buy.",True,1789233539,1170,6.5556828703703705
235115120,76561198842021897,70,3936,4367,nice,True,1789233208,431,6.559513888888889
235114815,76561198197353457,65,516,516,Its a good game graphics are insane,True,1789232966,0,6.5623148148148145
235114492,76561198967420193,46,213,213,LOVE THIS!!!played more than 1000 hours with pirated version and recently purchased in discount. MY ALL TIME FAVOURITE GAME,True,1789232734,0,6.565
235113934,76561198985789221,0,21566,21566,That jawn good,True,1789232309,0,6.569918981481481
235113462,76561198043861102,0,10935,11195,One of the best RPG's I've every played hands down.,True,1789231938,260,6.574212962962963
235113181,76561198779243743,6,4190,4592,"The game’s story is full of twists and incredibly engaging, while its visuals are stunning. It can keep you glued to your computer for hours on end.",True,1789231710,402,6.576851851851852
235112754,76561198288941624,0,1674,3015,"Like their other games, Cyberpunk 2077 is a thoroughly enjoyable experience. Customization, immersive story, and gameplay that allows for different styles.",True,1789231379,1341,6.580682870370371
235111013,76561198153215353,211,4648,4648,Wake up Samurai,True,1789230079,0,6.595729166666667
235109821,76561199483763435,0,10701,12238,"I made it to the big leagues, Jackie. Are you proud of me?",True,1789229177,1537,6.606168981481481
235109216,76561198150996033,109,1505,1563,good game recommended,True,1789228711,58,6.6115625
235107668,76561199484956466,0,6763,8916,"you should just play it, choom, dont be a gonk.

absolutely awesome, combat is pretty good, although balancing can sometimes be bad, fun side missions.
and then the world, holy ♥♥♥♥ NC is big, and detailed as ♥♥♥♥♥♥. I personally really like the worldbuilding about the corps.",True,1789227538,2153,6.6251388888888885
235105823,76561198262893821,0,9022,9022,"Millions had play it, so should you. Whether it fun or not It's none of our business. Don't forget to watch oscars worthy anime spin-off too. It's made normies cries a lot I heard. I didn't watch it yet because I'm busy cleaning my rocket while watching 4k tentacles poem.",True,1789226218,0,6.640416666666667
235104172,76561199013168723,119,9939,9968,"The worst, most janky, boring, unpolished, unfun, piece of ♥♥♥♥ game. and phantom liberty actually manages to be worse. I wish i could get the time back i spent playing this ♥♥♥♥",False,1789224967,29,6.654895833333334
235103615,76561199232791708,0,2272,3447,its my fav game :P,False,1789224505,1175,6.660243055555555
235103272,76561199069308108,0,1934,2701,10/10 Choomba,True,1789224236,767,6.663356481481482
235100985,76561199331326233,0,5559,5908,You are free to play however you want and I wont say anything about graphics and such because I'm running on an HP laptop. quite fun.,True,1789222482,349,6.6836574074074075
235100627,76561198089217572,3936,4380,5879,"This is a fun story with lots of places to just wander. I love the combat and the hacking abilities, and I love my man Johnny Silverhand (Keanu Reeves). His VA (voice acting) for the character just fits the story so well, and the other VAs for the characters fit perfectly to build the world. I will be playing this a lot more.",True,1789222194,1499,6.6869907407407405
235100393,76561199200312288,0,3631,3659,"This game is Goated, even though when it launched the game doesn't provides it's best but now it feels very realistic and very fun to play. Gamplay is very smooth for my opinion but I don't know how others will feel about this graphics also....... Although I'm playing on a medium settings 3050 laptop GPU and it feels really smooth. At last, this game is really fun to play, I'm fully recommend to play for once.",True,1789222028,28,6.688912037037037
235100352,76561198260458172,103,3005,3005,cp,True,1789222003,0,6.689201388888889
235098325,76561198740663623,28,191,493,very fun js the gunplay is a little hard because of the recoil,True,1789220371,302,6.708090277777778
235098235,76561197982853637,0,3915,4431,My favorite dystopia,True,1789220268,516,6.709282407407407
235098076,76561198060519525,770,12004,12004,"Good game, would recommend",True,1789220131,0,6.710868055555555
235097292,76561198264235458,82,261,261,"---{ Graphics }---
☑ You forget what reality is
☐ Beautiful
☐ Good
☐ Decent
☐ Bad
☐ Don‘t look too long at it
☐ MS-DOS

---{ Gameplay }---
☑ Very good
☐ Good
☐ It's just gameplay
☐ Mehh
☐ Watch paint dry instead
☐ Just don't

---{ Audio }---
☐ Eargasm
☑ Very good
☐ Good
☐ Not too bad
☐ Bad
☐ I'm now deaf

---{ Audience }---
☐ Kids
☐ Teens
☑ Adults
☐ Grandma

---{ PC Requirements }---
☐ Check if you can run paint
☐ Potato
☐ Decent
☑ Fast
☑ Rich boi
☐ Ask NASA if they have a spare computer

---{ Difficulty }---
☐ Just press 'W'
☐ Easy
☐ Easy to learn / Hard to master
☑ Significant brain usage
☐ Difficult
☐ Dark Souls

---{ Grind }---
☐ Nothing to grind
☐ Only if u care about leaderboards/ranks
☑ Isn't necessary to progress
☐ Average grind level
☐ Too much grind
☐ You'll need a second live for grinding

---{ Story }---
☐ No Story
☐ Some lore
☐ Average
☐ Good
☐ Lovely
☑ It'll replace your life

---{ Game Time }---
☐ Long enough for a cup of coffee
☐ Short
☑ Average
☐ Long
☐ To infinity and beyond

---{ Price }---
☐ It's free!
☑ Worth the price
☐ If it's on sale
☐ If u have some spare money left
☐ Not recommended
☐ You could also just burn your money

---{ Bugs }---
☐ Never heard of
☑ Minor bugs
☐Can get annoying
☐ ARK: Survival Evolved
☐ The game itself is a big terrarium for bugs

---{ ? / 10 }---
☐ 1
☐ 2
☐ 3
☐ 4
☐ 5
☐ 6
☐ 7
☐ 8
☑ 9
☐ 10",True,1789219464,0,6.718587962962963
235096640,76561199879863759,0,2679,2826,good,True,1789218891,147,6.725219907407407
235094307,76561198194655170,0,3522,4205,crazy good holy ♥♥♥♥♥♥♥♥,True,1789216777,683,6.7496875
235093328,76561198880502076,0,13221,13637,"preem game, choomba. go easy on the chrome, don't wanna end up going 'psycho and gettin' zeroed by the badges

also ♥♥♥♥ the VDBs",True,1789215836,416,6.760578703703704
235092515,76561198282666335,59,1387,1387,Best comeback through update support in video game history.,True,1789215041,0,6.769780092592592
235092050,76561199526018997,0,8307,9558,Death to Arasaka,True,1789214596,1251,6.774930555555556
235091723,76561199831296506,0,1957,2826,ts changed my life,True,1789214283,869,6.778553240740741
235091472,76561198236045462,0,2930,3195,Cyberpeak,True,1789214045,265,6.78130787037037
235090313,76561199466871441,0,2142,2402,Best game to ever exist. Had its down sides on launch but since 2.0 launched its the best,True,1789212916,260,6.794375
235089670,76561198774438330,0,1412,1745,Good game.,True,1789212268,333,6.801875
235088753,76561199662170830,0,14666,15522,"One of THE BEST comeback stories ever from a developer.
The only comeback story as good as this one would be No Man's Sky by Hello Games.
It was absolute TRASH in the beginning.  And now it is one of the best games ever.
The devs never gave up and made this game a cultural phenomenon.  
It also has one of the greatest stories ever.  The writing is amazing!  
The characters are almost all great and worthy of remembrance.

The only downside to this game, is mostly my own opinion.
But at the same time, the downside I find gross and stupid about this game also work to its favor, oddly enough.
Here's may take on that.

The romanceable characters are very few and mostly stupid and gross because they FORCE a sexuality upon them.   Rather than letting the PLAYER world-build to their own preference, you are either gay af and choose Kerry...or you choose Panam.   If playing as a female V, you are either gay af and choose Judy, or you get River.  
I think we deserved more options and hope CP 2 does better in these regards.

The game is becoming highly ""Woke"" or neo-liberal in political perspectives.  Like so many gaming companies out there falling to liberalism in the 2000's, adding DEI characters and making them feminine in nature.  This game goes as far as to add he/she's into the game with the new DLC.   You see dudes dress horribly as guys all over Dogtown.  There are some hidden aspects as well... such as a theory that the bartender in Jackie Well's mother's bar is actually married to a ""trans"".   She sees a suspicious ripperdoc, has a completely modified body and their DNA has undergone manipulation by way of info that you find in that mission around the apartment you find the ripperdoc in.  

Also, this game had full nudity at one point.  But the devs stupidly got rid of it.  The nudity actually worked to the game's favor as well.  First of all, DevLogic = Blood, gore, cussing, evil, murder, drugs, despotism, big floppy d*cks as weapons... ALL OK! :D   Actual nudity and floppy parts on your character... NOT OK >:(    Lol.  The devs are retarded for that.  The nudity brought an extra layer to the ""sin"" nature of Night City... where Lust was as common as Wrath (murder), which in turn, was as common as drinking a NiCola.  

Now....I normally cant stand this kind of ""woke"" content.  I am absolutely an Anti-Woke gamer.
To me, every game that incorporates it is TRASH and I never buy it.
(Looking at you, Dragon Age: Veilguard...) lol
BUT.............in this particular game, it seems to actually work.
Here's my reasoning to those who share my view.

This game is supposed to be a post-apocalyptic sort of game.   The setting is post-fall of mankind.
Greed and Wrath and Gluttony and Lust and Sloth and Envy and Pride.
All deadly sins that lead to the ruin of the soul.
ALL OF THEM....are what make up the entirety of this world and especially of Night City.
Fitting, for a world without hope and without a soul.  Fitting for a world removed from goodness and where everything, even kindness, has a price.  Where nothing comes free, everything comes at a cost, and you find the human condition dying...withering on the vine.  The human spirit continues to search and find the Light...but the Light has long since left them to their own wickedness and sin.  So they strive to fill the gap of their existence with fallacy.  Broken toys marching to a dissonant melody.  Ever-changing themselves into something less and less human to try and attain some measure of ""immortality"" that they can no longer achieve.   A dark, dying world in which recovery is no longer possible...not because they lack the means to reverse the sickness that is killing the world...but because they have become tooo evil and transactional to realize that collectively, they could.  But they simply wont.  Selflessness is a thing of the past.  And everything that mimics the sacrifice needed to attain that level of consciousness again is a bastardization of it.  A ghost of the human spirit.  Gone.  Mourning it's past and it's inevitable future.  Constantly building monuments of power that will inevitably crumble into dust for a moment of illusion.   Happiness is fleeting always and there is no true joy.  There is only consequence.  No happy ending.

Fitting for a land so corrupted and gone.  Fitting for a people so lost and left behind.  Fitting for a planet so fixated on transforming the flesh and sating Pride, rather than focusing on transforming their souls and putting aside their flesh, sacrificing it for the greater good...

So like I said.  The ""woke"" crap actually works int his particular game.  It is fitting.  A look into the actual future of man.  The battered and broken souls that never seem to find peace the more they strive for the Self.   In fact, it makes the game legendary.  The narrative is a self-portrait of man's coming doom.  And every story you cross is a testament to the bleeding shards of broken souls.

9/10 game!",True,1789211325,856,6.812789351851852
235087630,76561199833419813,36,4388,4575,You have Keanu reeves moaning about every action - 10/10,True,1789210165,187,6.826215277777778
235085809,76561198192814427,103,5216,5216,It is a great game of all time,True,1789208240,0,6.848495370370371
235084878,76561199159361357,0,35,35,"I came to Night City because I wanted to be a cool cyberpunk baddie.

I did NOT expect to leave emotionally damaged and attached to half the people I met. 

Cyberpunk 2077 is one of those games where I’ll tell myself I’m going to do ONE mission and then somehow it’s hours later, I’ve completed three completely unrelated side quests, bought new clothes, upgraded my weapons and driven halfway across Night City because I got distracted.

The city itself is easily one of my favorite parts. Driving around at night with all the neon lights while music is playing on the radio is genuinely such a vibe. Sometimes I don’t even want to fast travel. I just want to drive. 

I also LOVE being able to customize V and decide how I want to play. Sometimes I want to be sneaky and hack everything.

Other times?

✨ Violence ✨

The characters and stories are what really got me though. I was expecting cool cars, guns and cybernetics. I was NOT expecting this game to repeatedly make me sit there staring at my screen processing my feelings. 😭

Night City is beautiful, depressing, chaotic and somehow feels like a place I never want to live in but also never want to leave.

If you love open worlds, character customization, story-heavy games, gorgeous futuristic cities and making questionable decisions because you got emotionally attached to a fictional character, PLEASE play this.

10/10 — came to become a Night City legend, stayed to drive around at 2 AM listening to the radio and pretending I live there.",True,1789207265,0,6.859780092592593
235082055,76561199082977261,13,4279,4488,I love this,True,1789204177,209,6.895520833333333
235081282,76561198146867106,297,19553,20155,amazing soundtrack. amazing gameplay. have many hours.,True,1789203326,602,6.90537037037037
235081202,76561199889276808,46,6239,6239,"This is the 3rd game I've picked up and the first I've 100% after switching from online multiplayer games to solo experiences 

And boy where do I begin, this game brought me 100 hours of a wide range of emotions, the gameplay was smooth and the story was paced well, the characters were pretty well written. The weapons were decent and not too overpowered, and there is also a wide range of playstyles supported by the kind of cyberware you're running which is a pretty nice way to keep you playing. Overall this is one of my top experiences and this game shall hold a good place in my heart.

No happy endings in night city.",True,1789203237,0,6.906400462962963
235080985,76561198828433049,0,2841,3103,It is a must for every sci-fi and pc gaming fan,True,1789203005,262,6.909085648148148
235080437,76561198970167593,0,7997,7997,I think top 3 of all the games ive played,True,1789202406,0,6.916018518518518
235076826,76561198073116127,221,16544,16544,It's a good game.,True,1789198292,0,6.963634259259259
235076205,76561198390793690,0,10778,10778,Very cool game and great story,True,1789197525,0,6.972511574074074
235075909,76561199465218522,0,6922,6922,this game is good,True,1789197153,0,6.976817129629629
235075875,76561198105539140,0,829,1664,"So... Lemme break down something that happened... I accidentally ran a guy over because of the game's clunky vehicle controls. I get chased by the cops, and I am able to SOMEHOW trick the cops by hiding behind a dumpster. I accidentally ended up playing this game like a GTA game, and honestly?!! It's fun and addicting! This is a game that HOLDS your attention like an iron grip. There is a reason it's heralded as one of the best games of the early RTX era of PC gaming. The game is also drop dead GORGEOUS and still holds up today, almost 6 years later. Games don't NEED to look better than Cyberpunk 2077, if I am being completely honest. This is fine, as far as graphics go. There are SO MANY small little details that you can just miss if you're not intentionally looking around for them.

I can look around, not see something, see it again from the corner of my eye and go, ""Hold on, is that a Kamen Rider reference?"" (I haven't found said reference, but given the size of this game, and its numerous influences, it wouldn't surprise me to see said references)

Somewhere on Jig-Jig Street, some dude has some kind of magical girl anime sounding anime theme blasting on a boom box, and it's such an easy to miss detail. I caught it in the mid-afternoon, game time, and if I had waited around until evening, I probably would have missed it. Cyberpunk feels LIVED IN. You can see all kinds of shops, all kinds of bars, food stalls, etc, and there are so many people walking around. Many many people are just walking around in normal outfits, not really doing anything. But then you'll turn around and see a guy eating Chinese takeout. A lady at that same stall could then be arguing with the vendor at said stall, and if you have subtitles enabled, you'll see what they're arguing about.

Other times, you'll witness a lady punch a guy because he wouldn't leave her alone (♥♥♥♥♥♥♥♥... I can't possibly relate to her at all... Le sigh...). Go to the pachinko parlor, and maybe you'll see a couple thugs walk in and start fist fighting each other. One time, I saw two guys shoot AND KILL each other!

Not to belabor all of the points I am making, I just wanna say that the atmosphere, the setting, etc all feel REAL! No wonder CD Projekt Red had a hard time getting this game working properly for two years or so... They put so much work and love into the setting, that honestly, to give the benefit of the doubt here, it's very easy to miss a lot of glitches and bugs. When you have a world so massive like Night City, yeah, a few bugs are going to slip through the cracks. 

So yeah... Honestly? My game of 2026. It's held my attention, and it's actually interesting.",True,1789197117,835,6.9772337962962965
235075763,76561199780787202,0,32224,32536,its aight,True,1789197002,312,6.978564814814815
235075308,76561199527759574,0,909,1601,Peak game choom,True,1789196428,692,6.9852083333333335
235072392,76561199379052828,132,2654,2654,pretty good but i cant crack panam AND johnny at the same time,True,1789192798,0,7.027222222222222
235072326,76561198131805915,0,6271,7028,WIRES AND CHAAAIIIIIIINNNSSSS,True,1789192714,757,7.028194444444445
235071999,76561198883987788,0,3682,4074,"One of the best video games I have ever played in my life. You can be whoever you decide to be in NC, it's something really amazing!",True,1789192270,392,7.033333333333333
235071554,76561198044593634,0,1133,1411,Fun,True,1789191682,278,7.0401388888888885
235071489,76561199101288500,0,19400,20598,Fun,True,1789191578,1198,7.041342592592593
235070392,76561199551593254,25,12715,13877,"Cyberpunk is genuinely amazing,
I cant say much about how terrible this game was when it first launched cuz i didnt even know that this ART existed until late 2025. I searched up a few clips of its gameplay then bought it. Everyone says its graphics are amazing.. cuz they are! I love the visuals of night city, there are so many things to do that time moves so fast just wandering around and doing gigs, the immersion is insane!  What really stood out to me is the characters in this game, V, Johhny, Jackie, Songbird, Reed, Judy, and Viktor, all of em are really unique. Combat is amazing, multiple things to choose from!

I disliked the driving, it sucks honestly. but aside from that, this game is great!
also the dlc is great if you enjoy and want more story content",True,1789190281,1162,7.056354166666667
235070298,76561199078884291,336,5190,6021,Just fantastic. One of my favorite games of all time! Plays perfect on the OG Legion Go Z1 Extreme.,True,1789190157,831,7.057789351851852
235069963,76561198170451578,0,9484,9906,better now they fixed it,True,1789189741,422,7.062604166666667
235069874,76561199806302185,11,520,559,"mh';g,ml';g",True,1789189645,39,7.063715277777778
235067473,76561199779621843,0,3463,6882,first person shooter doesn't get any better then cyberpunk 2077 and the main story is also damn good [and panam].,True,1789186672,3419,7.098125
235067163,76561199684178962,0,714,1659,gud,True,1789186298,945,7.102453703703704
235066685,76561199230557113,0,8848,8849,Best game ever peak 🥹🥹,True,1789185736,1,7.108958333333334
235066494,76561199323137876,224,16676,17155,good game i like this game very much,True,1789185513,479,7.111539351851852
235066328,76561198779523425,0,4696,5782,yes,True,1789185298,1086,7.114027777777777
235065892,76561198108792360,0,6340,7295,W game,True,1789184819,955,7.11957175925926
235065340,76561198019235316,599,32,32,keanu reeves toxic boyfriend simulator goes hard,True,1789184182,0,7.126944444444445
235063835,76561199216310367,71,2258,2267,Love it,True,1789182419,9,7.147349537037037
235063180,76561199607016907,351,6774,6778,Great game,True,1789181636,4,7.156412037037037
235062313,76561198709190116,0,3990,4005,"good no more gligh
",True,1789180667,15,7.167627314814815
235061641,76561199092674373,0,4502,4694,"Johnny Silverhand wants some chicken nuggies and milkshakes thats the game summed up pretty much.

10/10 Best Game ive played",True,1789179891,192,7.176608796296296
235061040,76561198404697381,44,2332,2454,Masterpiece.,True,1789179246,122,7.184074074074074
235060639,76561199573727802,0,5206,5328,"Good thing that they've continued to work on this, improving it. If they didn't mess up during the release I bet this game  would've been on top or be GOTY. I still experience bugs and crashes though. I Maybe because of my specs? lol! But I gotta say.... EVERYTHING ABOUT IT IS SO F GOOD. I am now planning to buy the DLC. Happy Gaming, Chooms!",True,1789178805,122,7.18917824074074
235058804,76561198267577657,0,1758,2479,good game,True,1789176704,721,7.213495370370371
235058494,76561198299917888,0,2162,2262,fantastic gamel,True,1789176363,100,7.21744212962963
235058354,76561199208667929,0,3406,3406,"A thing of beauty, peak",True,1789176219,0,7.219108796296296
235057546,76561198438020424,0,4948,4979,game good.,True,1789175342,31,7.229259259259259
235056986,76561198984816395,0,2368,2686,Good game,True,1789174650,318,7.237268518518518
235056628,76561199233197795,0,2827,5651,"Absolute greatness in a game, only note is how buggy and somewhat draining on fps it can be but other than that and the crashes it is amaazingggg",True,1789174280,2824,7.241550925925926
235055682,76561198879365074,228,20175,20648,"Game crashes every time I try to fistfight a netrunner. Very immersive, 10/10.",True,1789173207,473,7.2539699074074075
235055279,76561199216420757,0,3602,3602,Johnny has been screaming inside my skull for way too long im starting to agree with him,True,1789172729,0,7.259502314814815
235054497,76561199640006484,31,1500,2642,best game ever,True,1789171817,1142,7.27005787037037
235054341,76561197978557218,121,10283,15207,"its nor perfect,but its very good,and its one of the kind for shure.",True,1789171670,4924,7.27175925925926
235053641,76561199093576198,0,11872,11872,gonna tattoo the cyberpunk logo directly on my forehead,True,1789170909,0,7.280567129629629
235053289,76561199811421297,22,8429,8772,"Would have sent Song to the moon for free but she tricked me 3 times, say hi to Myers for me So Mi",True,1789170534,343,7.284907407407408
235053286,76561199028645037,29,2255,3234,One of the best story games ive ever played! 10/10,True,1789170531,979,7.28494212962963
235053190,76561198993436363,0,935,967,Panam Palmer is OUR wife.,True,1789170440,32,7.285995370370371
235053083,76561198056468772,0,19733,21289,"In terms of playability and RE-playability is one of the best games on the market at the moment. It has some technical  flaws here and  there. But, apart from that is a solid game to play, also the MODs compatibility makes it even better.",True,1789170329,1556,7.287280092592592
235052958,76561199196865401,195,2563,2563,Best and most emotional story line I ever played. The mechanics are also awesome recommend playing 10/10 times,True,1789170183,0,7.288969907407408
235049569,76561199072213598,0,11118,11528,🫶🏻such a cute gammeee i can dress up cute and have pink weapons i love it 🌸🎀,True,1789166824,410,7.327847222222222
235048878,76561198682825126,81,614,2113,I Really Want To Stay At Your House...,True,1789166206,1499,7.335
235047630,76561198095796860,0,17153,17318,"the tutorial aspects discouraged me on my first playthough as i never gave the game a chance and put it down for over a year but i came back to it. Maybe it was because i went into the game blind with no knowledge of the story prior (never seen a single trailer just got the game on sale)
When i saw keanu reaves in the mirror in the first flashback i got chills down my spine it was so cool. I went from not touching this game to rushing through work and every day tasks just to make sure i could max my time to play this game. The first time i didnt even know you could do all the side missions and completely ignore the main ones. I got the devils end and then realized i coudlve done so much more. Which after replaying it; it only gets better every time. You learn from your previous builds (because you can completely change your build each playthrough.) and every time you replay you can do something different. This game is just pure bliss the only thing missing aside from less buggy cpu's would be a multiplayer (never gonna happen) but i pray they make a second one and make it better than this in every way",True,1789164987,165,7.349108796296297
235047238,76561198393241900,0,3221,5204,A great glimpse into what teenagers think is cool,True,1789164609,1983,7.353483796296296
235047099,76561198727167209,0,1499,1883,Let's party like It's 2023.,True,1789164464,384,7.355162037037037
235046450,76561197969360678,0,518,705,"I waited a long time to play this because I just didn't expect it to be that good.  I was wrong.  This is one of the most amazing games out there and I'm glad I waited because now I get to enjoy it with all the fixes and added content. Easy purchase, especially if on sale.",True,1789163858,187,7.362175925925926
235045425,76561199767713024,0,16712,17114,the greatest game i have ever played and i don't even have the DLC,True,1789162880,402,7.37349537037037
235045405,76561198864909292,90,2377,2587,Fokin besto game,True,1789162859,210,7.373738425925926
235045314,76561199634857611,0,5825,6823,Good game. Great game. Best game.,True,1789162769,998,7.374780092592593
235044819,76561199201276861,360,4262,4262,"⭐⭐⭐⭐⭐ 10/10 — I Have Become Cyberware
I bought Cyberpunk 2077 expecting a video game.

What I received was a life-altering neurological event.

I started playing at 8 PM. I looked away from the screen for what felt like five minutes.

It was 4:37 AM.

My character had committed approximately 17 felonies, acquired enough cyberware to qualify as industrial equipment, and somehow gotten emotionally attached to a man who was literally living inside my head.

The story had me laughing, crying, questioning capitalism, questioning my life choices, and staring silently at the ceiling at 3 AM wondering if Johnny Silverhand would respect me.

The city is gorgeous. The neon lights. The rain. The skyscrapers. The absolute criminal amount of atmosphere.

I walked into a nightclub and immediately forgot I was supposed to be doing the main quest.

I saw a random side mission.

I did the side mission.

The side mission had a deeper story than most movies.

Then I found another side mission.

Three hours later, I was halfway across Night City dressed like a radioactive disco cowboy carrying 14 guns I didn't need.

And the music?

DISGUSTINGLY GOOD.

Every time a song started playing, I suddenly felt like I had a tragic backstory and a motorcycle I was emotionally obligated to ride into the sunset.

This game has bugs, sure.

But honestly, I stopped seeing them as bugs.

They are features from the future.

My car flew into the sky? Cyberpunk.

An NPC stared directly into my soul? Cyberpunk.

Someone's arm became geometrically impossible? CYBERPUNK.

At some point I realized I wasn't playing Cyberpunk 2077 anymore.

Cyberpunk 2077 was playing me.

I have lost friends.

I have lost sleep.

I have lost all concept of responsible time management.

But I have gained something far more important:

A crippling emotional attachment to Night City.

Would recommend.

10/10.

Would willingly destroy my sleep schedule again.",True,1789162326,0,7.379907407407408
235043231,76561198000663501,297,7067,9177,I have  enjoyed running around this world very much!!!,True,1789160907,2110,7.396331018518518
235042876,76561198791094703,0,11380,11428,Adam-Gonna smash u :D,True,1789160610,48,7.399768518518519
235042733,76561199241307071,0,5478,5560,Very good game,True,1789160509,82,7.4009375
235041904,76561198064965058,204,2779,3285,Im gona ♥♥♥,True,1789159803,506,7.409108796296296
235040083,76561199091444841,74,4324,4724,JUST PLAY IT,True,1789158241,400,7.4271875
235039952,76561199016822414,0,17430,20381,Peak,True,1789158133,2951,7.4284375
235039811,76561198413997930,250,6078,6079,Beautiful Atmosphere,True,1789158029,1,7.429641203703704
235039762,76561198670163715,0,733,740,good game ig,True,1789157988,7,7.4301157407407405
235039469,76561198018598188,0,2037,3208,"fun, after you get past all the talking",True,1789157728,1171,7.433125
235037457,76561198842424478,129,7345,10992,,True,1789156126,3647,7.451666666666667
235037027,76561198674152486,0,4460,4460,this is the best game ive played since assasins creed,True,1789155778,0,7.455694444444444
235035760,76561198134693669,0,4477,4614,"Amazing
",True,1789154727,137,7.467858796296296
235031860,76561199093537327,0,1520,1938,amazing,True,1789151468,418,7.505578703703704
235031809,76561198097022574,0,21902,22642,Adam Smasher,True,1789151425,740,7.506076388888889
235031358,76561198049291006,0,5495,5495,they changed the tos,False,1789151066,0,7.5102314814814815
235031122,76561199235471305,98,194,630,nice,True,1789150859,436,7.512627314814814
235030991,76561198030449577,0,2300,3494,Best digital Cyberpunk experience out there,True,1789150760,1194,7.5137731481481485
235030503,76561198331225849,0,4658,4658,i really wanna stay at your house,True,1789150356,0,7.518449074074074
235030070,76561199083710916,40,19174,19178,"idk, I like the game despite the bugs",True,1789150014,4,7.522407407407408
235028774,76561198327992671,0,35406,41370,Cyberpunk Is Cyberpeak,True,1789148990,5964,7.534259259259259
235028624,76561198721989517,0,726,3994,"i love this game, so much.. anyway if you're gonna play it Note: its Slow at first but once you complete the proluge/epaluge it gets good, if you never played this game? id highly advise you play it..",True,1789148870,3268,7.535648148148148
235027685,76561198086312853,357,15431,15431,It's friggin nova choom,True,1789148142,0,7.544074074074074
235026719,76561198356235249,0,18350,19468,"W story
W gamplay
W world
W overall",True,1789147379,1118,7.552905092592592
235026469,76561198990724541,20,24105,24289,GOAT,True,1789147179,184,7.555219907407407
235022588,76561198030816900,56,1919,2905,My gpu probably hates me but the game is peak,True,1789144124,986,7.590578703703704
235020776,76561199840590970,0,1531,2662,Great game. The hacking mechanism in combat and bike driving is really good.,True,1789142625,1131,7.6079282407407405
235020220,76561199119328201,0,1180,1189,tell em to bring out the whole ocean,True,1789142171,9,7.613182870370371
235019778,76561199556728961,0,4527,4527,"the toxic obsession i can never get over, chooms. 10/10",True,1789141831,0,7.617118055555555
235018614,76561199148478679,0,2210,5590,AMAZING LIFE CHANGING,True,1789140886,3380,7.628055555555555
235018489,76561199525247205,0,9057,9511,"I love the part where Johnny says ""It's cyberpunking time!""",True,1789140788,454,7.629189814814815
235018133,76561198858868309,0,4466,4797,cool,True,1789140505,331,7.6324652777777775
235017718,76561198093564407,0,10189,10189,"The game is...FUN!
Night City feels alive, lots of things to do - and you never feel bored or overwhelmed by the game. The difficulty levels allow for fun game - or for a more challenging gameplay. 
But first and foremost - it is FUN!",True,1789140170,0,7.636342592592593
235015414,76561198836189206,0,4936,4936,goated,True,1789138293,0,7.65806712962963
235014070,76561199226666048,0,4917,5728,"Really good story and a very immersive world, graphics looks amazing",True,1789137179,811,7.6709606481481485
235013644,76561199100967477,1,1519,2376,good,True,1789136812,857,7.675208333333333
235012413,76561199240165356,129,3253,3253,peak game. Can't wait for the year 2077 to actually come.,True,1789135816,0,7.686736111111111
235011632,76561198802682677,0,2839,3097,"odlicna rokacina, savremeni gta...:D",True,1789135151,258,7.69443287037037
235010972,76561198002590526,250,2923,4101,Great RPG really enjoying it.,True,1789134557,1178,7.70130787037037
235009541,76561198967130840,0,5280,6458,"A Masterpiece. First played on PS5 at launch. The launch issues prevented me from playing so took a pause on it for over a year. Came back and beat a literal masterpiece of a game. Now that I have a PC, playing again and it's even better!!! Making different choices, and decisions, the game feels new each time you play it. Thank you CDPR",True,1789133281,1178,7.716076388888889
235008899,76561199552532800,0,10488,10488,One of the best games i have ever played with so much to do. Never have i been so invested in a games story and its characters along with the choices you pick.,True,1789132736,0,7.722384259259259
235008870,76561198096193851,88,2613,2613,:),True,1789132709,0,7.722696759259259
235008393,76561199260182299,102,4089,5314,so glad I did a second playthrough,True,1789132263,1225,7.727858796296296
235007178,76561199566266360,0,15583,16637,♥♥♥♥♥♥♥♥♥♥♥♥ this is the most handsome  looking game even tho my laptop is buns and the game has crashed on me alot cuz its heavy as ♥♥♥♥ but i still play and enjoy it i highly recommend the game it is worth every cent and every second depressing as ♥♥♥♥ but peak,True,1789131226,1054,7.739861111111111
235006667,76561198017637447,186,1025,1025,"Wrold, story and characters are not intresting. The image is too colorful and messy",False,1789130767,0,7.745173611111111
235004897,76561198097526302,1,5249,5564,Top Top,True,1789128956,315,7.7661342592592595
235004686,76561199157700443,0,40,40,"Cutscene after cutscene after cutscene.  I paid for a game to play, if i wanted to watch a movie then i would choose to do that, and the writing and acting would be better too.",False,1789128755,0,7.768460648148148
235003657,76561199511015444,0,8008,8186,fun,True,1789127704,178,7.780625
235002388,76561198180123778,127,3795,3795,"Probably the best Action-RPG on the market, night city feels like a real city, truly immersive, incredible modding scene, A great representation of probably the darkest future which humanity faces, don't ignore the writing on the wall, 10/10 would reccomend.",True,1789126173,0,7.798344907407407
235002144,76561197992616584,0,2344,2344,great game,True,1789125910,0,7.801388888888889
235001032,76561198096761819,0,4493,4493,One of the best games with the best story line of this decade,True,1789124557,0,7.817048611111111
235000208,76561198847829064,24,1813,1813,"worth the wait 
",True,1789123535,0,7.8288773148148145
234997868,76561198054862420,0,5731,5731,"Cool story. Amazing archetecture. World kinda feels full of NPCs though, the populations behaviour is a bit limited. Its one thing I'd wish for future improvements in similar products.",True,1789120554,0,7.863379629629629
234997847,76561199140522622,0,30968,30968,pretty good,True,1789120512,0,7.86386574074074
234997689,76561198331892693,32,1565,3426,"Oh choom, Cyberpunk 2077 is truly one-of-a-kind. It offers action, adventure, different character builds & customization, and an extremely RPG-rich storyline. Tbh, I love third-person games, that’s my jam! I’m not really into first-person games, and the only thing that was stopping me from enjoying this gem was the lack of a full-fledged third-person POV. But my friends kept on insisting that I give this a shot because, other than the first-person POV, this game was totally my vibe, and they were right. Games like these are what I truly love and enjoy, and now that I’ve finally given it a shot and accepted the first-person experience, and I do get my preferred third-person view whenever I’m on my vehicle, I’m totally invested in the story and having a preem experience becoming a Legend in Night City!
One of the biggest reasons behind that is Keanu Reeves as Johnny Silverhand. Man, Panam Palmer has my whole heart, and Phantom Liberty is one preem badass DLC, hands-down. After watching Edgerunners, I also gotta avenge my man David Martinez, which just made me even more locked-in in the world of Cyberpunk. And gotta say, flatlining Adam Smasher is one of the most satisfying things ever.
",True,1789120276,1861,7.8665972222222225
234997516,76561198675774986,0,3502,4689,best game of all time in this world,True,1789120050,1187,7.869212962962963
234997176,76561198989907173,39,3222,3222,Life changing ♥♥♥♥ man.,True,1789119618,0,7.874212962962963
234996085,76561198156134748,241,4419,5305,One of my top 10 games of all time.,True,1789118185,886,7.890798611111111
234993383,76561199114190985,83,6388,6428,"One of the best games I've ever played.
I’ve spent over 100 hours in Cyberpunk 2077 and unlocked every achievement, and I honestly loved every minute of it. The story, characters, world, music, and gameplay are all incredible. Night City feels so alive, and there’s always something new to discover.

I absolutely love this game and I’ll definitely come back to it again. 10/10.",True,1789114534,40,7.933055555555556
234990601,76561198197015875,0,3466,4121,game pretty good,True,1789110489,655,7.979872685185185
234989816,76561198790525933,61,5239,7627,peak,True,1789109429,2388,7.992141203703704
234989784,76561198265230277,0,7517,7898,"the story, the atmoshpere. if youre even slightly into this type of genre you'll be in heaven. and mods send it to the next level. good lord.",True,1789109385,381,7.992650462962963
234989334,76561198446041598,0,10051,10899,gud,True,1789108744,848,8.000069444444444
234986623,76561199015698830,87,2680,3322,"Played on gog first then finally bought the full thing on steam after 2 whole saves, but this game really has done something to me, ily cdpr. Played too much now i speak in cyberpunk slang. anyways thats all im gonna delta choom see you in the big leagues",True,1789104879,642,8.044803240740741
234986225,76561199689712704,0,3875,6119,Good game,True,1789104333,2244,8.051122685185184
234982139,76561198188138018,0,21145,22018,"The game at release was unacceptable. The game is now a masterpiece. 

One of the all time greats. 

Please make another CDPR.





",True,1789099017,873,8.112650462962963
234982132,76561198189257809,408,4504,4504,"More of a mixed rating than a negative one.

There's no doubt that the scale and ambition of the game are impressive, and CDPR deserves credit for turning things around with years of bug fixes and improvements.

That said, as someone who cares a lot about story, Cyberpunk 2077 didn't quite live up to my expectations. I was expecting something on the same narrative level as The Witcher 3, but the story ended up feeling rather mediocre to me. The dialogue, characters, and world-building, for instance, just aren't as interesting or compelling as they were in The Witcher 3.",False,1789099008,0,8.11275462962963
234981428,76561198342407452,25,6491,8641,no real penalties for doing whatever.,True,1789098135,2150,8.122858796296295
234980594,76561199813273367,21,4669,4669,make me ♥♥♥♥,True,1789097105,0,8.134780092592592
234979881,76561199086032838,34,32567,32615,♥♥♥♥ is good as hell ngl champ,True,1789096190,48,8.14537037037037
234979144,76561198029810176,507,11493,11494,Good night choom.,True,1789095334,1,8.155277777777778
234977551,76561198350673055,59,1093,2205,Wake the fk up Samurai. We have a city to burn.,True,1789093366,1112,8.178055555555556
234977389,76561199247322459,0,3434,3437,"This game is actually really good. At first, I thought this game was going to be bad or decent at best due to the launch in 2020/2021 which year it was but I was dead wrong. The world building, the choices you can make and the use of the many different endings was actually good. I would definitely recommend.",True,1789093182,3,8.180185185185184
234977342,76561198125371955,70,207,207,fun open world game that clearly had a few little things to update and add but its a solid game,True,1789093127,0,8.18082175925926
234976287,76561198207706787,0,8698,8698,"Keanu Reeves, what's not to like. Game is fun and the story is wonderful, lots of guns, fights, gangsters, the whole nine. Graphics are pretty good with no fps drops on my end anyways. Give it a go.",True,1789091883,0,8.195219907407408
234976155,76561198751270394,0,4393,5027,art,True,1789091741,634,8.196863425925926
234976053,76561199765238782,0,4086,4839,BEST GAME IVE EVER PLAYED 10/10,True,1789091619,753,8.198275462962963
234975791,76561199132934986,0,16375,16375,,True,1789091274,0,8.202268518518519
234974688,76561199013941085,0,453,575,Trying to get this game to not be a completely laggy piece of ♥♥♥♥ is so awful and drains anything that would make it somewhat fun to so frustrating that I have no desire to play it after spending hours trying to make this ♥♥♥♥ ass game actually run without it freezing every 5 seconds,False,1789089975,122,8.21730324074074
234973491,76561198114349084,130,2128,2128,"Overall: 7/10

Game is very shallow and is hard carried by graphics and art style. Gameplay loop gets boring very fast. Base game story is too short. The combat is good, just nothing super in depth. Enemies are bullet sponges on higher difficulties.

Good:
- Visual Fidelity and graphics
- Voice Acting
- Visually Well designed characters

Bad:
- as of 2026 game game still has occasional crashes and many bugs.
- enemy AI is dumb and very predictable
- repetitive game loop


Detailed:
Game is very shallow and is hard carried by graphics and art style. The story in base game is too short for a RPG. The origin of the character - corpo, nomad or street kid has no consequence to the story apart from different starting mission and different dialog options which are inconsequential to the story in few moment.

Its boring and gets old very fast. Im super disappointed in the combat. They have an interesting premise and yet the weapons are generic guns and melee weapons with the age old, used and abused weapon buffs. Technology is supposed to be super advanced and all they could come up with for weapon effects is poison , fire and electricity ? And not even apply then interestingly at that. Melee combat is just spamming attack there is absolutely no nuance. There is hardly any enemies that require more than pointing and clicking or spamming dash and slash. 

Side quests have no depth, all are following the same template.

Game has a crafting system, which I personally never use in any of the game which has it, and just like other games it can be completely skipped here as well.

Phantom liberty quests are more tight packed with action and side quests are more varied, and has better pacing of the story but the different endings hardly differ.",True,1789088527,0,8.2340625
234972779,76561199433875468,0,1372,1576,"Lo que siempre espere de bethesda, gracias cdproyect.",True,1789087711,204,8.243506944444444
234972384,76561199704482000,0,604,625,"Running on legacy hardware. Its a very forgiving game. Med-High settings FX CPU, rx580 strix 4gb, 16gb DDR3 RAM",True,1789087260,21,8.248726851851853
234971926,76561198393025719,25,18656,20889,"So glad I waited to play this until many patches and DLC came out, as well as upgrading hardware.  Definitely worth a playthrough or two in 2026.",True,1789086739,2233,8.254756944444445
234971677,76561198406042069,94,12535,12535,Kill corpos. Behead corpos. Roundhouse kick a corpo into the concrete. Slam dunk a corpo into the trashcan. Crucify filthy corpos. Defecate in a corpo’s food. Launch corpos into the sun. Stir fry corpos in a wok. Toss corpos into active volcanoes. Urinate into a corpo's gas tank. Judo throw corpos into a wood chipper. Twist corpos’ heads off. Report corpos to the Wizards’ Council. Karate chop corpos in half. Curb stomp pregnant non-human corpos. Trap corpos in quicksand. Crush corpos in the trash compactor. Liquefy corpos in a vat of acid. Eat corpos. Dissect corpos. Exterminate corpos in the gas chamber. Stomp corpo skulls with steel toed boots. Cremate corpos in the oven. Lobotomize corpos. Mandatory abortions for corpos. Grind corpo fetuses in the garbage disposal. Drown corpos in fried chicken grease. Vaporize corpos with anti-matter. Kick old corpos down the stairs. Feed corpos to alligators. Slice corpos with a katana.Shoot corpos and dump them in filthy ditches. Run over corpos with a combine harvester.Drink a corpos milkshake. Beat corpos to death with dildos. Put rocks in corpo shoes. Break corpos on the wheel. Bury corpos alive. Shrink corpos with a shrink ray and throw them into anthills. Pull off corpo fingernails with pliers. Hit corpos in the testicles with a sledgehammer. Drown corpos in their own urine. Hang corpos by their own entrails. Throw napalm into corpo daycares.,True,1789086457,0,8.258020833333333
234970794,76561198806453442,0,209,226,GOOD GAME NOW THAT BUGS ARE FIXXED,True,1789085410,17,8.270138888888889
234970563,76561198030101478,0,9805,10880,Wasted 160 hours,False,1789085136,1075,8.273310185185185
234969437,76561198255122249,111,11598,12061,peak,True,1789083856,463,8.288125
234969309,76561199220615985,0,1092,1092,"As far as gameplay goes, the character creation, variety of quests, sandbox feel, and overall gameplay are all top-notch. What I really dislike is the mature content. There is simply too much of it to ignore or avoid. It’s a shame, because without that content, this game could easily have become one of my all-time favorites.
",False,1789083698,0,8.289953703703704
234969229,76561199509067691,74,2739,2801,one of the best any most immersive games i've ever played,True,1789083601,62,8.29107638888889
234968585,76561198046206318,33,3097,3117,"How it started out was a mess, but futuristic dystopian GTA basically, what's not to like?",True,1789082866,20,8.299583333333333
234968408,76561197993592226,0,7574,11584,It's quite immersive and fun and the character stuff is awesome too!,True,1789082660,4010,8.301967592592593
234967410,76561198974336949,0,11841,11963,Amazing game,True,1789081551,122,8.31480324074074
234966961,76561198780674455,0,1407,1407,I wanted to like this game so bad but it really just is not good. The graphics are beautiful but the story is beyond bland and the amount of sitting aroudn talking omg. i understand its an rpg and i lvoe rpgs but this is just beyond boring and i hope people dont come into this game expecting a gta or rdr2 level of gameplay because they will be beyond dissapointed. The game is beyond mid,False,1789081093,0,8.320104166666667
234964742,76561198766524550,0,1366,2683,"Probably one of the most engaging, deep and organic games I've ever played.",True,1789079012,1317,8.344189814814815
234964355,76561199544789020,0,265,265,awesome game.,True,1789078676,0,8.348078703703704
234964252,76561198847102665,0,6126,6126,"Fantastic Game 
+ A super intricate world, filled with hours and hours of lore you only find if you look under the couch
+ Unique and fun characters that you can easily get attached too
+ Character and combat customization feels really immersive 
+ The main story and side stories are both great and can change depending on how and when you play it 
+ Cyberdeck quick hacking is one of my favorite game mechanics ever. 

- Vehicle controls are complete ass
- If you don't like when people sit and talk for 10 minutes, not for you

9.5/10",True,1789078591,0,8.3490625
234963817,76561198859087398,0,1979,1979,"Bought this game when it first came out, absolute trash that i refunded. Came back a couple years later only to find one of the greatest games ever released (in my opinion). Rich story, vibrant world that feels alive.  I am a huge fan of yhis game now and still come back to it regularly.",True,1789078264,0,8.352847222222222
234962369,76561198188867110,0,3633,5161,Needs more joytoys,True,1789077059,1528,8.366793981481482
234962022,76561199566446262,0,4638,7406,"very nice single player game
",True,1789076775,2768,8.370081018518519
234961055,76561198215505703,233,3668,3668,"short review 8/10


PROS
voice acting
graphics 
customization
gunplay
story
builds


CONS
enemy variety
wish there was more interesting bosses
bugs
the world felt a little empty",True,1789076025,0,8.378761574074074
234960459,76561199489117918,0,3568,4985,"Great game, unique.
- I'm just starting to play(over 50hrs) and I'm hooked.
Must have been awesome at release but is probably best now with the many additional updates through the years.
Lots to learn ..but, it becomes simple as it is mostly upgrades for your character & weapons. There are tons of things both large and small but soon enough the priorities are realized and the fun REALLY begins!
Highly recommended - futuristic open world, action ..the whole bit. 5/5*

* - Played through my Steam Family Library, not compensated, waiting to purchase when on sale - *",True,1789075579,1417,8.383923611111111
234959410,76561198162312374,0,5480,5535,You should only get this game if you have no life because if you do you will get addicted and never go outside again.,True,1789074732,55,8.393726851851852
234959091,76561199229738436,0,7157,10896,best game tbh,True,1789074507,3739,8.396331018518518
234958528,76561199158823727,37,12284,12284,"loved playing this game. sadly i finished it and everything to do but the ending was nice seeing, got the get back for david:)",True,1789074144,0,8.400532407407407
234957982,76561198273749125,66,2643,5496,"Game is bada**, recommend to any and everyone",True,1789073805,2853,8.404456018518518
234957024,76561199839128075,25,1868,1985,"one my best games I tell friends try
",True,1789073219,117,8.411238425925927
234950776,76561198200136906,133,12822,13073,This game has many hidden gems that are worth the wait. And if your not patient there are tons of youtube guides on how to get what you want. Mods are great for this game. They keep up with updates well enough. Not to mention and this cannot be understated a-lot of content.,True,1789070490,251,8.442824074074075
234947710,76561199844993995,24,9399,9485,"Very good game and one of my favorite games ever.
Masterpiece",True,1789068962,86,8.46050925925926
234945988,76561198159583628,50,3102,3102,"One thing to consider: Depending on your choice in the DLC, the game can turn into a horror game. You'll find out the hard way",True,1789068052,0,8.471041666666666
234942682,76561198851637843,0,8575,8575,"Cyberpunk 2077 might not be my all time favorite FPS RPG but it has by far the best story and your decisions matter type game I've ever played.
This game even long after its launch still from time to time has some graphical bugs but it's so much better now then when the game came out. I wouldn't worry about the bugs if that is why you are on the fence for getting this game.
50/10 would recommend.",True,1789066627,0,8.487534722222222
234942026,76561197997843241,0,1393,1661,It's good!,True,1789066283,268,8.491516203703704
234940889,76561198017995861,0,3481,3481,"Cyberpunk 2077 is an absolute masterpiece now. I really have to hand it to CDPR: I highly respect them for not only fixing the game, but truly polishing it to near perfection and delivering an incredible DLC. It has a great, hooking story, an amazing world design, and mind-blowing graphics, even though graphics usually aren't that important to me. The driving mechanics take some getting used to, especially since GTA V set the benchmark for me there atm, but everything else more than makes up for it. It went from a really rough ♥♥♥♥♥♥ launch to a top-tier RPG. Highly recommended!

I will definitely play through it again soon on one platform or another.",True,1789065761,0,8.49755787037037
234939509,76561199196398993,171,1444,1474,"♥♥♥♥♥♥♥♥♥ goated game. prologue is kinda boring but when you actually get to it, act 2 and so on it is one of the most fun games. didnt even know when i complete the game. beautiful game fidelity wise, the weapons make you feel like youre actually is a dystopian advanced world. amazing.",True,1789065210,30,8.503935185185185
234937747,76561198207575167,269,73,892,"Hardcoded keybindings. Instantly into trash gategory.
",False,1789064553,819,8.511539351851852
234937507,76561198150317511,0,12768,12768,I will never be truly happy again,True,1789064476,0,8.512430555555556
234936294,76561199470969582,0,20079,20079,love it,True,1789064049,0,8.517372685185185
234936006,76561199828441741,0,4333,4352,( . )( . ),True,1789063951,19,8.518506944444445
234934082,76561198770168865,0,717,1129,masterpiece,True,1789063157,412,8.527696759259259
234934037,76561198225254268,270,9872,9872,Great game,True,1789063132,0,8.527986111111112
234930705,76561198772789988,48,7103,7103,"My Cyberpunk 2077 Review.

SCORE SUMMARY:
• Story: 9/10
• Gameplay: 8/10
• Sidequests: 8.5/10
• Atmosphere: 9/10
• Soundtrack: 9/10
• Dlc: 10/10
OVERALL SCORE: 9

DETAILED COMMENTS:
• Story
 The story is great; we follow V, a mercenary trying to find his place in a city that wants to see everybody on the ground all the time. After stealing a chip from one of the world's largest corporations containing an engram of a terrorist who died decades ago, Johnny Silverhand, and to keep him stable, V finds himself in a race against time to find a way to remove this chip before Johnny's engram involuntarily takes possession of his body. As V faces this challenge, he interacts with various characters and becomes very close to Johnny, Panam, Judy, Kerry, and River, who are part of his journey in Night City. The game has multiple endings depending on your choices, and all of them are good and satisfying.
• Gameplay
 The gameplay is very satisfying; you can play in different ways. I initially played as a netrunner and found it quite fun, but I switched to a Sandevistan user with a katana and revolver. The game allows you to customize your cybernetic implants for different gameplay styles to suit each player's preference, and the game does a great job of this aspect of freedom. The character customization is very good; you can add various hairstyles, piercings, tattoos, clothes, etc. I only missed visible chrome effects, such as cybernetic arms and etc. It has a skill tree and item crafting. The only downside I felt was the vehicle mobility; the gameplay in vehicles is quite limited.
• Sidequests
  The game's side quests are mostly quite fun, such as the battles where you level up against characters we know from the story. My favorites were the ones with Jefferson Peralez and The Sinnerman. Some of them are really annoying, like the ones that report crimes all over the map.
• Atmosphere
 The atmosphere of this game is beautiful, however, it portrays late capitalism in an excellent way, where corporations don't see us as human beings, but as numbers that consume their products to generate profit. Night City is as dangerous as it is beautiful, a place full of neon billboards advertising capitalist companies that suck the life out of us, an oppressive city with everyone. The atmosphere captivates you in a surreal way, you really feel like an individual in a city that doesn't care about you; you see many people in vulnerable situations while others are rolling in money (this happens now, but in the game happens worst).
•Dlc
 One sin you absolutely CANNOT commit is not buying the Phantom Liberty expansion, it's one of the best expansions I've ever played in my life. The expansion takes us to a district inside Night City: Dogtown, a place dominated by former soldier Kurt Hansen who rules the place with an iron fist, We're going there to carry out a spy mission working together with the FIA, with the promise that we'll be able to get the Relic using Johnny's engram. In it, we meet incredible characters like the netrunner Songbird and Agent Reed. Where we have a story of espionage, betrayals, tears, and hope.",True,1789061521,0,8.546631944444444
234929764,76561199222573078,0,2371,2402,People with nut allergies when I repeatedly stab them with my own arms,True,1789061205,31,8.550289351851852
234929425,76561199005217557,0,1949,4170,"Love the basilisk, thats it.",True,1789061069,2221,8.551863425925927
234928389,76561198744402532,0,5278,5278,"Fantastic game, thoroughly recommend. Small issues I have include npc's glitching into walls at times and getting stuck on terrain. Apart from that, the developers did a great fixing the game and it provides good mod availability and replay ability.",True,1789060678,0,8.55638888888889
234927645,76561199802179215,0,214,330,"nice
",True,1789060444,116,8.559097222222222
234925745,76561197980561004,830,8470,9345,"Damn fine game, a shame I haven't had the time I wanted to put into it. VERY rich story, wonderful graphics, plays like a dream (reviewed 9/10/2026)",True,1789059475,875,8.5703125
234924338,76561199133531917,0,2474,3369,open world without the wilderness was unexpected but declicious,True,1789058725,895,8.578993055555555
234922739,76561198232275396,96,20015,20382,yes,True,1789057809,367,8.589594907407408
234921859,76561199080560749,0,4593,5000,very good,True,1789057088,407,8.597939814814815
234921057,76561198226661064,211,6297,6297,"I put this one off for far too long, it was a masterpiece. Plain and not so simple. From becoming best buds with my sociopathic terrorist that lives in my head (rent free of course), to momentarily becoming a government dog and questioning my morals for an achievement (I'm so sorry Songbird), this was a preem one chooms. Stealing from corps, partying with the Aldecaldos, putting on one final gig in Johnny's honor. It was a blast, just remember choom... No one expects the Spanish Inquisition, not even Silverhand.",True,1789056380,0,8.606134259259258
234920075,76561198667886446,0,1591,1591,yes.,True,1789055493,0,8.616400462962963
234919928,76561199815304113,0,295,295,سيئة و فوضى,False,1789055350,0,8.618055555555555
234918999,76561199520647867,0,4496,4555,I need more caffeine,True,1789054503,59,8.627858796296296
234918618,76561199244590175,33,11070,11070,10\10,True,1789054181,0,8.631585648148148
234917460,76561199220889215,92,6820,7139,i love cp,True,1789053072,319,8.644421296296295
234916455,76561199791185752,0,1310,2904,mantis blades,True,1789052138,1594,8.655231481481481
234915332,76561198359314369,66,13142,13749,just awseome,True,1789051124,607,8.666967592592593
234914858,76561198991733297,0,9919,9919,"""Look mom I'm here very top of Arasaka tower""",True,1789050689,0,8.672002314814815
234912124,76561199237086905,0,321,840,"Uhm it was good
Wish it was a bit longer",True,1789048121,519,8.701724537037038
234909245,76561198803087622,111,5912,6158,"Genuinly peak, i cant wait for the next cyberpunk game",True,1789044995,246,8.737905092592593
234908969,76561198219534637,529,6482,6482,cool game,True,1789044668,0,8.741689814814816
234908750,76561199754485777,0,406,423,Visuals are really amazing. Story felt short but was good enough I guess,True,1789044401,17,8.744780092592592
234904401,76561199833423176,0,766,766,Very fun game but arasaka = nestle,True,1789038888,0,8.808587962962964
234903773,76561199466151899,0,513,513,ffgtvq,True,1789037911,0,8.819895833333334
234902714,76561198007481470,0,5136,5136,"Look, the game ain't The Witcher 3. The quests and companions are good, but they just aren't up to that standard.

But ♥♥♥♥♥♥♥♥, the city is amazingly beautiful. Still the best out there in my opinion, as it never fails to immerse me. I can genuinely understand why people in universe would want to live there despite all of its many drawbacks. There's just something about Night City that makes it feel like an actual place rather than simply a backdrop for the game.

Combat is fine. Not great, but far from bad. Which is what i would say for most of the aspects of the game in general. 

The only thing I'd say is oddly underwhelming is the sex. For a city like this, the supposed degeneracy is surprisingly sanitized. Sure, there are some ""scenes,"" but ngl, they're pretty damn mild. Oddly enough, I felt The Witcher 3 handled this better. Heck even Bg3 had more options. 

9/10. It's really quite special. 
",True,1789036267,0,8.838923611111111
234902406,76561198850712723,0,42627,42627,"10/10, would no russian the Black Sapphire's lobby again just cause a guard had an ego.",True,1789035759,0,8.84480324074074
234902292,76561198006284945,591,3087,3087,"""PLAYING CYBERPUNK 2077 IS LIKE MONA LISA BEING PAINTED""



PS: I have waited more than 5 years to bulid my PC, so that I can play Cyberpunk 2077 at highest possible setting on a OLED monitor. It's absolutely worth it.",True,1789035586,0,8.846805555555555
234901266,76561199804579857,0,961,1860,"peak asf
",True,1789034009,899,8.86505787037037
234900918,76561198128671181,10,15691,16878,"Perfect vibe, story and atmosphere! Cool graphics and control! Had a great time playing!",True,1789033409,1187,8.872002314814814
234900454,76561198099053084,547,7741,7741,"What can I say about Cyberpunk that hasn't already been said? I don't want to talk about the gameplay here or the mechanics both of which were pretty solid for an open world RPG. I managed to go into this game almost entirely blind, having never watched any cyberpunk content before starting my playthrough I found myself immersed in the story and invested in the characters in a way that called me back to the days before every RPG was just the same regurgitated slop. The Anti-Corpo sentiment throughout the game adds a layer that insists upon the real world, showcasing a world where we let megacorps control our lives and warning us of the dangers therein, having only played this in 2026, 6 years post release I can say it hits harder now than it probably did for many others upon release. 
This game is phenomenal, the DLC is excellent and adds a new depth to the story that hits just as hard as any of the main endings. There was a lot of BS surrounding this game's release, most anticipated game of the year being a release flop and all, but I can say without a doubt that it's worth the playtime now, and any bad blood it had at release has been thoroughly purged. Enjoy the game, enjoy the story, enjoy the world. Let yourself be immersed in a game the way you used to as a kid and you won't find yourself disappointed.",True,1789032631,0,8.881006944444444
234899633,76561199550033391,0,10517,10517,"The base game is really good.  I recommend you buy that only.

The DLC is trash and once you start it you're pretty much locked into it with 
incessant annoying reminders from an annoying character with bad writing and even worse choices for responses from the player.  By the time I realized I was not going to enjoy the DLCs writing and missions, the game had already overwritten all my autosaves with new ones.  Back three plus hours to my most recent hard save, oh well.

Relic tree is poorly done.  Barely any new gear.

Phantom Liberty feels like you're playing a different game entirely.  Not worth the money.",False,1789031267,0,8.896793981481482
234899049,76561198439624240,87,23117,24603,"jhonyn si,lverhand",True,1789030261,1486,8.9084375
234898791,76561199156289743,307,13885,14189,"Night City is a colossal purgatory forged from steel and blood, a place where towering skyscrapers strangle the sun and neon light bleeds into the asphalt. This city never truly gives you a choice in how to live; it simply waits for you to decide how you will die. The cursed bullet we took to the head in that desolate landfill, thanks to Dexter DeShawn's betrayal, the very bullet Misty turned into a necklace, is not merely the beginning of the game. It is a ticking bomb hanging against our chest, the fatal price of our arrogance and our desperate hunger to become a legend. Every second that cold metal touches our skin, it whispers that we are slowly fading away.

The neon-drenched summits of Night City promise to carve your name into history in letters of gold, to make you an immortal legend. And at first, we believed that captivating lie. That is, until we lost Jackie, bleeding out in our arms in the back of that bloodstained Delamain cab. Jackie wanted to become a legend in Night City. He wanted his name to be remembered, to become someone who truly mattered. But as his blood slipped through our fingers, something inside V began to change for the very first time. In that backseat, V realizes that the pursuit of becoming a legend can actually mean burying the people you love with your own hands. The devastating loss of Jackie, followed by betrayal and the bullet she took to the head in that dark landfill, tears away the illusion Night City had built around her. V now knows that her time is slowly and irreversibly running out. And that realization becomes the first step in a long journey that slowly changes her ambition and the way she sees life and what truly matters.

The other paths the game offers confront you with the cost of becoming a legend. Trust Arasaka and you find yourself locked inside that orbital clinic, separated from your identity, your life, and the things that made you who you were, until you become little more than a corporate experiment. Even when you conquer everything in The Sun ending, reach the summit of Night City and touch the sun, you can still end up completely alone in the freezing void of space. The summit becomes the city's most magnificent, yet coldest, graveyard. And then, as the credits roll, the holo calls from your friends begin to play. Judy's tearful voice, Panam's fierce and desperate tone... They all point toward the same truth: the legacy you leave behind is not a soulless name carved into neon, but the lives you touched and the people who miss you when you are gone.

And this is exactly where Cyberpunk 2077's 5th Anniversary “City of Legends” trailer places V's entire journey before us, almost like pieces of the same realization. The lines in the trailer don't feel like random quotes. Together, they form a chain that gradually leads V toward questioning what truly matters after everything she has been through in Night City.

First comes the question: “If you could go back to the beginning, what would you try to change?” This question does not simply ask V to reconsider the things she has done. It makes her look back at the people she lost, the choices she made, and what remains after the entire journey. V is no longer the person she was at the beginning. At first, what mattered was rising through Night City, taking bigger jobs, and eventually becoming a legend everyone would know. But as time passes, the things that matter to V begin to change. Family, friendship, the people who stayed, and the people she truly loves begin to carry far more weight than the fame Night City promises.

Then the trailer continues: “You don't fight to win, or even stay alive...” This line shows that V's struggle has become something much larger than a simple fight for survival. Throughout her journey, the people she loses and the bonds she creates teach her that simply staying alive is not enough. A person isn't necessarily truly living just because they are still breathing. The real question is what that life is being lived for, and who you want beside you while you're living it.

Then comes that crucial line: “You might just make it to the major leagues...” At first glance, it sounds like the old Night City dream again, the dream of rising higher and becoming someone important. But within the flow of the trailer, the meaning shifts. It is no longer simply about reaching the top of Night City. What V ultimately reaches for is the feeling of belonging among the people who truly matter to her. The “major leagues” no longer feel like nothing more than the status Night City promised her. They become something closer to reaching a place where she can stand alongside the people she genuinely considers her family. The idea moves away from the city's command to “become a legend” and toward the much more personal question of “who are you with?”

And immediately after that comes the short but incredibly heavy line: “And just for a moment...” This is where the emotional weight of the entire trailer seems to condense into a few words. V is no longer seeking a name that will live forever. She wants to feel, even if only for a brief moment, that she truly matters to the people she loves. That brief moment becomes worth more than every neon light in Night City.

Finally comes the emotional peak: “Be something that ♥♥♥♥♥♥♥ mattered.” To matter here is not about proving yourself to Night City or making sure everyone knows your name. What V ultimately wants is to mean something to the people she considers her family. To matter to the people who would fight for her, bleed beside her, and refuse to let her disappear without a fight. The point is no longer to be remembered as a legend. It is to have been genuinely loved and valued by the people who truly knew you.

This is where the deeper meaning of the “Never Fade Away” spirit becomes clear. True immortality is not becoming a chrome-plated god or the greatest legend Night City has ever known. It is being remembered by the people whose lives you touched. It is having people who would stand beside you when everything falls apart. And this is where V's journey truly changes. She stops searching for the value that Night City assigns to her and begins deciding what her own life is worth.

That is precisely why, at the border where the city's counterfeit lights finally disappear, The Star ending becomes more than an escape. It becomes V's strongest answer to everything Night City represents. Far away from the noise of corporate wars and neon streets, nothing can replace a nomadic family gathered around a campfire, the friendship of Panam and Mitch, or the simple tenderness of holding Judy's hand. As V feels the desert wind against her face atop the Panzer, she is finally taking her own fate back into her hands.

And that is why tearing the cursed bullet necklace from her throat and giving it to the wind carries so much weight. The exact moment that necklace disappears into the dust is the moment V leaves the myth of becoming a legend behind. She is no longer choosing the life Night City has designed for her. She is choosing her own life. Perhaps she only has six months left in that failing body. Perhaps the future remains uncertain. But breathing freely under the open sky, beside the people she loves and on her own terms, is worth more than an eternity of fame.

Because Cyberpunk 2077 was never truly about becoming the greatest legend Night City had ever seen. It was about discovering, in a city that teaches you to sacrifice everything for a name, what is truly worth holding on to. In the end, it is about choosing a life of your own, standing beside the people you love, and holding on to the hope that tomorrow might still bring something worth fighting for, no matter how much time you have left.

Thank you Cyberpunk...",True,1789029901,304,8.912604166666666
234897991,76561199570434266,0,200,200,Amazing world but Hey! This is not the future... We are there,True,1789028509,0,8.928715277777778
234894752,76561198859441029,24,766,2684,2036,True,1789022390,1918,8.999537037037037
234893811,76561197987806105,0,3922,3922,Loved it. A bit buggy here and there but nothing show stopping. Will definitely play it again.,True,1789020501,0,9.021400462962964
234893362,76561198068022553,0,5813,9059,Great,True,1789019724,3246,9.030393518518519
234891370,76561199028629555,191,1880,1889,Greatest comeback in history,True,1789016212,9,9.071041666666666
234891043,76561198984794503,0,1708,2665,NA,True,1789015675,957,9.077256944444445
234890745,76561199498570417,0,4083,4154,Hard not to love a romp through Night City. Countless hours of gameplay with a beautiful open world to explore. Devs have continued to provide quality updates. 10/10,True,1789015155,71,9.083275462962963
234890728,76561198396476071,0,2399,2399,Good Game,True,1789015133,0,9.083530092592593
234890589,76561199800977354,0,390,439,so fking great,True,1789014866,49,9.08662037037037
234889929,76561199078121037,110,3057,6348,"You owe yourself to play this game, choom.",True,1789013673,3291,9.10042824074074
234888006,76561199822997555,0,12636,13919,I like it,True,1789010568,1283,9.136365740740741
234886876,76561198201016983,152,3621,6261,"good game
",True,1789008928,2640,9.155347222222222
234886041,76561198715840752,0,4452,4553,10/10,True,1789007668,101,9.169930555555556
234885616,76561198309649300,54,15881,16026,"a must have  for anyone who likes deep stories. fantastic characters, fantastic open world with a lore that's intertwined with everything you do. enough gameplay mechanics to have varied playstyles in a single playthrough.

it's not perfect, though. 2.31 has made the game quite buggy, especially with FSR4 on. no controller keybinding either, which is weird for a game this ""new"". other than these, it's pretty much a perfect game",True,1789007058,145,9.176990740740742
234884381,76561199100707502,0,6218,7027,havent played a game this much in a while its such a nice feeling gonna restart again soon.,True,1789005351,809,9.196747685185185
234884189,76561198081430503,0,40095,42351,good,True,1789005101,2256,9.199641203703704
234883656,76561198078560643,0,2281,7049,"5 out of 5. Story is great, some wonky bugs here n there. But, definitely worth throwing hundreds of hours at",True,1789004304,4768,9.208865740740741
234882981,76561198141668448,40,6029,8857,yeah add a dlc with achievements so people cant get full achievement completion without throwing more money at you. very fair.,False,1789003284,2828,9.220671296296297
234882831,76561198447469988,0,2052,2448,AMAZING GAME especially after all the crazy updates.,True,1789003083,396,9.222997685185184
234881372,76561199065040101,0,24316,24907,"i mean,  best game since rdr2.   and until gta6",True,1789001118,591,9.245740740740741
234880996,76561198886251773,15,1803,1803,"Best singleplayer game that isnt Skyrim. There isnt much else to say, if you like moddable games with a 10/10 story and have spent 2000hrs in skyrim and are looking for a change, then this is it.",True,1789000605,0,9.251678240740741
234880793,76561199466048571,32,61,61,tuff,True,1789000329,0,9.254872685185186
234880703,76561199528216480,0,4533,5195,Can't stop diggin' Night City!,True,1789000196,662,9.256412037037038
234880464,76561199800209216,0,1491,2510,this game is sooo sweet. i love cp so much,True,1788999874,1019,9.26013888888889
234879753,76561197971089496,0,5721,5856,"it's a marriage of Johnny Mnemonic and Grand Theft Auto, with a heavy Deus Ex vibe and a Philip K. ♥♥♥♥ personality split.. Pretty cool!",True,1788998851,135,9.271979166666666
234879470,76561198371537808,81,6542,7346,Johnny + V <3,True,1788998466,804,9.276435185185186
234877349,76561199183045862,0,2370,4565,it ok,True,1788995630,2195,9.309259259259258
234877221,76561197973528275,0,764,1470,I played around 350 hours on switch 2 before buying a PC to continue playing this on PC with mods,True,1788995483,706,9.310960648148148
234877176,76561198059709686,0,13246,14166,"Not a perfect game, took a while for them to get it to a place worth the asking price, but many patches and one DLC later, as I play through it for a 6th time, I'd say it's become what it promised to be~",True,1788995422,920,9.311666666666667
234877109,76561198942120482,0,8133,8133,Preem experience choom,True,1788995342,0,9.312592592592592
234875805,76561199711536059,0,8406,8406,"Can’t believe I have never written a review for this masterpiece… It goes without saying that this game right here is something special. It definitely put the Cyberpunk genre on the map, and the comeback it made will be told for years to come. Hands down, one of my top 10 favourite games of all time.",True,1788993839,0,9.329988425925926
234875230,76561198385227572,0,6477,6569,masterpiece.,True,1788993169,92,9.337743055555556
234874753,76561198037363112,0,9581,9581,"Have been playing games for a long time now and have put many under my belt, and Cyberpunk 2077 is easily one of my favorite games of all time. In my top 10 easily. If you love the cyberpunk aesthetic/genre and want to fall in love with some characters and story... hell, even if you just want a giant city to run around and explore in and cause some mayhem, then I highly recommend picking this game up. The amount of hours you can put into this game is well worth the price, and even more so if you wait for it to go on sale. The Phantom Liberty DLC is also very good.",True,1788992563,0,9.344756944444445
234874211,76561198219381448,915,3135,4268,"I tried to play Cyberpunk 2077 a few years after launch and it was still a broken mess, even softlocking my progress. But now it is much more refined and although it still has bugs, they are more immersion breaking than game breaking.

The main story is well worth playing and I would really recommend it. 10/10 for that.

But for me, sadly, the rest of the side content is rather mediocre. Not great, not terrible. Overall, still a solid RPG and it now is in a playable state.",True,1788991900,1133,9.352430555555555
234873438,76561198035152083,339,2679,3040,Good game,True,1788990960,361,9.363310185185185
234873289,76561197992862638,0,63553,63553,"Amazing single player. I just wish the storylines branched more.,",True,1788990789,0,9.365289351851851
234873245,76561199127719589,0,10452,10755,"Actually the best game I've ever played. The story, the characters, Everything. I've beat it 5+ times doing every ending and every path with a ton of builds. I love this game and I cant give CD Project Red enough credit. (Also watch Edgerunners I dont even like anime and it was amazing.)",True,1788990729,303,9.365983796296296
234873148,76561199068856119,0,12631,13104,Runs insanely smooth with highly detailed graphics. Has large replayabiliy and versatility,True,1788990595,473,9.367534722222222
234872336,76561198799309652,64,9554,10016,"One of the best games ive ever played. Games is really good but the DLC is on another hole level.
I bought it without too much expectations on 2020 i first played it now on 2026. It made me play a ""new"" game after a lot of time, where i would only play old games on remasters/remakes.

I really wish that i could rewind time and play it back for the first time. Superb expirience",True,1788989709,462,9.377789351851852
234872194,76561199837524643,0,825,1092,good grafik,True,1788989550,267,9.37962962962963
234871925,76561198169055269,0,608,986,"Honestly.  This game shows gamers have Stockholm syndrome.  I got it 6 years later, and its glitchyness is driving me bonkers.  Hell Skyrim after 2 years felt less glitchy.  Its still full price too.  Yet I see reviews in recent around 95%.   

Honestly the only thing it has going for it is the world/art, yet they still messed that up.  Why am I getting cyberpunk in daylight?  Do what they did in that movie ""Priest""  and make the smog so thick that there is no sunlight.  There is other stuff but come on, Neon and dark damp alleys is the look.  

Rest of it is just an average FPS GTA ""homage"".  Honestly, the market can do better, but it has not.  So if you can deal with the problems, good on you.  Just don't expect the best game.

As for story, already got some spoilers, but it not doing it for me.  Modern writers can't do tragedy.  And lets be honest.  Its open world, 90% of the time you just doing side missions and randomly do the main mission, that you forgot about.",False,1788989249,378,9.383113425925925
234871912,76561198357618382,0,10134,10518,"Put 110 hours into my first playthrough and am 40 hours into my second starting the DLC. Worth every minute. Good variety in combat, good story, and a world that's so easy to get lost in",True,1788989238,384,9.38324074074074
234871745,76561198083880561,0,607,607,still a buggy mess years later.,False,1788989073,0,9.385150462962963
234870083,76561198793754113,1,1319,2425,"insanely overhated game, love everything about it",True,1788987335,1106,9.405266203703704
234869219,76561199195713585,0,7011,8019,"wake up samurai, it's now ""bug free"". in all realness, beautiful game. I hated johnny at first but found myself loving him and actually shed a few tears when it was time to say goodbye. Stutters a bit especially when loading into a new area, but thats understandable with my setup. In my new top 5 of games, legit",True,1788986400,1008,9.416087962962964
234869094,76561199588916346,85,3787,3787,v stepped into the crowd and played this amazing game,True,1788986273,0,9.41755787037037
234868528,76561198784678548,33,33504,33504,"I got hooked in the story, combat mechanics is awesome. A 1st person view what makes the game immersive. Even in my budget pc I still get to have amazing graphics. I fell in love with each of every character except for Dexter Deshawn. Although there are some few bugs here and there. Once, I've encountered an annoying bug, I hope to be fix, the quest ""run this town"" I think, a quest for Mr.Hands that quest seriously need a fix, cause I didn't get too choose what I wanted and just needed to follow a specific choice for me not to get stuck. And there are also at times when doing car deliveries for El Capitan, the quest suddenly failed while approaching Watson. Dunno if its fix but I never did have that problem since few months. But for me in spite of it all, this game is worth my money.",True,1788985694,0,9.424259259259259
234867330,76561198066653228,0,3119,3119,Great game,True,1788984458,0,9.438564814814814
234867258,76561198110730731,0,11818,11818,"The game is much better on Console, PC has way more problems.",False,1788984365,0,9.439641203703705
234867059,76561199225977277,0,3552,3552,absolute cinema,True,1788984158,0,9.442037037037037
234865950,76561199081174404,188,3610,3610,"'And remember, the game is fixed' — and then it goes off the walls straight to the backrooms, bugs and all. Skyrim vibes, but I love it anyway.",True,1788983203,0,9.453090277777777
234856755,76561198027654826,0,12374,12374,"Played it since day 1, (yes even with the bugs and glitches) still my most favorite game of the decade so far. 10/10 absolute depression game but best game",True,1788976172,0,9.534467592592593
234855322,76561198798584914,0,2839,3081,Good Game,True,1788974830,242,9.55
234853585,76561198737383828,4,689,689,GOOD,True,1788973212,0,9.568726851851851
234851004,76561199511820382,116,1821,1821,"I used to play the game, then get bored and turn it off; I played it more than five times—I really gave it a fair shot—but honestly, the game is better than its rating suggests.",True,1788970888,0,9.595625
234850562,76561199201288111,61,4145,4145,yeah peak game good pc required,True,1788970467,0,9.600497685185186
234848882,76561197970414935,0,946,946,"Just not a fun game for me. I really tried, but I don't care even in the slightest about any of the characters (although ""character"" is probably too strong a word here). And the game play is just tedious at best. Wish I hadn't bought this.",False,1788969049,0,9.616909722222223
234845892,76561199235508841,0,6327,6699,Half of my hours are just me shooting random people,True,1788966559,372,9.645729166666667
234842477,76561198794498277,10,5368,5750,"Great game, DLC is 100% worth it. Be warned it can be laggy on some specs and may crash sometimes straight out of the blue, still the crashes are very rare.",True,1788963240,382,9.68414351851852
234841951,76561198066349866,0,3692,4194,good,True,1788962693,502,9.690474537037037
234841747,76561199516825866,0,5764,6628,"gilak gua tenggelam ke cerita ""V"" bagus banget gilakk
",True,1788962500,864,9.692708333333334
234840695,76561198085294767,0,28141,29258,This is one of the best games I've played in a while I've logged 469 hours (nice) and I'm still finding new things. The replay value is insane and the city feels alive and its mod friendly as well.,True,1788961469,1117,9.704641203703703
234840366,76561199566990454,61,3293,3293,very good game,True,1788961151,0,9.70832175925926
234839619,76561199055068043,0,17552,19318,.,True,1788960336,1766,9.71775462962963
234839248,76561199743783792,0,2264,7967,"CD Projekt Red knows how to tell a story. I don't know how anyone can top this. I was glued to my seat as I played through the main storyline. This new mad universe they built is heavily and successfully inspired by notable works of scifi such as blade runner, judge dredd, burning chrome, the sprawl, and idiocracy. Basically, the game is more of a dystopian warning as much as a visual treat. 

Mechanics wise the game is good but it is obvious that it was somewhat rushed. There is a moderate amount of bugs, not deal-breakers but enough to suck you out of immersion at times. The combat is revolutionary. Never seen so many options to pacify enemies in any other game. Visuals, musics, and acting is top notch too. I just wish the NC was larger tho. It's not small and its packed with detail but at the same time, it is quite compact for a megapolis. I also should mention that the mission variety and volume is truly magnificent.

Overall 9/10, must play.",True,1788959927,5703,9.722488425925926
234838253,76561198157927988,0,64436,64662,"....I've played for a thousand hours, do I really need to explain why I recommend it? or can I just say it's good and move on? 

ANYWAYS! Long story short, just can't stop diggin' Night City.",True,1788958910,226,9.73425925925926
234836630,76561198255074992,232,4512,5821,"One of the best games I've played, with a world worth losing myself in, a thought provoking story and characters I felt invested in building relationships with.",True,1788957074,1309,9.75550925925926
234834956,76561198066357763,152,872,872,"sometimes i replay the intro because this is where the game peaks
",False,1788954907,0,9.780590277777778
234834577,76561198056904505,0,3834,3870,"its alright, kind of fun with mods but replaying is a drag due to so many things being unskipable. Looked for an auto skip mod that hold the button for me to skip dialogues but found nothing, would certainly make life easier. 6/10",True,1788954490,36,9.785416666666666
234833888,76561198143914920,287,7442,8588,One of the best games I have had the pleasure of playing,True,1788953553,1146,9.796261574074075
234833786,76561199219771504,45,1232,1288,Actually playable after the first needed updates,True,1788953427,56,9.797719907407407
234833050,76561198799180149,97,8075,8677,"good :D, crashes sometimes though ;-;",True,1788952356,602,9.810115740740741
234832346,76561197964287388,0,10981,10981,Maybe the best singleplayer story game of all time now...,True,1788951384,0,9.82136574074074
234832163,76561198262807884,261,21149,25117,:O,True,1788951131,3968,9.824293981481482
234830837,76561197995053726,981,1000,1101,Pretty good CyberPunk RPG.,True,1788949162,101,9.847083333333334
234830835,76561199169804370,41,5331,7384,pretty fun yet unoptomized,True,1788949156,2053,9.847152777777778
234830195,76561198016770721,6054,8730,9896,"There is a hole the size of Antarctica in my heart after ""completing"" Cyberpunk 2077.

You'll not find anything different from many reviewers who have already praised the game. The graphics are great, gameplay is awesome, music hits differently, world-building is fantastic, characters are deeper than the Mariana Trench, and the story is great except for the endings, which all of them sucks from my point of view.

The reason is that the open world that is designed here is one of the best open worlds in any video game ever. This is one of the rarest games where I have rarely used fast travel! The vibe is unmatched compared to any other game. The world is not too big but detailed, contained, and content-rich; there are ubish! t-esqe icons, but those also have a little story and lore, so it was almost worth completing them!

Open world activities work here because each one connects to the greater lore of not only Night City but the entire world at that time. Every gig, every random encounter, every shard you pick up feels like it belongs to the same living, breathing, rotting city. Night City itself becomes a character — loud, beautiful, cruel, and addictive. You start treating the streets like home instead of a checklist.

Keanu Reeves, aka John Wick, aka Johnny Silverhand, is fabulous! This is again one of the rare instances where a celebrity was used properly, and he gave his 100% to create one of the most memorable characters in video games! The banter, the rage, the quiet moments… he just works. And the rest of the cast (Panam, Judy, River, Kerry, even the random fixers) all feel like real people stuck in the same neon meat-grinder.

Now that I have completed all endings, I'm half-broken. Half because Phantom Liberty is still ongoing (Idris Alba is also utilized amazingly, but that part comes in the Phantom Liberty review).

Endings, all of them sucks. I'm a sucker for happy endings, and here, we have zero. None of them provides our character with the solution that was required, and I'm pissed & sad.

But my V will keep fighting.",True,1788948201,1166,9.85820601851852
234829037,76561199044738338,157,6555,6555,"Rating: Solid 10/10

Cyberpunk 2077 is a top contender for my favourite game that's been published, period. It's rocky launch is infamous, and that is truly a shame as very few other Video Games exist that serve as a treatise on humanity and emotion in an increasingly isolated technologically advanced world. Tackling questions of legacy, and identity in a world that wishes to tear it away or commodify it is difficult and this game tackled it perfectly. 

The Gunplay, Customisation and Narrative are all strong aspects, the game has the respect to give it's NPC's defined existances outside of V, which leads to one of the best romances in the game, Johnny SIlverhand, you will eventually come around to, even if you disagree with his motives or justifications and the game just drips of style. 

Negatives are primarily oriented around that it still has some bugs but in it's current state, the vast majority are unobtrusive and negligible, especially as someone who plays alot of games designed in the 90's and early 2000's.  

Easy Recc.",True,1788946386,0,9.879212962962963
234828071,76561197963528897,0,10988,13689,Runs fine on Kubuntu Linux,True,1788944775,2701,9.897858796296296
234828070,76561199128331560,118,1090,1869,Wake the ♥♥♥♥ up Samurai. We've got a city to burn.,True,1788944774,779,9.89787037037037
234827184,76561199146061587,0,2705,2753,<3,True,1788943297,48,9.914965277777778
234826731,76561198040987640,0,13895,19789,incredible,True,1788942467,5894,9.924571759259258
234825482,76561198959394111,0,540,596,good,True,1788940162,56,9.95125
234824182,76561197969346447,72,6443,6443,I have tried multiple times. This game just sucks.,False,1788937896,0,9.977476851851852
234822269,76561199489365839,0,51278,55538,"Amazing gameplay, great storytelling",True,1788934333,4260,10.018715277777778
234822106,76561199826198891,0,925,925,Look mom i'm at the very top of arasaka,True,1788933995,0,10.022627314814814
234821985,76561198290717866,0,16777,17341,Great game. Great story. Updates made it all greater.,True,1788933767,564,10.025266203703703
234821860,76561199836882662,0,192,921,"Great game. I use Mac, and it works fine for me. Still playable, still enjoyable.",True,1788933482,729,10.028564814814814
234821708,76561198190983622,0,6343,6343,i couldnt wait for you to come and clean my butthole... but now you're gone and leaving nothing but a stain... another evening i'll be pooping in betweeeen the toilllllet bowlllll... because im pooping all the time...,True,1788933164,0,10.03224537037037
234821480,76561198335874616,0,5555,5555,i love cyberpunk i cant wait to live this life in a few years,True,1788932740,0,10.037152777777777
234821333,76561199812325598,0,2890,3404,best game of all time highkey,True,1788932500,514,10.039930555555555
234821331,76561198207923616,0,3406,6482,Amazing!,True,1788932500,3076,10.039930555555555
234820476,76561198275994856,0,4387,4387,"Incredible game. Incredible story. Felt emotions: Hate, love, sadness, fear, dread, it made me feel sick and made me feel utter elation. This game made me laugh, It made me cry. Would erase my memory of this game over and over just to play it again.",True,1788930857,0,10.058946759259259
234820374,76561198368033861,0,1826,1826,Neat,True,1788930665,0,10.061168981481481
234819254,76561198830548876,0,219,366,cccsdczcd,True,1788928606,147,10.085
234818357,76561197973933192,815,52085,52085,"Even at full price, this is incredible value for money.  I was lucky enough to run this without any game-breaking issues at launch, but it has been so much better with the updates and Phantom Liberty.

Deserves to be bought at full price.",True,1788927094,0,10.1025
234817598,76561198366492430,0,1351,1351,"Soulless crap. It's like a mid-ass PC with a lot of RGB lighting. The lighting won't fix the PC, though.",False,1788925870,0,10.116666666666667
234814928,76561199825918311,0,4988,6443,johnny silverslong,True,1788921850,1455,10.163194444444445
234814382,76561198126127634,0,7889,8727,yes,True,1788921102,838,10.171851851851851
234813177,76561198776048657,8,976,1636,"really? do i even need to write this to tell how good this game is? its like adding a drop to an ocean but im still going to do it, first, the story, no words, just masterpiece (RIP jackie), now the gameplay, i believe the driving system is extremely good for how realistic it is, and nothing feels better than getting the most eddies you can get to get VERY chromed up, the graphics, simply WOW, this game released in 2020 btw, no words. and remember, there are no good endings in night city.",True,1788919427,660,10.191238425925926
234812223,76561198709985236,0,3010,4456,its badass,True,1788918054,1446,10.20712962962963
234811900,76561198824274448,0,4105,4105,Overheated my CPU 10/10,True,1788917650,0,10.211805555555555
234811281,76561197979712193,0,1718,1951,"Played in 2021 and quit, just didn't like at. Something changed (the game did, maybe me too) and now I'm having a good time.",True,1788916817,233,10.221446759259258
234810861,76561199840161205,0,19056,19987,"This game for me, really scratches an itch. For the longest time, I couldn't identify exactly what that itch was. As of writing this review, I think that I have come to a conclusion on what this game does for me. Cyberpunk 2077 does something that most other games do not and that is the blend of fiction with reality. Now I know what your're thinking: ""What the hell are you talking about? Nothing in this game is real, are you boofing crack?"" To the latter, you'd be correct. To the former, we have to look at Cyberpunk from its core premise. On its surface we can see that large corporate organizations essentially control the modern day world and that ordinary citizens struggle to survive on a daily basis. Very high tech and low life. That's not dissimilar from the world we live in today. We have large corporations that lobby and influence greatly the world that we live in and while many of us aren't mercs, we certainly have a lot of dead end jobs that require small gig jobs here and there to help make ends meet. While we don't have Mr. Studds and Braindances, we have smart TVs and smartphones. While the actual content of the game is science fiction, the principle of the game is very lifelike. There is no free lunch IRL and in Cyberpunk. This is the core of what I like so much about this game.

From a gameplay perspective, Cyberpunk has a whole hell of a lot to do and it is very replayable for me. You can play the game very differently each time you restart the story. From the lifepaths, the weapons and the skills, it can often feel like several games in one. My two favorite ways to play is with Sandevistan and bladed weapons or  Cyberdeck with ranged weapons. 

As far as graphical fidelity and artsyle is concerned, Pretty A+ in my book. I love the neon soaked night time in the city, the super clean militaristic areas and the worn down grunge impoverished areas, This game as lots of contrast that feels amazing and helps the stoytelling. My only complaints right now are the draw distance and textures popping in and out, which I postulate may be a problem with the game engine and not necessarily an issue with my hardware. 

The sound design is pretty good as well. I love the way the weapons sound, the way the cars rev up, and the different sound effects for performing certain actions like uploading quickhacks or activating the sandevistan. The music in the world and on the radio stations really adds depth to the world and fleshes it out. Also, the minor npcs sound funny as hell when you scare them. 

In conclusion, this game is about as much fun as you can have outside of the bedroom, unless you take your bedroom activites outside. At any rate, I'm clinically addicted to this game. Playing Cyberpunk is about as close as I can get to the feeling of the first time I tried heroin. Close enough.",True,1788916249,931,10.228020833333334
234810498,76561199278121908,0,3687,3687,"Wake up Samurai, we have a city to burn.",True,1788915781,0,10.2334375
234810147,76561199214408963,0,238,2703,looks great- story is awesome!,True,1788915292,2465,10.239097222222222
234810120,76561199061720043,24,1045,1941,peak🥲,True,1788915252,896,10.239560185185185
234809592,76561197994830075,403,746,747,I cannot express how bizarre it feels to get into this game with ZERO knowledge of what's in it. Wtf is Keanu Reeves doing in here?,True,1788914592,1,10.247199074074073
234809030,76561198187126847,73,24914,25836,"neat game, runs okay if you have your settings right. 35-40 FPS.",True,1788913806,922,10.256296296296297
234808773,76561198410280722,0,4429,4637,"Love this game, CD-Project red does a fantastic job making their worlds immersive and fun to explore and Cyberpunk is no exception.",True,1788913467,208,10.260219907407407
234808520,76561198735026055,0,1330,1569,peak,True,1788913105,239,10.264409722222222
234807855,76561198055521233,402,24034,24465,"Every update for this game was two steps forward, two steps back but now that we're allegedly not getting any more major changes or updates to the game, I think it's finally time to say.

Cyberpunk's pretty alright.

The difficulty curve's a little weird no matter what difficulty you're on, the game starts kind of easy and then gets pretty hard out of nowhere and then becomes insanely easy once you start to make progress on your class and equipment upgrades.

A lot of the side objectives are pretty bland, with the majority of the side content in the game (Outside of the DLC) being what equates to a combat collectible where you show up and beat up some goons. There are about 800 of these objectives which gives you a good basis for profit and experience but become white noise incredibly fast.

You can't really ignore side content either because if you hard focus the main story, you'll probably be able to get by mostly fine, but might struggle to make the choices you want to, and it could be completed deceptively quickly.

The fun of the game is in it's feel, which was enhanced by it's DLC. When you've fully come into your build, it's fun to swallow an engagement in your preferred method in an explosive of action, as you slam into criminals and corps as a hyper advanced cyborg.

All in all, it's a fine game. If nothing else, it's a highly engaging time waster.
",True,1788912192,431,10.274976851851852
234807733,76561198064003285,407,8790,8801,"Bomboclat game. Massive anticipation. Massive letdown. Only to rise from its ashes and redeem the entire company that made it and forge its name into history as one of the most ambitious, one of the best and biggest. Absolute masterpiece, must play.",True,1788912003,11,10.277164351851852
234807721,76561198811000518,0,3663,6706,great game,True,1788911984,3043,10.277384259259259
234807412,76561198068035902,122,6227,6387,"Captivating story, fun gameplay, decent RPG system. Highly reccomend.",True,1788911615,160,10.281655092592592
234805931,76561199655495678,0,5756,5892,10/10 game choom.,True,1788909593,136,10.305057870370371
234805227,76561198947188517,0,2741,2857,I enjoy uploading zip bombs to random people's cyberware,True,1788908610,116,10.316435185185185
234805224,76561198042994434,1138,529,529,"Gave it a chance but i can't, game is just too mid. 
You listen to hours of yapping, most if not all just saying words, its like dev team got paid for word count… 
The story OK at best. Maybe can impress normies. Probably gets a lot deeper with time, but I can read better stories, without listening for hours. 
I honestly skipped all dialogs after about 4h, couldn't bear to listen. 
Map filled with all kinds of markers but there is not much to do except main missions. Side missions not worth it, not to mention collecting sh-it.
Both MC and Keanu Reeves annoying as fu-ck. But other characters not that much different. 
Gameplay just OK, I liked the shooting part but didn't like hacking that much- simple ""fix"" for bad enemy AI. I liked the stuff where you get to choose how to enter/deal with mission- but I wish they didn't bore me with 10–20 minutes of explanation where to go and what to do… 
Game looks great, but also demands much- but we all know it.
Menus on controller are a big joke, every movement has a slight ""lag"" to it (it doesn't happen with mouse aka analog input- why even put it in the analog?). 
Most choices change so little they should have just removed them from the game.
Riding around in cars/bike was nice. Nothing extraordinary but it was at least good.
First act with Jackie was so annoying it honestly made me almost quit multiple times. After that it got a little better.

I stopped and uninstalled after playing panam mission where you go with her and plant a bomb then escape with turret shooting. Man, another bad mechanic added, and of course multiple minutes of dialog in between every simple action like shooting 3 things… After watching scripted panam get hurt I gave up. Even if the game gets really good at 15h mark or something, I just think its not worth the effort.

If it was small indie game (scaled down ofc) I could easily recommend it. But this is the biggest project from CDP, and Witcher 3 was at least 10 times better, even for non-fan like me. Wish I didn't buy DLC but I really expected at least something kinda good.",False,1788908607,0,10.316469907407408
234804984,76561197969929854,0,2099,3400,.,True,1788908280,1301,10.32025462962963
234804004,76561198431536270,174,4408,4574,peak,True,1788907037,166,10.334641203703704
234803800,76561199524143638,76,8551,8576,"My friend got me to buy this game after he made me watch the anime. I don't think I've enjoyed a game like this in a long time. It was so fun and I enjoyed all 143 hours of it. 

I finished the game on the ""Don't Fear the Reaper"" ending. 

10/10 peak

""There are no happy endings in Night City""",True,1788906799,25,10.337395833333334
234802713,76561198121040712,0,14785,14821,Hits different. 11/10,True,1788905512,36,10.352291666666666
234801997,76561198818835705,0,1245,1245,This game is good and you should play it one time in youre life.,True,1788904517,0,10.36380787037037
234801750,76561198063993781,0,2053,3392,"Not worth the money. Full of bugs, unsatisfying combat, uninteresting story. ♥♥♥♥♥♥ gameplay overall. Do not buy this piece of garbage",False,1788904253,1339,10.366863425925926
234801095,76561198076718153,349,5077,5077,10,True,1788903474,0,10.37587962962963
234800351,76561198670610657,63,7915,9165,"I’d played the base game before on PS5, but I only did one ending. Going back and playing through the whole thing with all the endings and gigs with some graphic enhancement mods was phenomenal.

Phantom Liberty : It was my first time with the DLC. I honestly thought it wouldn’t live up to the hype, but I was wrong. Seriously Amazing.
Dog-town is a great area and feels different from the rest of the city.

Overall a really fun time. Enjoyed the ending that comes with phantom liberty as well but I think my favorite is still “The stars”.
One of my top 10 games easily.",True,1788902625,1250,10.385706018518519
234799193,76561198855347828,0,318,401,amazing game,True,1788901352,83,10.400439814814815
234798256,76561199027188153,14,3600,3678,"Such a fire game. Super cool aesthetics, graphics, gameplay and story",True,1788900374,78,10.41175925925926
234797936,76561198004853310,29,20661,23341,This game is peak dispite the abysmal launch also better optimized compared to other games currently,True,1788900009,2680,10.415983796296297
234796764,76561198116351460,61,8116,8286,nova,True,1788898774,170,10.430277777777778
234796560,76561199132627014,0,11113,14641,"pretty good
",True,1788898593,3528,10.432372685185186
234796357,76561199152867565,24,4677,6676,👀,True,1788898393,1999,10.4346875
234794936,76561198057959687,108,938,1462,yap simulator,False,1788897040,524,10.450347222222222
234792477,76561199786756131,0,1830,3077,"goated optimisation, really great open world with bunch of stuff to do, my ass is literally hurting from all the 7 hour non stop gaming sessions i do, driving is kinda stiff and speed feels slow but first person driving is pretty immersive and addictive, optimization is the best, my laptop handles this game on medium preset and its still beautifull, the only downside i see is gunplay, i feel like i am shooting from toy guns and not real ones, overall its solid 9/10 game",True,1788894645,1247,10.478067129629629
234791280,76561198181606266,90,37709,40280,67,True,1788893544,2571,10.490810185185186
234790744,76561198352133030,0,1904,1904,Pretty cool. Good music.,True,1788893037,0,10.49667824074074
234790531,76561198078964973,17,1789,4179,"Raw and imersive warning about the future that hits closer and closer home with current geopolitics. 

A game with no good begining and no good ending, not because the storyline was bad but because it was fantastic. A fantastic game that dwels into the darker themes of humanity like coperate greed with profit at all cost in a technocratic dystopia with lots of moments for the player to get emotional over how well written the main charecters are. 

The bugs and glitches are mostly a thing of the past and the game was absolutly playable on 2.3.",True,1788892825,2390,10.499131944444445
234786725,76561198150199397,83,7468,7555,Peakest peak there can be.,True,1788889212,87,10.540949074074074
234786398,76561198693545723,7,6518,6636,"Fantastic game. Great world, lore, combat, cyberware mechanics are great, and there are so many ways to play the game. You can't consider yourself completing the game without doing multiple different builds because you'd be missing out on an entire other side of the game. One of the best RPG's ever made.",True,1788888913,118,10.544409722222222
234786308,76561199341620095,0,1670,3861,its good,True,1788888826,2191,10.545416666666666
234786261,76561198383384236,0,8182,8851,"Not a huge fan of the lack of a third-person or second-person perspective. The graphics are good and the voice-acting is great, but I'm not fond of the opening. The pivotal moment is handled even worse.

The DLC is even worse.

Also, it's evidently impossible to change the colour of your vehicles, or pick the colour initially for your car. This feels like a major oversight to me.",False,1788888782,669,10.545925925925927
234784491,76561197966795433,0,1920,1920,"Adam Smashed, no happy ending for me. Will play again in some years.",True,1788887048,0,10.56599537037037
234783371,76561199883324596,0,6259,6259,I really enjoyed this game.Johnny is now one of my favorite character.,True,1788885971,0,10.578460648148148
234783312,76561198327652009,0,6917,6917,"Night City, some may think that the city is pretty, but the nitty gritty underbelly is quite smelly - Kendrick Lamar.
When you have a man such as this make a comment such as this on a game such as this, it makes you think that a game such as this has as such, a story; if you will. 
Furthermore, it is made by the same company that made The Witcher 3, and I think that game is really good. 
This game however is Cyberpunk 2077 and not The Witcher 3, so please keep this in mind before purchasing. 

The story goes a little something like this: You play as some abomination you have took so long to make that you won't be able to refund the game if you don't like it, so sunk cost fallacy has already taking place once you're done making your freak of nature. They do stuff in a world like crime and crime that they can somehow defend as if I'm not some wild animal with titanium fingers that rips apart anybody I slightly disagree with morally. 
Then they meet Wholesome Keanu and you get up to wacky adventures such as being snarky about every possible thing shut up you pair of saddos honestly skip skip skip dialogue let me punch people into thin paste because I can't do it to you two whining little creeps.

The gameplay is as follows: I like punching people but I dislike the people that I can't punch, such as [spoiler] those monks that ask for help from the people that turn them into cyborgs and then make me out to be Dahmer for battering them,[/spoiler] those two need a right slap; pair of idiots.

The graphics are as follows: Really good actually, I'm not going to make a joke about this one, the game is pretty... [spoiler] pretty dog shi- [/spoiler]

The Romances :
Oink (incorrect) 
Vroom Vroom angry (correct)
VR Headset Gooner (viable but not my choice) 
Home of the Sexual (I did it for the achievement, alright?)

Final Rating: 4/5 that I want to make a 4.5 but I think people who do .5 ratings are cowards, so it's a 4.",True,1788885917,0,10.579085648148148
234783166,76561198791553091,0,5102,5102,"Took me to 2026 to finally get round to getting Cyberpunk, really enjoyed it, and thankful I waited till i had a pc to play it rather than console. graphics were amazing, story was brilliant, replayed with mods and it was a totally different experience, 100% would recommend.",True,1788885777,0,10.58070601851852
234782582,76561198101060738,440,2495,2495,"I sometimes saw the saying online for other games that ""the devs made such a pretty world and filled it with absolutely nothing interesting."" Cyberpunk 2077 is a case study on how to avoid that.

Back in 2018, I visited gamescom in Köln for a narrated ""first look"" at a level that I am now pretty sure was within Pacifica. Some guy was sitting in the middle of this giant box, playing this level early and what I got to see there completely differs from what I played roughly 8 years later. This gameplay loop was not some sort of clever multiple choice do what you ever want bullcrap. This was run of the mill, Ubislop overworld faire gameplay, the equivalent of getting fast food for gaming. This is completely fine in theory, but we were sold anything but. And now, having actually played through Cyberpunk 2077...?

It's good. Great, even! I found V's female character to be my most favourite part of this entire trip, and all of the side content make such a good job at making me care about Panam, Misty, Viktor, Judy, Rogue, hell even Johnny. It took a bit to set in but I was really wanting to see it through the end.
With the gameplay loop being the usual open world explore -> loot -> sell -> repeat with stronger gear acquisition being a favourite in these games, I had a good time exploring Night City (looks absolutely stunning by the way) and seeing what's happening.

However, marketing sold us on so much more, and so I leave Night City after 40 hours with a bitter aftertaste, and a feeling of shame that marketing hyped this up so much to the point of setting unrealistic expectations for the playerbase. It makes me feel that CD Projekt Red, or at least part of the studio, has no faith in their own games staying power as art, they really should though. Because with Cyberpunk 2077, they've shown they are capable of offering incredibly realised beautiful worlds, and very strong narrative beats to support it that elevate the fictional Night City into something I won't forget about that easily.",True,1788885227,0,10.58707175925926
234781892,76561199044308479,0,1024,1577,"life changing!!!!
",True,1788884570,553,10.594675925925927
234779804,76561198751017133,0,259,2073,i hate adam smasher,True,1788882608,1814,10.617384259259259
234779782,76561198289470164,16,3382,3595,BETTER BUCKLE UP!!!,True,1788882580,213,10.617708333333333
234779637,76561199527596976,48,597,597,Confusing mods setup and my PC is bad sorry,False,1788882455,0,10.619155092592592
234779539,76561199204115392,40,1929,4676,"CP 2077 is an amazing game with peak graphics and gameplay along with a great story but the game is kinda buggy from time to time.

9,5/10",True,1788882356,2747,10.620300925925926
234775725,76561198090864325,169,502,2633,It's peak,True,1788878628,2131,10.663449074074075
234774468,76561199006545741,0,32189,32416,no happy ending in NC,True,1788877424,227,10.67738425925926
234773986,76561199587447384,0,4297,6412,"Amazing GAMEEE
",True,1788876915,2115,10.683275462962962
234773807,76561198025395835,401,5150,5150,"As someone who was more than happy to dog on this game when it had its initial catastrophic launch, after a few years of patches and updates I can pretty comfortably call it a solid 8/10. It's not a particularly strong RPG but the gunplay and dialogue are good and high level netrunning never stops being funny.

Night City is filled with quite possibly the worst drivers I have ever seen in an open world game, ever. Random stops, random freak out acceleration, left turns from the right lane, it is quite frankly amazing and I assume the devs never changed it because they think it's funny, but I am docking a point because it makes driving around annoying and I normally enjoy that.

Probably an outlier but only had a handful of bugs in my entire run, and only crashed maybe twice.",True,1788876740,0,10.685300925925926
234773291,76561199388585034,0,1264,1286,"♥♥♥♥ this ♥♥♥♥♥ ass bipolar game, either its really cool to play either theres so many ♥♥♥♥♥♥♥ bugs thats its unplayble",False,1788876225,22,10.691261574074074
234772790,76561199293405258,123,7470,7556,choom😭💔,True,1788875710,86,10.697222222222223
234772649,76561198227463460,0,11278,11278,"Great game, arguably better than The Witcher 3 (unless you're really into the fantasy setting, which is understandable). It's too bad CD Projekt had to compromise on their vision for a potential second expansion due to the game's messy launch. Keep that in mind for Project Orion.",True,1788875528,0,10.699328703703705
234772634,76561198873152320,20,2768,5393,Was not lying about that best DLC ♥♥♥♥ ong,True,1788875511,2625,10.699525462962963
234771192,76561198435324579,180,1833,1833,When your choom kleps a nova virtu but the corpo rat netrunners flatline him before he can delta with the preem scrolls so now your gonk ass is gon get zeroed by some chromed-out solo for your eddies,True,1788873961,0,10.717465277777778
234770718,76561199507911712,63,1376,1742,runs well on max settings and there is a few bugs here and there but its fine,True,1788873478,366,10.723055555555556
234769222,76561198730588443,17,1834,2069,dobre,True,1788871775,235,10.742766203703704
234769191,76561199050781068,56,1918,2053,"No matter how many times I beat it, V is always slowly dying which is kind of funny. My favorite ending so far is where I become completely digital and get to talk to my friends still which I wish happened to me irl, so I can play Minecraft forever mawhahaha. The first time I beat it, I only had starter cyberware which had me fighting that gonk of a Adam Smasher very scary but very fun, he made me squeal like a pig, I also learned the hard way that you can sell random legendary weapons and make bank, I also keep my unique weapons bc why would I sell them. My V is such a cold hearted Corpo Merc with cool sun glasses, a Militech vest, some cool military pants and some basic shoes, but V looks epic, on top of that my version of stealth is making sure there is no gonk left standing, while everything is on fire and yes I had to defeat a mech with very basic weapons, was fun, but a pain. Then I took a full 180 and after defeating the main game, I am chroming out bc the DLC is so cool with it. The only complaint is I can't get rid of the Black Wall to cause even more chaos.",True,1788871722,135,10.74337962962963
234768439,76561199848634193,136,644,787,INSANE graphics insane story no words,True,1788870792,143,10.754143518518518
234767490,76561198988336178,0,5532,6690,"The resources one individual has access to pales in comparison to the abilities and leverage corporations have. There are clever characters in this game but the corporations are larger and will ♥♥♥♥ you hard if you even graze them. 

Johnny is a very compelling character for me and is engrossing to listen to, This game speaks to many real world problems and there is no doubt that when you play this game you'll see things in this game that you can try and compare to reality. For me that was an extra level of enjoyment.",True,1788869623,1158,10.76767361111111
234766651,76561199557526125,0,3649,4503,"Honestly an amazing game. Out of the numerous games I've played from multiple genres and platforms this game will always be within the top 5. The build options, hidden puzzles, and intense deep deep lore make this game one of the few I would say is a must play.",True,1788868547,854,10.780127314814814
234766235,76561198056444668,0,2389,3020,"Cool gameplay, cool story, cool immersion, cool graphics. Its the real deal.",True,1788867959,631,10.78693287037037
234766219,76561198138638904,0,646,1064,It's great :),True,1788867925,418,10.78732638888889
234765988,76561198214937035,286,8483,9764,After playing for so long its still so awesome.,True,1788867611,1281,10.790960648148149
234764122,76561199096553525,128,661,751,a,True,1788864962,90,10.82162037037037
234763617,76561198836777133,110,3961,3961,The most badass game ever made 10/10,True,1788864181,0,10.830659722222222
234763403,76561199205594455,18,3967,3967,"nice, but dialogue choices make the game kinda overthinky and long-stretched.",True,1788863875,0,10.83420138888889
234762210,76561199515661522,119,6348,6348,"Keşke açık dünya yapmaya çalışmasalarmış dediğim cinsten bir oyun olmuş. Dünyası çok iyi dünyayı bize sunuşu çok iyi ama açık dünyası hiç iyi değil oyun bir yerden sonra boğaza takılan lokma gibi akmamaya başlıyor tempo çok bozuluyor. 6 yıl sonra bile gırla bug olması da can sıkıcı ama yine de tavsiye edilir uzun zamandır böyle dünyasının içine girebildiğim, kendimi kaptırdığım bir oyun olmamıştı.",True,1788862023,0,10.855636574074074
234761742,76561199433564630,0,1847,2021,This is the pinnacle of perfection,True,1788861289,174,10.864131944444445
234761206,76561198787226007,0,4408,4408,"Very optimized game, lots of overhauling in the past nonetheless good game.",True,1788860399,0,10.87443287037037
234760918,76561199010475691,0,7883,7883,"Sublime. A flawed masterpiece and one of the greatest games of all time. The open world of Night City is sprawling and detailed, it is incredibly alive and immersive. The characters of Cyberpunk are well-written, nuanced, and complex. The story is amongst the best in gaming and is deep and intricate. The gameplay is snappy and engaging. The sound design and music are incredible. All of these add to create a gorgeous world of neon, violence, and despair. 

The game does maintain a bit of residual jank from its infamous rocky launch, I have experienced a few crashes, visual errors, and game breaking bugs in this game but across a 100+ hour play time this is a minimal percentage that some will be more averse to than others. Mostly it is extremely polished. The Phantom Liberty expansion is also well worth picking up as it offers the best storytelling and story depth the game has to offer. 

Overall, a 10/10 game that deserves all the praise it gets. Thank you for the recommendation, MystishMuse!",True,1788859897,0,10.880243055555555
234759341,76561199382502764,0,2187,2300,"good game, good story, thought provoking dystopia",True,1788857191,113,10.9115625
234759259,76561199171171210,0,8227,10851,runs very well even with a bunch of mods aside from a couple non serious bugs,True,1788857039,2624,10.91332175925926
234758069,76561198384570568,0,8191,8548,real cyberpunk experience,True,1788854951,357,10.937488425925926
234757957,76561198130021873,59,3999,3999,"The game is incredibly boring. there is nothing that happens around the city. the npcs are basically just props and almost every building is closed off. the only exceptions are quest buildings and stores. loot and world level goes up with your own level so there are no areas that are more difficult than others. in fact, there is no challenge in this game at all... EXCEPT being able to play the missions the way you want. 

lets say you have 14 points into body and 9 into tech. the game will make any doors you need to use a body check on just slightly out of your reach, needing 2 more points invested into it to open. and it'll put tech at a similar needed number. i tried it out by reverting to a previous save and trying the same mission later at a higher level annnnnd? the required skill for the same door went up to be 2 points over where i am again.

people have a hard time getting into the dialog too, but i dont care about that. i'm not here for the cringe dialog. i'm here for an open world game... i'm able to gun down a few punks in the street and the cops next to me don't bat an eye... immersive! none of the vehicles have ever heard of traction... fun! they put kids in the game, but you cannot shoot or even aim at them. if you hop into a car with a kid nearby goodluck! game becomes a buggy mess as it desperatly tries to despawn all kids so you dont run any over. also, they're grenadeproof

hacking system seems fun, especially in an open world, right? Wrong! you cannot use any hacks on civilians. you cannot interact with any of the bajillion electronics in the world except to ""ping"" any enemies in the area, giving you wallhacks, or to somehow magically make flammable containers explode.

the economy in the game is a joke too. everything scales up in cost as you progress the same as the skill requirements. most everything in the game is useless junk. you'll never need to buy ammo, there's not enough in the game to shoot at to ever run out. and the guns you start with are more than enough to beat the game with no challenge.

i played until i could not force myself to launch the game again.",False,1788854734,0,10.94
234757747,76561198833130859,41,3668,3668,sandevistan is the best !!! is what i would say if i was braindead. #netrunnerforlife,True,1788854350,0,10.944444444444445
234757545,76561198093961605,195,8321,8321,The future is now old man,True,1788853941,0,10.949178240740741
234757466,76561198200885595,354,5452,5452,Çok iyi,True,1788853798,0,10.950833333333334
234756570,76561198883975347,81,80257,80354,Absolute Peak,True,1788852191,97,10.96943287037037
234756188,76561198887499573,18,15106,18694,"One of the best game ever made with the most immersive experience, amazing soundtrack, great combat with a lot of variety. It runs well even on my terrible Linux PC by some miracle. The game is absolutely amazing from the beginning to the end. 

It could be a stealth game, a hacking game, a samurai game and more based on how you approach the combat. The world is completely free to explore and it never feels like you are starting a mission because everything happens seamlessly and there's many ways to engage with any situation. 
You could try to be reasonable or instantly kill everybody, you get to choose.

There's also many types of weapon and a lot of them are unique with different stats. The chrome/cyberware works like gear in RPGs and allows you to make the build that you want.

This game is phenomenal.",True,1788851477,3588,10.97769675925926
234755759,76561198086057403,228,6189,6757,one of the best games I've played,True,1788850589,568,10.987974537037037
234755185,76561197970803650,0,2970,3132,Great game,True,1788849516,162,11.000393518518518
234755139,76561198309186425,140,13914,13914,"[h1] PHENOMINAL [/h1]


I would definitely recommend this game to anyone who wants to experience a game in anyway they want to. I had my doubts about certain builds in my playthrough but everything somehow worked out in a funny or goofy way, The DLC adds a nice potential way to see the end of the game and I definitely recommend getting it when it's on sale it's definitely worth looking into other perspectives in the game truly. A master piece all in all 10/10 potato points!",True,1788849425,0,11.00144675925926
234754614,76561198271448013,153,2788,2788,"i liked how the narrative integrated with the quest system, give it a try",True,1788848487,0,11.01230324074074
234753427,76561199868787099,0,5811,7898,"I finised watching the anime a very long time ago then found out bout this game. Boy this game is something.

Good Game it is",True,1788846269,2087,11.037974537037037
234753156,76561198081233575,358,4506,6284,"Runs incredibly well, even on Steam Deck; Story is amazing, very little bugs, DLC and side quests are awesome, and the power progression is very real. Highly recommend.",True,1788845752,1778,11.043958333333334
234753081,76561198189455083,144,26772,26772,"Absolute cinema
Lot of community mods that can improve gameplay, graphics, and content for customization from wardrobe to qol",True,1788845627,0,11.045405092592592
234752327,76561199422838486,45,14542,14542,"A thing of beauty, I know. Will never fade away",True,1788844230,0,11.061574074074073
234752253,76561199055945829,0,2303,2303,"Game has lesbians and pretty women
also a really fun experience 
10/10",True,1788844107,0,11.062997685185184
234750325,76561198048166490,368,9509,9509,"Great game with a fun open world and lots to do.
Even though this game is a great achievement, my opinion is that it has narrative issues. 
The game decides to give you a cutscene montage of you and Jackie's rise in Night City. There is no emotional connection there because you as the player did not experience it.
The main story completely clashes with the side content and open world due to it's urgency.
The endings, while there are multiple, are just different variations of each other. There is no sort of closure for each of them since it's meant to be bittersweet and not ""happy"". This will leave you with an empty feeling once you finish it, wondering, why did I invest 100+ hours in this character and story to have such a crap ending?

Phantom Liberty was an amazing addition and felt a lot better than the main city/story. It felt like that is what the base game was supposed to be but the devs simply ran out of time.

It is clear that this game was supposed to be a lot more. I do not think this game was the entire vision of CDPR, but you all know the story by now. Shareholders and profits got involved and the devs had to rush the game out and when it did it was a broken mess. The time they took to fix the game was time that could have gone into expanding the game a lot more.

Overall it's still worthy of a playthrough. Take my advice and get the expansion as well.
",True,1788840966,0,11.099351851851852
234750010,76561199782868419,0,9413,13878,very awesome and cool schizo man,True,1788840418,4465,11.105694444444444
234749988,76561199500604241,0,185,1217,"The freedom you get in this game is next level. You can do same things in hundred different ways. Also the world is very well made. Story is amazing and gets good with Jhonny by our side. He is a very fun and cool companion. Combat mechaninc is also very good with so many different weapon options to choose from. Cars and bikes are also very cool. It has all the elements for a 2077 world. I would suggest that atleast once, YOU SHOULD PLAY THIS.",True,1788840382,1032,11.106111111111112
234749547,76561198768265918,0,1402,1402,"great game, the only draw back is my laptop is lowk trash",True,1788839699,0,11.114016203703704
234749313,76561198020656434,0,85162,88088,"I find myself coming back to this game year after year since it's release. Even though I haven't completed every gig or achievement, I just love immersing myself in the world and taking virtual photography. I'll never get tired of walking around Night City and listening to the sounds of the lively city around V!",True,1788839346,2926,11.118101851851852
234748760,76561198407530474,0,5122,5122,Great game,True,1788838527,0,11.12758101851852
234746964,76561199536082223,38,403,403,"i couldnt wait for you to come and clear the cupboards, but now youre gone and leaving nothing but a sign",True,1788835984,0,11.157013888888889
234746582,76561197973586298,0,68437,68486,Easily the best open-world game i have ever played. Witcher 3 is close - but not quite.,True,1788835470,49,11.162962962962963
234744669,76561198000808754,0,850,871,"Not perfect but it's a great game. AAA production values, good world building, fun gameplay whether you run on vibes, chaos or you're a min-maxer.",True,1788832938,21,11.19226851851852
234744527,76561199556028868,14,597,597,get up. invade luxury hotel. steal top secret chip. get killed. go jigjig street for 4 hours. meet my glorious Panam. rock Night city. Die. 10/10 would die again,True,1788832752,0,11.194421296296296
234744435,76561199763372745,27,697,1776,peak,True,1788832619,1079,11.195960648148148
234743986,76561198122676129,52,1047,2164,cyberpunk need i say more,True,1788832021,1117,11.202881944444444
234743498,76561197976024217,0,4948,5344,Very fun. Very moddable. Multiple ending is cool.,True,1788831413,396,11.209918981481481
234743115,76561199801086885,0,1592,1929,Panam,True,1788830916,337,11.215671296296296
234742569,76561199455646751,0,5130,6046,yes,True,1788830213,916,11.22380787037037
234742115,76561198092107255,0,2711,14308,fun game way better than before,True,1788829572,11597,11.231226851851853
234741869,76561199651344642,0,1543,1843,"great game, not for kids",True,1788829274,300,11.234675925925925
234741390,76561197995161331,281,11857,14450,Might be my favorite game.,True,1788828598,2593,11.2425
234741330,76561199747227940,0,3335,4106,one of the best games i played and i can't stop coming back,True,1788828529,771,11.243298611111111
234740779,76561198067611916,0,3752,3752,"bullets do not come from the position the enemy is at. The audio is desynced everywhere. The game randomly breaks. I get shot while behind cover from enemies that literally have zero ability to shoot me because the hitbox the bullet comes out of is not in sync with the enemy sprite whatsoever. 

Wish I could get my money back. Feel like people only play this game because they ignore how it actually functions and live off the hype. Slow down and actually look at how the enemies are behaving. I want my money back.",False,1788827851,0,11.251145833333334
234740318,76561199211217942,319,1903,3030,"I am by no means done with this game, hell I've not even beat the story on the pc version of the game and I think that should be a good enough review. I've spent the last 30 hours having an absolute blast running around. I've even taken up video game photography because of this game. The world building, the city, the implants/cyberware you can use is all fun and interesting. Hell even the modding support for this game is amazing!

The game had a very rough start to its life but CDprojekt RED have really out done themselves with this game and anyone still on the fence about the game given its rough start should really give it a try!",True,1788827279,1127,11.257766203703703
234739988,76561199824856829,0,872,876,Choom,True,1788826893,4,11.262233796296297
234739810,76561198266181757,0,7556,8668,Worth it if you can run it. Performance is ♥♥♥♥♥ but the game is good. DLC is also amazing. Get both on sale.,True,1788826645,1112,11.265104166666667
234739565,76561199020083023,0,8866,9040,"Honestly it's a solid game, not the groundbreaking release it was intended to be but a fun open world game. The side quests are really good and most the extra activities aren't too tedious. While I was not there for it's glitch prime I did encounter two crashes, a few world clips and a quest soft lock the game is actually playable! It's for sure better than the show.",True,1788826358,174,11.268425925925927
234739042,76561198805117374,0,2314,3152,"gud gme
",True,1788825693,838,11.276122685185186
234738809,76561199810227584,0,1896,3513,"I played this game to 100% a few years ago on XBox and I'm so excited to play through it again now that I have a PC. This was the first game that made me FEEL for the main NPC characters. The ending, which is such a disappointment in so many other games, is powerful. Not a bright, shiny Disney ending but gritty, real, and poignant. The world is atmospheric and beautiful with the grime and neon, crowds and weather effects. The combat is really fun and feels so different depending on your build. The side missions are numerous but don't feel like fetch quests on repeat. The voice acting is unmatched in my opinion and I love that we have a customizable protagonist but they're not a hollow, silent, empty shell. V is a character in their own right and feels like a citizen of Night City as much as anyone else. If you want a unique, deeply developed world and story to explore, learn about, and fight for, play this game.",True,1788825417,1617,11.27931712962963
234738792,76561197999038169,0,1225,1293,"Super fun game so far. Feels a bit like Grand Theft Auto, but a lot more detailed. Skip the cyberpunk mayhem in the early release and playing for the first time in late 2026 and love it.",True,1788825392,68,11.279606481481482
234738772,76561198791765539,0,9308,10295,"incredible game, perfect. you can do whatever you want, your choices actually matter and the plot is perfect. together with the anime it gotta be one of the best franchise´s ever created.",True,1788825363,987,11.27994212962963
234736953,76561198004277398,0,34645,44640,give  it a go still some minor bugs but story and overall game play is worth the time.,True,1788823119,9995,11.305914351851852
234736731,76561198005431717,0,9902,11679,:),True,1788822874,1777,11.30875
234736388,76561197994482634,0,3576,4122,"an iconic game.
",True,1788822462,546,11.313518518518519
234735616,76561199540266632,162,4427,4427,"---{ Graphics }---
☑ You forget what reality is
☐ Beautiful
☐ Good
☐ Decent
☐ Bad
☐ Don‘t look too long at it
☐ MS-DOS

---{ Gameplay }---
☑Very good
☐ Good
☐ It's just gameplay
☐ Mehh
☐ Watch paint dry instead
☐ Just don't

---{ Audio }---
☐Eargasm
☑ Very good
☐ Good
☐ Not too bad
☐ Bad
☐ I'm now deaf

---{ Audience }---
☑ Kids
☐ Teens
☐ Adults
☐ Grandma

---{ PC Requirements }---
☐ Check if you can run paint
☑ Potato
☐ Decent
☐ Fast
☐ Rich boi
☐ Ask NASA if they have a spare computer

---{ Difficulty }---
☐ Just press 'W'
☐ Easy
☐ Easy to learn / Hard to master
☑ Significant brain usage
☐ Difficult
☐ Dark Souls

---{ Grind }---
☐ Nothing to grind
☐Isn't necessary to progress
☑Average grind level
☐ Too much grind
☐ You'll need a second life for grinding

---{ Story }---
☐ No Story
☐ Some lore
☐Average
☐ Good
☐ Lovely
☑ It'll replace your life

---{ Game Time }---
☐ Long enough for a cup of coffee
☐ Short
☑ Average
☐ Long
☐ To infinity and beyond

---{ Price }---
☐ It's free!
☑ Worth the price
☐ If it's on sale
☐ If u have some spare money left
☐ Not recommended
☐ You could also just burn your money

---{ Bugs }---
☐ Never heard of
☑ Minor bugs
☐ Can get annoying
☐ ARK: Survival Evolved
☐ The game itself is a big terrarium for bugs

---{ ? / 10 }---
☐ 1
☐ 2
☐ 3
☐ 4
☐ 5
☐ 6
☐ 7
☐ 8
☑  9
☐ 10",True,1788821569,0,11.323854166666667
234734683,76561198080725123,0,1158,1639,good game good story.,True,1788820529,481,11.335891203703703
234734250,76561197970358413,0,14685,14685, One of my all time favorites.,True,1788820065,0,11.341261574074075
234733644,76561198134905674,0,2393,5843,im goonin my choom just stroking that shi mane,True,1788819428,3450,11.34863425925926
234731370,76561198029432630,0,1013,1032,I bought this at full price and even four hours in I knew it was worth it. Game looks and plays incredible and I don't think I've played a story game that is this good before.,True,1788817020,19,11.376504629629629
234730528,76561198723972660,0,2590,4485,I would kill my first born child to play this again for the first time,True,1788816613,1895,11.381215277777779
234730514,76561198055664883,68,5549,5549,Storytelling is top-notch. Voice acting is amazing. Truly a wonderful game worth replaying.,True,1788816599,0,11.381377314814815
234729409,76561198438751617,0,35708,37913,PEAK,True,1788815863,2205,11.389895833333334
234728913,76561197968594669,0,3592,6262,Greatly improved since the initial release. Very addictive game.,True,1788815481,2670,11.394317129629629
234728149,76561199171709118,0,7466,7466,"⠀⠀⠀⠀⠀⣠⣾⣿⣿⣿⣿⣿⣿⣿⣿⣿⣦⣀⠀⠀⠀⠀⠀
⠀⠀⠀⠀⣰⣿⣿⣿⣿⠿⠿⣿⣿⣿⣿⣿⣿⣿⣧⢀⠀⠀⠀⠀
⠀⠀⠀⣿⣿⣿⠋⠀⠀⠀⠀⠀⠙⠀⠙⣿⣿⣿⣷⢳⢀⠀⠀⠀
⠀⠀⣠⣿⣿⣿⢸⠀⠀⠀⠀⠀⠀⠀⠀⠀⠀⣿⣿⣿⣿⣿⢀
⠀⠀⣸⣿⣿⣿⠸⠀⠀⠀⠒⠒⠒⠐⠀⠀⢿⣿⣿⣿⣿⣿⠀⠀
⠀⣴⣿⣿⣿⡿⠀⠒⣋⣙⡒⢰⠀⠤⣖⠒⢾⣿⣿⣿⣿⣧⠀⠀UM TAPA NA GOSTOSA
⢺⣿⣿⣿⣿⢀⠀⠀⠉⠉⠉⠸⠀⡇⠉⠉⠀⢿⣿⣿⣿⣄⠀⠀YES BABY THANK YOU
⠀⠙⣿⣿⣧⢻⠀⠀⠀⠀⠀⠠⠀⠰⠀⠀⠀⣸⠸⣿⣿⠿⠰⠀
⠀⠀⠀⠹⣿⣿⣿⣷⠀⡠⠙⣲⣔⣅⢡⣰⣷⣿⣿⣿⣧⠀⠀⠀
⠀⠀⠀⣼⣿⣿⣿⣿⠀⡿⠭⠭⠭⠭⢿⠀⣿⢻⣿⣿⠃⠀⠀⠀
⠀⠀⠀⠙⠛⣿⢻⠹⣿⠐⠙⠛⠟⠉⢀⣴⡟⢿⣿⡏⠀⠀⠀⠀
⠀⠀⠀⠀⠀⠀⡟⠀⠀⠻⣦⣤⣶⠾⠋⠀⠀⠁⡦⢄⢀⠀⠀⠀
⠀⠀⠀⠀⡠⠁⡇⠑⢄⠀⠀⠀⠀⠀⠀⠔⠀⠀⠁⠀⠀⠀⠉⠁
⠀⠔⠊⠁⠀⠀⣇⠀⠀⠀⠑⡤⠤⢎⠁⠀⠀⡘⠀⠀⠀⠀⠀⠀
⠀⠀⠀⠀⠀⠀⢢⠠⠀⡠⢆⠀⠀⡠⠙⢄⠀⡸⠀⠀⠀⠀⠀⠀",True,1788815033,0,11.399502314814814
234727260,76561198320552445,0,3407,3472,"good
",True,1788814583,65,11.404710648148148
234726384,76561198169510940,0,2355,2750,"I'm so far 9 screenshots and one video deep in the ""Game is just as buggy as on release"" series.",False,1788814142,395,11.409814814814816
234725747,76561199750895925,0,1209,2029,"Game is super awesome, just the dialogs are suuuuuper slow and boring. but game is soo fun to play",True,1788813578,820,11.416342592592592
234725700,76561199823278671,243,1376,1376,"I absolutely loved Cyberpunk 2077. Night City is a gorgeous, neon-drenched masterpiece, and just exploring the rainy streets on a motorcycle is incredibly immersive. The story hooked me completely the dynamic between V and Johnny is brilliant, and companions like Panam and Judy feel totally genuine. Combine that with addicting combat where you can slow down time and slice through enemies with a katana, and it’s just perfect.",True,1788813535,0,11.416840277777778
234724625,76561199849798443,0,7634,12061,yuh,True,1788812577,4427,11.42792824074074
234724070,76561198202765556,164,27286,27301,"Almost rode over a civilian before he said, ""Why dont you spit on me too!?""
10/10",True,1788812089,15,11.43357638888889
234723075,76561199530117801,0,459,459,best game ever,True,1788811188,0,11.44400462962963
234721473,76561199187663306,0,3934,7815,"Runs very well on my system, I love the game and Projekt RED has won my trust as a consumer with how they recovered from a poor launch and turned the game into an incredible experience worth every penny!",True,1788809867,3881,11.459293981481482
234721466,76561198079438945,0,20276,21781,"Honestly one of the best games I have ever played, I got it when it came out and went all the way through to the Devil ending (even through some of the funniest glitches I have ever experienced and some not so fun ones). Every so often I boot it up to play even just to play the beginning again. The world is so full of life that I could spend hours just running on those streets, double jumping my way into fight after fight after exploration down one alley after another. Each Gig feels unique, approachable by any and all angles and I could play a game solely focused on those. The voice acting is amazing, both V's takes on the character is wonderful and do yourself a treat, listen to those lines in other languages. The original Ghost in the Shell would be proud by any metric.",True,1788809862,1505,11.459351851851851
234721318,76561198390124421,273,10235,10235,fun. very re-playable. good time waster,True,1788809732,0,11.460856481481482
234720899,76561197961124918,0,15110,15947,,True,1788809349,837,11.465289351851851
234720238,76561198150293866,360,49980,49980,"LOVED IT, wish the towers/devil ending had more follow ups like taking a job after the main stroy from them or specifically for towers that it kept up with chracters toryline missions cause ive noticed too many inconsistencies 

ending ranking of cyberpunk 

1. **Don’t Fear the Reaper → The Sun** / **The Star**
2. **Rogue → The Sun**
3. **Temperance** — whether reached through Reaper, Rogue, or Panam
4. **The Devil**
5. **Path of Least Resistance / suicide**
6. **The Tower**",True,1788808762,0,11.472083333333334
234720174,76561198249491532,141,7411,7699,"8/10 game imo, it would be a 10/10 if there would be feet scenes in the game. But overall its got a great story, but CD Projekt Red please add a feet scene in the tank scene with panam.",True,1788808704,288,11.47275462962963
234720103,76561199380148314,0,6004,7388,it is goated game,True,1788808644,1384,11.473449074074074
234719956,76561198832729233,238,22981,22981,"I had never written a game review before because I thought it was unnecessary. However, after playing Cyberpunk 2077, I felt a huge desire to share my thoughts. Honestly, I still find it hard to find the right words to describe everything I felt while playing.

At first, my expectations were around 7/10. I have always liked cyberpunk and dystopian worlds, so the concept immediately interested me. I had also heard that Cyberpunk 2077 was unfinished, full of problems, and far from a masterpiece. Still, I hoped I would like it.

But after a few hours, I realized that I was going to love this game.

Cyberpunk 2077 captivated me with its atmosphere, story, characters, gameplay, huge world and, especially, its music. The more I played, the more I realized that it wasn't just another open-world game. It was a world I wanted to stay in.

[h1] Story [/h1]

The story of Cyberpunk 2077 is one of the best I have ever experienced in a game. From the very beginning, it was hard to imagine where it would lead and what would happen next.

The game stays with you even after you finish it. You keep thinking about what happened, the characters, their decisions, and the choices you made.

Cyberpunk 2077 explores many important topics: life and death, friendship, loss, loneliness, memory, the fear of being forgotten, and what it means to be yourself.

The idea of fighting for your own life isn't new, but the way CD Projekt Red used it is incredible. [spoiler] You literally end up with a person in your head who was once your enemy and the biggest threat to your life. However, they gradually become your friend and even try to save you.

The relationship between V and Johnny is one of the emotional cores of the game. Their relationship changes from hate and mutual distrust to real friendship. [/spoiler]

The side quests also feel meaningful. Many tell their own stories, develop the characters and world, and sometimes even add to the main story. Because of this, Night City gradually starts to feel alive.

[h1] Night City [/h1]

Night City is another reason to love this game.

At first, it seems incredible: neon signs, skyscrapers, implants, cars, advertisements, technology, gangs and corporations. You look at it and think, ""This is the future"".

But behind the neon signs are poverty, violence, addiction, exploitation and people simply trying to survive.

This contrast makes the atmosphere so strong. Even in a world where people can change almost any part of their bodies, human problems remain. People still fall in love, lose loved ones, fear death, feel lonely and search for the meaning of life.

[h1] Phantom Liberty [/h1]

[spoiler] It is worth mentioning Phantom Liberty. In my opinion, it is even stronger than the main story.

Song So Mi, or Songbird, and Reed are, for me, two sides of the same coin. Songbird tries to survive at any cost, just like V. Reed wants to save her, but he is also controlled by the president and the system he serves.

The best thing is that you can understand both of them. There is no simple ""right"" choice. Everyone has their own reasons, fears and beliefs.

That is why I found the main choice in Phantom Liberty so difficult.

The DLC's main musical theme makes the ending even more powerful. There is no simple answer where everyone ends up happy, and that leaves you with a very heavy feeling. [/spoiler]

[h1] Gameplay [/h1]

The gameplay offers a lot of variety. You can play as a pure netrunner, a stealth character with silenced weapons, a monowire fighter, or use smart guns from behind cover.

And that's just one example.

I like that the game lets you create your own playstyle. Your V can be a netrunner, stealth killer, katana fighter, gunslinger, or someone who simply rushes into a room with a shotgun. Most importantly, these styles really feel different.

[h1] Music [/h1]

The soundtrack is truly incredible.

The tracks fit the situations perfectly and make you feel even more immersed in the world. Cyberpunk 2077 combines many styles, from loud and energetic tracks to slow, melancholic and tense ones.

Energetic music makes you feel like a cool mercenary with cyberimplants who can do almost anything. But when something quiet and melancholic starts playing, you see another side of this world. Behind the neon signs is a harsh reality, and V becomes an ordinary person who fears death, experiences loss, falls in love and searches for the meaning of life.

Each track creates its own mood or captures a particular situation.

When I listen to this music, the whole atmosphere of the game comes back. That's why I added almost every track to my playlist, and I still listen to them regularly.

It would be an insult to the composers not to add the Cyberpunk 2077 soundtrack to my playlist.

The only thing I regret is that some tracks were never released on digital platforms and remained available only in the game.

[h1] Flaws [/h1]

Of course, Cyberpunk 2077 isn't perfect.

The biggest problem becomes noticeable when trying to complete the game 100%. At first, additional activities help you explore Night City, but many eventually become repetitive. Gigs and interesting side quests are great, but some smaller activities turn into simply ""clearing"" areas.

There is also a contrast between how alive Night City seems and how much you can actually interact with it. The city is incredibly detailed, but outside quests, many NPCs and elements are mostly decoration. I wish there were more ways to simply live in this world.

Some characters could also have been developed further. Some left a strong impression on me, while others appeared, played their role and disappeared quickly. This is especially noticeable in Phantom Liberty, where the characters receive much more attention.

[spoiler] There is also a problem with the sense of urgency. The game constantly reminds you that V has limited time and needs to save their life quickly. At the same time, nothing stops you from putting this problem off for dozens of hours, driving around the city, completing gigs, buying cars and doing whatever you want. From a gameplay perspective, this is understandable, but sometimes it contradicts the story. [/spoiler]

However, these flaws are minor for me. When I think about Cyberpunk 2077, I don't remember repetitive activities or imperfect AI. I remember Johnny, Panam, Judy, Song So Mi, Reed, Night City, the music, my decisions, and the emotions the game made me feel.

[h1] Afterthoughts [/h1]

After about 20 hours, I realized that simply finishing the main story wouldn't be enough. I wanted to complete the game 100%.

I rarely want to explore all of a game's content, but in Cyberpunk 2077 I wanted to do everything: complete side quests, experience characters' stories, try different builds, make different choices, and explore Night City.

Even after finishing the game, you are left with the feeling that you have just stepped out of another life. That's why it was so hard to close the game and move on to something else.

[h1] Finally [/h1]

Even on my not very powerful laptop, I was able to fully enjoy this game. I especially appreciate the developers for making such a huge and beautiful world accessible even on relatively weak hardware.

Cyberpunk 2077 is the kind of game that makes it difficult to immediately start something new.

Maybe I couldn't describe everything I wanted to. Maybe some things are simply impossible to describe properly in words. However, I know one thing for sure:

Cyberpunk 2077 is a game I won't forget for a very long time.",True,1788808517,0,11.474918981481482
234719206,76561198330168380,0,1157,2349,"10/10 game, my favorite character to play is roach",True,1788807871,1192,11.482395833333333
234718933,76561197993047072,0,8265,8265,This is how you make a game!,True,1788807650,0,11.484953703703704
234715984,76561198299789826,0,232,232,.,False,1788805231,0,11.512951388888888
234715372,76561199258803205,0,6975,7810,panam parker.,True,1788804692,835,11.519189814814816
234715264,76561198044739569,212,223,223,its gud,True,1788804603,0,11.520219907407407
234714685,76561198357992371,0,1421,1421,"Good story, fun aiming, driving maybe a bit lame because experienced GTA 5 driving mechanicism but won't complain more. Overall is good gameplay.",True,1788804135,0,11.525636574074074
234713728,76561199742416951,0,2083,3106,Great game. Lots of different ways to play it. I'm already like 40 hours in or smth and still have tons of story left. And I've only played in one style (cyber samurai). Lots of fun. Highly recommended.,True,1788803315,1023,11.535127314814815
234713590,76561199586354814,0,15678,15834,very expansive game and very engaging,True,1788803222,156,11.536203703703704
234711009,76561198073645210,0,552,805,I get it now.,True,1788801083,253,11.560960648148148
234710909,76561198053222384,0,62655,62655,johnny was right,True,1788800994,0,11.561990740740741
234710869,76561198705956254,14,394,631,"Best story in any game ive played. This review is on a different steam account used for steamos, I have like 600 hours on my other one.",True,1788800948,237,11.562523148148149
234710862,76561198034827336,304,19033,19137,This fkin spider....,True,1788800944,104,11.562569444444444
234709455,76561198003513488,0,2698,2711,Very violent - and frankly quite boring after the opening third.,False,1788799822,13,11.575555555555555
234709363,76561198451137637,0,380,1197,"I've just recently, within the couple last days rewatched EDGERUNNERS and decided to finally play through, it's been sitting in my library for a long time so I've figured I will give this masterpiece a try. Perhaps It's early of me to speak up but I've really been enjoying this game so far and I'll willingly recommend it mhm",True,1788799737,817,11.576539351851851
234709093,76561199801014218,0,3474,4015,exciting game,True,1788799512,541,11.579143518518519
234708094,76561198243827688,100,10834,11172,The graphics are so realistic in this game! now I can pretend what its like to go outside!,True,1788798682,338,11.58875
234707992,76561198740427943,0,2666,6000,"Get ♥♥♥♥♥♥ Smasher, that was for David",True,1788798611,3334,11.58957175925926
234707823,76561198161153941,0,10500,11904,"If you don't played it yet, you just have to give it a shot. We've been blessed by many wonderful games, and I've played many of these, but I've never been part of a story like this one. There are aspects of this game, that are absolute brilliant. 

I don't afraid to say, that this is probably my all time favorite game by now, and that's a feat. Feat worthy of a legend.

Highly recommend, chooms.",True,1788798489,1404,11.590983796296296
234707501,76561199105963758,131,16035,16090,It's not bad,True,1788798245,55,11.59380787037037
234706626,76561198126658342,181,44781,45033,hours of fun very re-playable,True,1788797510,252,11.602314814814815
234706240,76561199174212967,132,515,515,a,True,1788797177,0,11.606168981481481
234703199,76561199750678914,0,5967,6193,"Just completed Phantom Liberty, havent even done the last mission of the base game yet, but shii, the story is preem chooms",True,1788794594,226,11.636064814814814
234703042,76561198119372649,0,4848,4848,"yes just yes 
",True,1788794448,0,11.63775462962963
234702534,76561198144612608,0,16251,16502,Best game I ever played,True,1788794000,251,11.642939814814815
234701977,76561198212217169,0,10560,11719,its ok,True,1788793497,1159,11.648761574074074
234701801,76561198145830183,92,2361,2365,The life of cyber world,True,1788793328,4,11.650717592592592
234701609,76561198818390732,82,3984,4307,Gooo9oooooood gameeeeeeeeeeeeee,True,1788793173,323,11.652511574074074
234700965,76561198055830487,0,9990,9990,Great Game,True,1788792627,0,11.65883101851852
234700617,76561198055458359,0,10269,11319,Play this instead of GTA6,True,1788792342,1050,11.66212962962963
234698338,76561198664743657,0,1154,1184,look mom im on the very top of arasaka tower,True,1788790296,30,11.685810185185185
234698035,76561199487053092,67,359,389,idk how ive been playing for 50 hours but its chill,True,1788790014,30,11.689074074074075
234697086,76561199137804236,0,3409,3409,"we are actually living through Cyberpunk rn, minus the sickass chrome",True,1788789123,0,11.699386574074074
234696801,76561199203944395,14,220,620,?,True,1788788835,400,11.702719907407408
234694133,76561198061384303,0,310,310,The game is hyped for its visuals but to be honest with you there's too many boring puzzles in the game. Like I want to feel like I am playing a Tron-like game and destroy stuff not move a little robot through the room or fast-forward/rewind tapes to play detective. The campaign is boring as crap.,False,1788786027,0,11.735219907407407
234692910,76561199409014589,86,2141,2450,Great game!,True,1788784516,309,11.752708333333333
234690699,76561199464395335,24,10543,10572,"Absolute PEAK

I didn't even notice the day turning into night and then to day the first time I played it.
Had no interest years ago due to reviews and bugs back then but now I'm so glad I decided to take a leap of faith.
Truly one of the best redemptions of all time.
Looking forward to Cyberpunk 2 (hopefully they learned from this one)",True,1788781706,29,11.785231481481482
234690409,76561198052600705,182,30334,33420,"Not bad. 

Currently 1/2-way through the game, i'll update my review in another 500hrs.",True,1788781306,3086,11.789861111111112
234690286,76561198853983456,0,1219,1521,good,True,1788781141,302,11.791770833333333
234688908,76561198347877728,322,15215,15291,BACK FOR EDGE-RUNNER SEASON 2,True,1788779162,76,11.814675925925926
234688534,76561198799042862,0,9745,9745,"funny,i like it",True,1788778682,0,11.820231481481482
234688256,76561199206190690,0,2750,3514,I lived through this game and absolutely love it; I highly recommend experiencing both the game and the related anime—you definitely won't regret it. <3,True,1788778300,764,11.824652777777779
234687804,76561198153692146,218,7494,7858,Konpeki Plaza changes lives,True,1788777680,364,11.831828703703703
234687226,76561198864302404,49,959,5038,I regret being this late to the party. Absolutely loving this shi,True,1788776799,4079,11.842025462962964
234686116,76561198009872417,840,16827,18032,Truly peak.,True,1788775091,1205,11.861793981481481
234685611,76561198158446393,328,8358,8358,10/10,True,1788774305,0,11.870891203703703
234683829,76561199727361527,0,6707,6836,"everyone should play at least once those who are interested in hacking and cyberware stuff
",True,1788771301,129,11.905659722222222
234683729,76561199514856961,0,4189,4189,"CyberPeak
",True,1788771131,0,11.907627314814814
234683601,76561199581516632,0,6300,6300,After the horrible launch I got the game on sale about a year after. I told my friends the game was functioning and a fun time. Not long after that cdpr decided to release and dlc and fix every issue and make it into one of my favorite games in a while. Crazy comeback,True,1788770916,0,11.910115740740741
234683383,76561198128694744,0,4760,4760,"This game is great. I wish they made more expansion DLCs. Looking forward to Cyberpunk 2077's Sequel Game. Have never made it 1/3 through Grand Theft Auto 5's story. But I have made it through this game's story. Personally I think the writers did pretty well with this one. A dystopian adventure. Bad endings for people really help ground and immerse you in the world and the characters. I wish certain characters introduced at the beginning of the game had more content to explore but I understand time crunch, business and deadlines always end up taking things we'd like away. If it were up to the creatives only. New things would never stop being added. Everyone who worked on this game delivered! Graphics, Gameplay, Story and Voice Acting. Was all well done. I wish Mike Pondsmith would also get a Live Action or Realistic 3D rendered TV Show Going in the Cyberpunk Universe. So many potential storylines to explore. The Dystopian Stories that could be explored in Future Games or Tv Shows are endless. Their struggles make them feel more real and help with immersion and feeling for the characters. I love you guys. Casting did so good! Every Voice actor I felt for. Felt like real people to me. Well Done!",True,1788770588,0,11.913912037037036
234683208,76561199145760767,94,3074,3074,cinema,True,1788770328,0,11.916921296296296
234682969,76561198106175747,123,1309,3069,"Really fun, 100% worth the price on sale!",True,1788769950,1760,11.921296296296296
234682557,76561199811522006,46,5251,5306,I wish this game was endless,True,1788769304,55,11.928773148148148
234682011,76561198019950068,0,14174,14224,goated,True,1788768417,50,11.939039351851852
234681437,76561197993816300,0,7738,7738,"release day: hot mess
6 years later: complete and utter MASTAHPIECE",True,1788767478,0,11.949907407407407
234681373,76561199002539835,0,6519,8154,"BEST $17 DOLLARS SPENT, CANT GET OFF THIS GAME, LOVE ALL THE SMALL SIDE QUESTS AND COLLECTABLES",True,1788767387,1635,11.950960648148149
234680961,76561199154946064,0,12407,13865,"Totally recommend!!! You should play it!!! - easy 10/10 :D

I've never felt so dejected & miserable getting an ending(s) in a game before! everyone should try it!! like I'm actually so heartbroken I don't even want to open the game anymore •ᴗ•
         - (but I did just start my 2nd playthrough finally 😊)

+ Phantom Liberty (DLC) is soooo 1000% worth it bought it to delay the inevitable.
         - just to be woahed before being punched in the gut by the end and then backhanded again with the ending scene/song lmaoooo.

Best game I've ever played & probably is going to stay as one of my all time favourite,                 

- I miss my V(al) so bad oml, it hurts, get me out of here. CDPR why would you do this to me!! (੭ ;´ ⌂ `;)੭♡",True,1788766736,1458,11.95849537037037
234678816,76561199054940582,0,1840,2617,"Masterpiece of a game. PERIOD

It is visually stunning and has a deep, rich, character driven story with genuine twists. Add onto that the engaging mechanics, gameplay, and character progression.

F**king preem, choom.",True,1788763139,777,12.000127314814815
234678394,76561198092552009,123,65419,68418,"“This isn’t my kind of game,” I said. “It’s going to be so boring,” I said. What a naive gonk I was…

My eyes have been opened.

This is the best game I’ve ever played. I live in Night City. My dreams are nothing but Cyberpunk. I think the game gave me cyberpsychosis, and the cure for it is more Cyberpunk.",True,1788762461,2999,12.007974537037038
234678091,76561198023318188,0,1466,3136,playing this with dsl5 is amazing!!,True,1788761990,1670,12.013425925925926
234677446,76561198152396380,0,13173,13173,Truly immerses you in Night CIty!,True,1788760907,0,12.025960648148148
234676923,76561198421060077,37,9034,9644,very fun game to play and hours of entertainment and so many ways to build your character and mod options are awesome,True,1788760014,610,12.036296296296296
234676241,76561199520710068,0,2940,3153,"Love love love this game
",True,1788758979,213,12.048275462962962
234676155,76561199038153907,90,6204,6204,"amazing game with great gameplay and story and even a great DLC.
8/10",True,1788758851,0,12.049756944444445
234675687,76561198198132231,0,6074,6126,you'd be a gonk brain not too,True,1788758187,52,12.05744212962963
234674432,76561199507902885,60,362,4069,The game would be signifigantly better if it were to stop crashing :/,True,1788756212,3707,12.080300925925926
234673977,76561199730256576,0,1297,2714,FutureWitcher. Amazing.,True,1788755552,1417,12.087939814814815
234673710,76561199218772731,247,7161,7185,"10/10, thats all i have to say... for now...",True,1788755123,24,12.092905092592593
234673606,76561199035386981,0,32544,32544,I LOVE CP!!!!!!!!!!!!!!!!!!!!!!,True,1788754991,0,12.09443287037037
234673496,76561199058589833,101,1876,3448,"It's not what it used to be, even a little bit",True,1788754818,1572,12.096435185185186
234672959,76561199099056887,0,4618,5121,Peakest of peaks.,True,1788754001,503,12.105891203703704
234672771,76561199201123084,0,4621,13276,ty shi,True,1788753720,8655,12.109143518518518
234672151,76561198060668194,721,13056,13056,"I 100%'d the game and it was so worth it, tho each ending takes a couple hours to complete, so ♥♥♥♥♥♥♥ worth it tho.",True,1788752841,0,12.11931712962963
234671981,76561199678242372,0,1510,2532,"""HAAAAANK! HANK, DONT ABBERVIATE CYBERPUNK. HAAAANK!""",True,1788752582,1022,12.122314814814814
234671933,76561198859407693,101,9651,9732,They still havnt figured out how to make this trashpile functional. Just crashes now you cant even play. You'd think they would figure this out by now but no they just can't. Even iff you et lucky and it loads its just gonna crash in a min. This is a horribly broken game from launch up until now and has not improved and im just sick of it. theres no more excuses left for this. STOP PUSHING BROKEN UPDATES!!!!!!,False,1788752502,81,12.12324074074074
234671903,76561198699097719,0,629,1049,w game,True,1788752457,420,12.123761574074074
234670602,76561198433394556,0,8257,8257,"Did two playthrough, and both times I had a great time. The DLC ending was man, ugh, good, still sore from that one.",True,1788750774,0,12.14324074074074
234669066,76561198019629014,0,11374,12189,gaem,True,1788748739,815,12.166793981481481
234668670,76561197979673976,0,16183,16204,"Great game, but forcing people to accept an arbitration agreement that the devs made intentionally hard to opt out with multiple hoops is just malicious corpo BS. Not recommended.",False,1788748204,21,12.172986111111111
234667931,76561198126969223,55,387,706,"when it came out this was going to be the new Crysis


now it's a game you can run on intel integrated graphics.
it's hard to believe how borked this game was at launch when it's this good today.",True,1788747153,319,12.185150462962962
234666856,76561198245262242,0,6474,9128,"One of my favorite games, hands down. I WISHED I witnessed the glitch era of this game because most videos of the glitches I've seen are laughable.",True,1788745726,2654,12.201666666666666
234666260,76561199864472931,0,1810,2001,w game,True,1788745007,191,12.209988425925927
234664602,76561199408984345,65,53346,53485,"I typically play medieval games from a third person perspective, only bought this game because I heard it was the developers of the Witcher 3 who made it. Never expected for it to become my favorite. 10/10 game. The main appeal for me was the story and variety in combat. Some of the gigs felt like filler content, but the side quest and everything the DLC specifically felt like it was made with care and gave me the impression that choices actually matterred. I'd be glued to the screen for hours on end playing this game, cannot recommend enough.",True,1788742829,139,12.23519675925926
234664469,76561199372196072,36,12850,12908,I Always Comeback to this Game Every couple of months and it never disappoints.,True,1788742652,58,12.23724537037037
234664151,76561198115016756,116,10612,10646,good.,True,1788742210,34,12.24236111111111
234663656,76561198281766377,0,8263,8263,"V, I’ve declared war not because capitalism is a thorn in my side or outta nostalgia for an America gone by. This war’s a people’s war against a system that’s spiraled outta our control. It’s a war against the ♥♥♥♥♥♥’ forces of entropy, understand? Do whatever it takes to stop ’em, defeat ’em, gut ’em. If I gotta kill, I’ll kill. If I need your body, I’ll ♥♥♥♥♥♥’ take it! ♥♥♥♥♥♥’ hell… You still don’t see it. But you will one day.",True,1788741541,0,12.250104166666667
234663224,76561199542974582,0,623,1521,"good\

",True,1788740980,898,12.256597222222222
234663175,76561198391854051,376,2506,3366,absolutely ♥♥♥♥♥♥♥ goated,True,1788740921,860,12.257280092592593
234662898,76561199467482880,0,10557,10557,"After The Witcher 3, one of the best RPGs. Lots of action, emotion, and character depth. It made me cry and rethink my decisions many times. And no Hollywood-perfect sugar ending at the end, only brutal reality (there are no good endings in Night City). The only thing I'm mad about is the lack of the possibility to romance Kerry as female V...",True,1788740568,0,12.261365740740741
234662438,76561198139212358,178,8912,11531,"I won't be able to add what has already been said. It's perfect. It has been redeemed for years. What else can I say other than it's a literal masterpiece, with a perfect expansion and peak gameplay.",True,1788739963,2619,12.268368055555555
234662341,76561198072077270,0,870,3300,Incredible game,True,1788739822,2430,12.27
234661788,76561198126750234,368,1404,1404,"10/10, really enjoyed the story and the graphics. This game has come a long ways since it first launched.",True,1788739013,0,12.279363425925926
234661213,76561198185643299,43,1046,1059,Played once already on console. Great game.,True,1788738207,13,12.288692129629629
234660985,76561198695426539,0,3023,3739,"this, this game right here is like... it's just on a level i can't even explain, it was just worth the price it was ten times over, to justify how good the gameplay is, the joy i feel playing this game is immeasurable for sure.",True,1788737906,716,12.292175925925926
234660666,76561198846619043,0,3754,3914,"Though shall know pain.
said the cdred",True,1788737497,160,12.296909722222223
234659052,76561198844311227,83,2081,2806,One of the best games I have ever played and finished.,True,1788735520,725,12.319791666666667
234658654,76561198262874806,57,2319,2337,"""Time to party like its 2023""",True,1788735043,18,12.3253125
234658463,76561198087950865,0,4922,4922,"It's an okay game with a lot of missed opportunities to be a much better game - the driving, gun play, and stealth are all really satisfying but get overshadowed by bad vehicle damage models/physics and really stupid NPCs - a lot of the missions start out with interesting story elements and characters, but the writing gets lazy halfway through and what had the potential to be an amazing story becomes a disappointment.

There is at least some replay replayability with multiple character backstories and multiple paths to the ending, but with my first playthrough I noticed a lot choices only gave the illusion of choice, so I'm not expecting my next playthrough to be much different unless I install a bunch of mods.",True,1788734827,0,12.3278125
234657885,76561198039827974,489,19004,19696,"Aged very well, unlike skyrim.",True,1788734174,692,12.33537037037037
234657836,76561198373685414,0,8171,8437,better than gta 6 trash,True,1788734123,266,12.335960648148149
234657832,76561199810830614,0,2307,2323,"Cyberpunk 2077 is one of those games that completely sucked me into its world. Night City is easily one of the most impressive open-worlds I've explored. Everywhere you go there are huge buildings, neon lights, busy streets, advertisements and random events happening around you. Even when you're not doing a mission, just driving around the city can be really fun.

The story is probably my favourite part of the game. V is a great protagonist, and the characters you meet throughout the story actually feel memorable. Johnny Silverhand is obviously a huge part of the experience, and his relationship with V leads to some of the most interesting moments in the game. There are also plenty of side characters and side quests that are surprisingly well-written.

The gameplay is really enjoyable too. You can choose how you want to play, whether that's running in with weapons, using stealth, hacking enemies or mixing everything together. The cyberware system also lets you customise V and create some pretty powerful builds.

The game does have some downsides. Night City can sometimes feel like there's more going on visually than there is to actually interact with, and some activities can become repetitive after a while. There are also moments where the open-world mechanics don't feel quite as deep as they could be.

Despite that, Cyberpunk 2077 is an incredible experience. The atmosphere, music, characters and story make it very easy to get lost in Night City.

9/10 — Recommended.

If you enjoy RPGs, open-world games or futuristic settings, Cyberpunk 2077 is definitely worth playing. Once you get invested in the world, it's very hard to put down.
",True,1788734120,16,12.33599537037037
234657752,76561198415791639,57,11169,11872,"never fade away. 

10/10",True,1788734041,703,12.336909722222222
234657320,76561198066998857,0,14663,15658,You haven't lived life if you haven't played this game. It is what it is.,True,1788733559,995,12.342488425925925
234657246,76561198017916545,4031,1200,1200,the jankest game ever made i tried it year after year but it gets worst,False,1788733472,0,12.34349537037037
234655514,76561198027205271,306,12463,12463,"I am enamored by cyberpunks world. Cyberpunk 2077 puts you directly into night city, with one of its greatest legends. the city's atmosphere is perfect, the grime and grit paired with the bright lights and sounds. Night city aside the story is awesome V's story is a great introduction to merc life in night city whilst being well written as a character. Cyberpunk is immersive with gameplay and scene. it falls flat as an rpg a little bit, but the systems are still intricate, and their is a good amount of replayability. One of my favorite games of all time",True,1788731548,0,12.365763888888889
234655430,76561198057243284,354,20488,24064,"Preem game, choom.",True,1788731457,3576,12.366817129629629
234654709,76561198259133451,800,8752,8752,Edgerunners got me into this world and I got to experience PEAK.,True,1788730700,0,12.375578703703704
234653881,76561198134992152,0,2697,2697,yes,True,1788729850,0,12.385416666666666
234653557,76561199084747626,0,5596,5596,"The only bad thing about great story games, is that they can only be truly enjoyed once.",True,1788729495,0,12.389525462962963
234652631,76561199399961442,0,4247,6007,"Overall very good, if on discount def worth it",True,1788728583,1760,12.400081018518518
234652581,76561198040517140,0,1103,2813,This game turned out great! Really get's the old Cyberpunk feel. A bit confusing at start but after a while things get clearer. Very good story arc so far.,True,1788728546,1710,12.400509259259259
234652577,76561198425281252,15,4202,4202,Good.,True,1788728542,0,12.400555555555556
234651967,76561199752489406,11,4049,4276,i luh dis,True,1788727962,227,12.407268518518519
234651333,76561198105175256,0,6238,6238,"One of my all time favorite open world games. As a sci-fi fan, it’s a must play, and the story keeps you hooked from start to finish. And the DLC is arguably one of the best DLCs in modern gaming history. It almost feels like a sequel rather than just a DLC. By the way, Keanu Reeves does a phenomenal job. At first, I found his character unlikable, but he grew on me more and more. Also one of the most beautiful games out there tbh",True,1788727383,0,12.413969907407408
234650853,76561197977901783,0,23303,23522,"The world is enormous, the details are plentiful, the story is good.",True,1788726986,219,12.418564814814815
234650618,76561198254610596,186,16631,19889,Game is gaming,True,1788726776,3258,12.42099537037037
234650092,76561198330551925,0,3720,4178,"Great graphics, bad style, and boring story.

Edit: Great graphics, boring story, but it's fun to be an overpowered freak!",True,1788726310,458,12.426388888888889
234649524,76561198305855892,0,3307,3356,cyber titties is amazing,True,1788725782,49,12.4325
234649489,76561198800261101,0,7932,7932,"This game finally clicked with me when it ended, and so I was yea, really glad that I finished it.

Tips: do not try to be a completionist like I did - do what makes sense for your character. ROLE PLAY. And don't forget to take it all in: the ambient dialogue, the news, the visuals, the framing of every scene in every mission. This is game that oozes style and atmosphere. It is not a choice between style and substance, it is a vibe that reaches out and throttles the player. I played this game on both the big screen and the small, and it never failed to fully immerse me in the depressive yet smouldering world of Night City. In my 100+ hours spent in the game I never once fast travelled, in fact it never crossed my mind to. Whilst the open world is not the most interactive, it is so full of details and charm that I can't help but notice things. And it is a kind of interactivity that engages the player's senses. There is just so much to SEE, so much to be AWARE OF. And so the imagination, like in any good RPG, ended up doing most of the world-building, making V, and the player, feel like just a small cog in a massive universe that stretches on and on. So yea, take your time with this game, read all the shards and codex entries, and it will reward you with a rare kind of immersion that you simply don't get in most open world games these days.

As for the story - without spoilers - hands down one of the best stories I have ever experienced? And I mean it: from the writing, to the presentation, down to the smallest details like the framing of the first-person camera angle. This game works on a moment-to-moment level, another instance where the themes of the story come to characterise the gamer's experience. In any other game this would have smacked of vanity, as when a film strings together powerful imageries that lack punch in the end due to a lack of cohesion. But Cyberpunk thrives on the ephemeral - vibes, passion, adrenaline - it works because it doesn't dwell on anything for too long. And whilst the text lacks the literary sophistication of the classics from which it draws - the game cannibalises its own script and creates/presents a story which fits the video game medium exceedingly well. I simply can't imagine reading or watching V's story - it has to be played, inhabited, lived in. Then the credits rolled and the post video game depression hit harder than ever.

Still experiencing heavy withdrawal and I'm not kidding.

The gameplay offers decent freedom. I am not going to pretend that it is the deepest game mechanically, or that it has the most thought-out levels. Cyberpunk has to trade breadth with depth, and this is the most apparent when it comes to the level design. The enemy placement and the infiltration is surprisingly amateurish given the masterful storytelling which has been on abundant display. You simply do not get multiple entry points, or synergetic gadget use which often come with these types of games. Rather, everything is stats based which means if you have not built a character a certain way, then you will HAVE TO approach any level a given way. Freedom only ever begins at the first gun shot. And so if you are the sneaky gamer who prefers to take enemies out one by one instead of going in guns blazing you will find that the gameplay stabilises into the same rhythm pretty quickly - ping to discover enemies, upgrade pistol to max, headshots everyone. The usual AAA fanfare. Sadly, the safest play is not often the most exciting. That said, if you have the intrinsic motivation to look cool, there is plenty of room to amp up the spectacle. Just don't expect the pieces to always work as expected. It is surprising, that given the budget that is clearly behind Cyberpunk, the game can feel quite janky at times. But nothing gamebreaking luckily, if you are playing this now in 2026.

This game will surprise you, awe you, and make you cry by the time you put it down. I thought I had fully burnt out on it but something kept me going. It is truly a visionary game which can feel slow and pedestrian at first. But stick with it, and it will reward you one of the most impactful stories ever told in video games.",True,1788725723,0,12.43318287037037
234649409,76561198139506313,179,2385,4281,i preordered this game and five years later i finally got my money's worth,True,1788725644,1896,12.434097222222222
234649337,76561198251658750,0,2886,2886,"The dialogues are moronic. Most characters just trauma dump you every chance they get. Talking about mind-numbingly boring life stories... Like dude, I steal and murder for you, IDGAF about your poor upbringing or your past partners. Most people that are supposed to be the good guys are awful. I've tried to kill so many of them, especially Panam (I hate that childish, ret****d b**ch with passion), but sadly there's no player choice in that regard... Even Starfield at least allows you to hurt and down essential NPCs and make enemies. Let me repeat - THE ♥♥♥♥♥♥♥ SLOPFIELD!

I was under impression that players could influence who V becomes, but outside of customizing your character at the beginning of the game, the story feels ridiculously linear. Lots of ""choices"" where V says the same thing in a different way. V is V, just like Geralt is Geralt in the Witcher games, and you can't do anything beyond that, but to play as the devs wrote them.

RPG mechanics are almost non existent. Life path you choose have almost 0 impact on the game. Dialogue options are comically limited to the point where Fallout 4 system feels deep. And that's a ♥♥♥♥♥♥♥ impressive achievement.

20h into the game my character was already an unkillable god on the highest difficulty. Action mechanics are all-right, although since the game is so easy and boring it doesn't really matter.

The amount of girl bosses that are boasting and talking ♥♥♥♥ to you is staggering. And the fact that you just can't shut them up (unlike male characters who do the same), or stand up for yourself in any capacity really bothers me and takes away immersion from this supposed ""RPG"". When I saw ms. President acting all tuff like some ♥♥♥♥♥♥♥ commando and talking down to V who JUST RESCUED HER I was genuinely laughing out loud. And the only dialogue options you have with her are essentially ""Yes Queen. Lead the way my Queen"". No wonder this world is such a mess with leaders like that.

The only thing that kept me playing is the Night City. Hands down the best open world I've ever seen. Yet despite that, most of the time spent in this game I was thinking about playing Deus Ex or GTA 4 again for god know which time.

Soundtrack is great too.

And the fact that they've dropped their awesome and beautiful engine for UE5 is the funniest news I've seen this decade.",False,1788725584,0,12.434791666666667
234648225,76561198353605437,0,5124,9014,fun,True,1788724592,3890,12.446273148148148
234648095,76561199460249542,69,7397,7486,I love Daddy smasher sadly no romance option Judy good too tho,True,1788724480,89,12.447569444444444
234647707,76561198717367645,0,2950,3139,good,True,1788724106,189,12.451898148148148
234647446,76561198796632133,6,2589,3812,"Well, I love this game LOL!",True,1788723869,1223,12.454641203703703
234646957,76561199232312507,0,7201,7219,Gonk,True,1788723411,18,12.45994212962963
234646898,76561199869458196,0,3519,4237,one of the greatest games i have ever played,True,1788723355,718,12.460590277777778
234646493,76561199015755745,0,9978,10642,"I had been avoiding playing this for no good reason, but it went on sale and it was honestly worth more than full price. Star ending is the best. Argue with the wall if you disagree.",True,1788722964,664,12.46511574074074
234646335,76561198807041756,0,1382,5367,game good,True,1788722819,3985,12.466793981481482
234645751,76561198211406917,95,15109,16125,"SO there's johnny, Keanu Reeves and some other guy in one room together. Doesn't get much better than that. Also there's lots of cool ♥♥♥♥ happening all the time. So yeah. Can recommend. Except for if the game just refuses to run 50% of the time.",True,1788722309,1016,12.472696759259259
234644835,76561199279002363,0,437,661,So far I am loving the GAME! overall visually its a Beautiful game!! i love these type of store mode games!,True,1788721524,224,12.481782407407408
234643842,76561198095493886,110,3437,3530,good,True,1788720669,93,12.491678240740741
234643168,76561199489072782,46,951,951,it was a decent story the guns sucked though optimization is ok but too much nonsense dialogue,False,1788720113,0,12.498113425925926
234643135,76561199392344948,100,2382,2818,j,True,1788720089,436,12.498391203703704
234642106,76561199870088579,0,895,931,good,True,1788719191,36,12.508784722222222
234641428,76561198859918282,228,1156,10028,peak,True,1788718641,8872,12.515150462962962
234641337,76561198066419714,0,2782,2782,"The most immersive, fun game I've played in years. 

Someone I saw a review from described it as 'doing missions and then riding home with your buddies in the car after', and I'd agree with that general synopsis of the gameplay loop. 

It's funny that the ride after probably became my favourite part. The voice acting, the lines, the fact you can look out the car window at Night City rolling by while you think of your reply to a question... I've never played a more immersive RPG from a look and feel perspective. 

Yes, I am utterly blessed to have a high end PC. So that helps. But after playing some on Steam Deck, I'd say that even on lesser hardware the immersion from this game comes mostly from the atmosphere CDPR built so carefully and the characters that are really hard to pick from as you make your end game choices. If you're a Bladerunner / Altered Carbon sci-fi junky, the questions asked by this game of the human psyche are nothing short of riveting as you explore a world shattered by corruption and the evisceration of what it means to be human. 

Another thing - I think people don't like RPGs that 'end'. They want you to beat the final boss and then roam forever free with the god-killing character you've created. But to me, Cyber Punk having an 'ending' (I don't think that's a spoiler - the game has been out long enough) meant that I valued my last few hours with V all the more. I was more emotionally invested knowing I was reaching a conclusion. I think the last time I sat down to finish a game with this much anticipation was Bioshock: Infinite. 

I probably could have spent more time in this world, but these days with a job and responsibilities, 50hrs felt about right. It has only left me eager to replay it all again in a few months with the Phantom Liberty DLC this time around. 

Thanks for reading!",True,1788718564,0,12.516041666666666
234640427,76561199088849310,0,3214,3214,Peak,True,1788717841,0,12.524409722222222
234640010,76561198723859366,0,377,1095,"Looks great ,my laptop rtx 4050 can run it decent at high settings , smooth at medium .",True,1788717501,718,12.528344907407407
234639783,76561198424126844,123,314,314,cp,True,1788717303,0,12.530636574074075
234638276,76561198007091448,0,1613,2366,fun,True,1788716062,753,12.545
234637004,76561199587276998,0,635,635,aura,True,1788715027,0,12.556979166666666
234636836,76561199476594264,50,383,383,mid lol,False,1788714899,0,12.558460648148149
234636809,76561198037403674,373,44815,47051,"was this game buggy as all hell on launch? yes. is it still very buggy? a lot less so, but sometimes... does this deteriorate the ♥♥♥♥♥♥♥ immaculate storytelling and character writing of the game? not really.

Go Play Cyberpunk 2077. It's really good.",True,1788714877,2236,12.558715277777777
234636333,76561198283854118,0,1692,2428,Truly amazing!,True,1788714511,736,12.562951388888889
234635488,76561198049550367,0,8661,8661,"Peak perfection, CDPR fantastic comeback.",True,1788713853,0,12.57056712962963
234635115,76561198646506585,0,187,818,Awesome!,True,1788713564,631,12.573912037037037
234630793,76561198141792329,0,25660,34933,grate,True,1788710206,9273,12.612777777777778
234630688,76561198133086354,0,3364,4106,"Played several 100 hours on XBox, started up again on PC with the DLCs and it's still a great game.",True,1788710130,742,12.613657407407407
234630647,76561198345612695,0,3991,3991,Best game i've played in a long time.,True,1788710107,0,12.613923611111112
234630106,76561199410385755,0,2307,2332,"Even at extremely low settings, I still see ray tracing enabled even when it is disabled",False,1788709688,25,12.618773148148149
234628969,76561199034892173,0,11024,11024,ʕっ•ᴥ•ʔっ♡,True,1788708813,0,12.628900462962964
234627613,76561199583558416,0,2382,4106,"awezsome
",True,1788707722,1724,12.641527777777778
234626307,76561199007061600,0,4686,4686,"A thing of beauty, I know, will never fade away...
Best game of my life. It changed me and moved me in the ways I never thought imaginable. Love it! Would delete it from my memory just to experience it anew again",True,1788706677,0,12.653622685185185
234625962,76561199376087185,0,32257,32257,"Cyberpunk 2077 is the only game where you can go from having a casual conversation with a vending machine to fist‑fighting a cyber‑enhanced gorilla man in a back alley, all before breakfast. It’s a neon‑soaked fever dream, a tech‑dystopia vacation package, and a glitchy circus that somehow became one of the best RPGs out there.

Night City: The World’s Most Dangerous All‑Inclusive Resort
Night City is gorgeous. It’s vibrant. It’s alive. It’s also trying to kill you every five minutes.

You’ll be walking down the street admiring the neon skyline and—boom—someone’s car explodes. Not because of crime. Not because of gang violence. Just because Night City is built like it was coded by interns on Red Bull.

And yet… you love it.
It’s like visiting Las Vegas if Vegas had cybernetic arms, megacorporations, and existential dread baked into the architecture.

The Story: Existential Crisis, But Make It Stylish
You play as V, a mercenary who accidentally installs a brain‑haunting rockstar terrorist into their skull. Johnny Silverhand is equal parts mentor, menace, and malfunctioning Alexa. He pops up to give advice, insult you, or remind you that you’re dying. Very supportive.

The story is legitimately fantastic—emotional, intense, and full of characters who feel real enough that you’ll miss them when they’re gone.
Even the side quests slap harder than a malfunctioning cyber‑arm.

Combat: Guns, Blades, Hacking, and Occasionally Throwing Furniture
Cyberpunk lets you fight however you want:

Sneak around like a cyber‑ninja

Hack people’s brains until they catch fire

Run in with a shotgun and zero life insurance

Punch enemies so hard they forget physics

It’s chaotic, stylish, and extremely satisfying—especially once you realize you can hack someone’s cyber‑legs so they forget how to stand.

The Glitches: Comedy Gold (Mostly Fixed, But Never Forgotten)
Cyberpunk launched with bugs so legendary they deserve their own museum wing. NPCs T‑posing in the street, cars spawning from the sky, and police teleporting behind you like cyber‑ninjas who skipped the tutorial.

Most of that’s fixed now, but the memories live on.
Cyberpunk’s glitches were the closest thing gaming had to slapstick comedy.

The City Feels Alive… Even When It’s Actively Trying to Mug You
Night City is packed with detail—ads, crowds, conversations, weird robots, questionable food vendors, and people who look like they haven’t slept since 2041. It’s immersive in a way few games manage.

You don’t just play Cyberpunk.
You exist in it.
You suffer in it.
You thrive in it.
You get run over by a taxi in it.

Cyberpunk 2077 is a chaotic masterpiece.  
It’s stylish, emotional, hilarious, occasionally broken, and absolutely unforgettable. It’s the kind of game where you finish a mission, stare at the skyline, and think, “Wow… I should probably go do another mission instead of fixing my real‑life problems.”

If you want a game that’s equal parts brilliance and absurdity, Cyberpunk 2077 delivers.

If you want a game that never glitches… well, Night City has a message for you:
“We don’t do that here.”",True,1788706414,0,12.656666666666666
234625956,76561198730767958,0,5004,5643,apple,True,1788706408,639,12.656736111111112
234624304,76561199616280190,36,3530,3530,"10/10. Incredible story, extremely immersive, very fun combat that always keeps you on the edge of your seat. My only complaint is that it does require a beefy PC to run normally.",True,1788705135,0,12.671469907407408
234623370,76561199243874358,0,17435,19016,"If you want to feel that have something weight to it. It's what you searching, you found it. The dread of the city, hate against each other, almost no empathy for others only you and what's in your pocket. Always a glimpse of hope yet nothing can reach far enough to achieve it. Night City, City of dreams that die young. Guns blazing for glory and dying in a ditch for few pocket changes. WELCOME TO THE NIGHT CITY. CITY THAT NEVER SLEEPS. FOLKS THAT NEVER KEEPS THEIR WORD. 

Love this damn game. No happy ending for U(V). You will always lose something. Just don't lose yourself.",True,1788704403,1581,12.67994212962963
234623273,76561199500644703,0,4271,5205,fajne,True,1788704316,934,12.680949074074075
234622933,76561197968233699,201,3548,3548,Fun game,True,1788703991,0,12.684710648148148
234622160,76561198790413483,0,235,7456,The games is very good but wont work with some pcs but still good,True,1788703315,7221,12.692534722222222
234622010,76561199823469221,0,2769,3807,"its an amazing 100 hrs and more, running through the night city and busting everyone up, glad i did that",True,1788703191,1038,12.693969907407407
234618689,76561198874519655,0,2058,2058,Midest mid game,False,1788700373,0,12.726585648148149
234618531,76561198088223224,0,15788,15788,Nestlé is Arasaka,True,1788700214,0,12.728425925925926
234618327,76561198849529686,0,12798,12798,"At this point, I’m not sure if I’m playing Cyberpunk 2077 or if I’ve legally moved into Night City.

I already finished one Corpo playthrough, and now I’m doing another as Nomad because apparently one full run was not enough to cure me.

The main story is great. The side quests and gigs are good too, and they add a lot to the world while giving me plenty of excuses to ignore “Meet Hanako at Embers” for another 50 hours.

Night City itself is probably the biggest reason I keep coming back. The atmosphere, music, visuals, combat, driving around at night, trying different builds, and finding things I missed before... the city has a way of eating your free time.

V is also a really solid protagonist, and some of the supporting cast are genuinely memorable.

One thing I don’t really like, though, is that the game still isn’t as realistic or interactive as I wish it was. Night City looks insanely detailed, but sometimes it feels more like a gorgeous movie set than a city you can truly live in. I wish there were more meaningful interactions with NPCs, shops, apartments, bars, activities, and the environment in general.

Basically, Night City looks alive, but sometimes you poke the world and realize some of it is just very expensive wallpaper.

Still, despite that, Cyberpunk 2077 has become one of my favorite open-world RPGs.

213 hours later, still not ready to leave.

Highly recommended, choom. 🌃",True,1788700042,0,12.730416666666667
234618238,76561198411682634,243,2532,2532,"Probably the greatest come back a video game has ever had in history. Incredible atmosphere with fantastic characters, an absolute must play game.",True,1788699966,0,12.731296296296296
234618146,76561198929564554,122,7736,8644,"[i] Заскладна для нульового гравця.
Моя порада пройдіть пролог, або десь 6-8 годин гри. А потім йдіть на ютуб дивитися предісторію, що взагалі відбувається. Шо по імплантам, як крафтити патрікі (я зрозумів це на 60 годині гри, угу) й тощо [/i]

Насправді від легенди очікував більшого: купа мотлоху не зрозумілого, брейдаунси можна купувати та вони не працюють, 150+ шмоток що просто сміття в твоєму рюкзаку, зброя що просто клас від класу нічого особливого не змінюється проте має 5 Тірів. Є романтіки, але по факту абсолютно нічого особливого й як на мене взагалі тоді зайве, бо це глухий кут без особливих то й анімацій.
Фоторежим якби є, але персонаж ваш це по факту хмара, тому щось в динаміці зробити не вийде.
Самохуди (авто).... рішення по модифікаціям твого авто в якомусь гаражі як на мене було б краще, чим 10 варіантів одного й того ж авто, просто або трохи швидше, або зі спойлером, або салон іншний...
Навіщо 150+ варіантів коли можно було б придумати гараж з кастомізацією? не понятно

До хорошего.
Я ще не бачив гру, де стільки пасхалок  до поп культури, да навіть до серіалів чи то ігор. Багато всього, але насправді я думаю більше, бо всі не викупав.
Польська озвучка просто єбейша, дуже сподобалися усі персонажі
Сюжет? Ну дааа, в цілому да. Я люблю Сай-фай, й залишився задоволенним. Хоча й трошки вважаю що перемудрили :D
Музика / графоній / звуки / атмосфера - да, реального топчег. Особливо коли щось підбіраєш грає звук схожий на старий добрий Халф-Лайв. Знов таки, пасхалка

Й по-ітозі, я не можу назвати це шедевром. Але затягнула на 100 годин? Затягнула.
[h3] 9/12 Міцний норміс [/h3]",True,1788699893,908,12.732141203703703
234617855,76561198288742202,730,6773,6773,"[h1]CDPR Redeemed[/h1]

[h2]The Hype Train[/h2]
As a major Witcher 3 fan, I was well and truly on the hype train prior to Cyberpunk's release. I remember when the first teaser for the game came out and getting increasingly excited with each subsequent trailer. Then, after multiple delays, the game finally came out, and you all know the rest.

I felt not just let down by CDPR, but also misled. Honestly, if it wasn't for Steam's refund policy, I would have said that releasing the game in that state was downright anti-consumer.

Like many others, I closed the game and only came back every six months or so to check up on it. Eventually, I stopped coming back altogether. By this point, CDPR was dead to me. I didn't intend to buy another game from them again.

[h2]The Redemption[/h2]
When Phantom Liberty released, every headline in my feed was saying Cyberpunk was fixed, so reluctantly, I reinstalled the game and decided to give it one more try.

For once, the internet did not lie.

The game is fixed. It's exactly what it should have been in 2020. I'm still not happy about how everything went down, but I have to hand it to them. CDPR could have cut and run, but they didn't. They produced exactly what they promised, just three years later than they should have.

[h2]Gameplay Loop[/h2]
It's a big ♥♥♥♥-off RPG with futuristic guns, swords, and ♥♥♥♥. It's all tied together with that excellent CDPR writing and outstanding visuals.

Not much more I can say than that. Everything about this game has already been said.

[h2]Stutter Struggle?[/h2]
Nope. In fact, it has some of the best CPU multicore scaling I've come across.

It will utilise your whole CPU, which helps prevent you from getting bogged down by the same sort of CPU, shader, and traversal stutter that plagues so many games today.

The one thing I would say is that, as much as you'll be tempted to crank the visuals and turn on all the fancy ray-tracing settings, the game still looks great at Medium. The extra smoothness just makes the gunplay feel that much better.",True,1788699637,0,12.735104166666666
234617036,76561198164106585,379,12399,12399,"I do know that the game received a lot of criticism for a widespread of bugs and such on release. However, as someone who played the game for the first time just recently and just completed it, I can say that I found it amazing.

I'm a big fan of The Witcher series so I did have quite high expectations and honestly, I believe they were met well. I'm not gonna say that the game is completely free from bugs and issues even now because it's not but I can say that I thoroughly enjoyed playing it.

The main storyline and, I'll call them ""main side quests"", are very well-made, intriguing, enjoyable and not to forget, emotional. The reason I call them main side quests are because there are a few side quests that aren't necessarily needed to finish the game but are deeply relevant to the story and missing out on them effectively means you are missing out on big parts of the story. As far as stories go, I would say that Cyberpunk was something I wouldn't want to miss out on. As a completionist I could also add that the side content other than the ""main side quests"" quickly grow boring and is a bit too much, such as the NCPD Scanner Hustles and gigs which are MANY and aren't especially fun or interesting after you've done a few.

Gameplay-wise, I think the combat varies from effortless to slightly difficult. I played the game on normal difficulty and only ever thought the enemies posed a threat at early levels but as soon as you started getting better gear and improved your build, it almost became too simple. The combat is still fun and since you can play stealthy, straight-forward combat or with quickhacks as a netrunner you have a few choices on how you approach combat in this game. I also really enjoyed exploring the open world with a series of different vehicles at my disposal, except when my car broke down for unkown reasons... (you'll know it when it happens).

I do want to mention the customization opportunities, where you can create and customize your character however you like aswell as use fancy clothes and all but the reason why I'm bringing this up is actually because I find it useless. You will barely see your character at all throughout your gameplay (except for a few specific situations) which makes the customization kind of pointless in my opinion. The only thing that really matters is whether your character is male or female for some interactions with certain characters.

As a separate part here, I'll mention the DLC, PL (Phantom Liberty). I very much enjoyed it and it feels like the developers put more time into the side content here because most gigs in Dogtown actually has more of a ""story"" and isn't just the same thing over and over. The main story line in PL is also very fun and comes with a handful of difficult decisions. Trust me when I say that you'll have a hard time choosing the ""right"" decision in this DLC.

To summarize, I really enjoyed Cyberpunk 2077 even if it is somewhat expensive. I would still say it is worth the price especially since you can sink a lot of hours into it. 

I hope this review helped you decide if this is a game for you or if you'd rather keep looking. Good luck and have fun gaming!",True,1788698929,0,12.743298611111111
234616170,76561198874085090,121,525,626,"Just started the game. Got flashed 3 times.

10/10 lots of tits.",True,1788698137,101,12.752465277777778
234614943,76561198257468525,0,10969,11406,The meaning of life.,True,1788697026,437,12.765324074074075
234614744,76561199373148448,0,9344,9491,the best,True,1788696857,147,12.767280092592593
234614387,76561199821763906,26,8290,9457,love it,True,1788696531,1167,12.771053240740741
234613198,76561198114869437,0,6341,9348,PUNKIN IT SO F**CKING HARD RNNNNNN ♥♥♥♥♥♥♥♥♥,True,1788695400,3007,12.784143518518519
234611706,76561198432649261,167,4530,4530,"I really can't put into words how much this game has lowkey changed my life so I can only convince you to buy it with funny instead.

Sesbian Lex.",True,1788693976,0,12.800625
234611498,76561198033279364,217,7190,7923,Fun,True,1788693756,733,12.803171296296297
234610923,76561199708542979,23,7849,9498,Work of art,True,1788693173,1649,12.80991898148148
234610382,76561198197887991,111,2371,2371,goat game,True,1788692587,0,12.81670138888889
234609434,76561198333160966,0,4091,4091,"I absolutely love this game, and I'm so happy that I decided to play it. I just find the story and gameplay as both awesome. It even has its own anime, which I loved as well.",True,1788691578,0,12.82837962962963
234609290,76561198209513545,221,8369,8414,"Having done only one path of this game and replaying it currently its a very good morally grey kind of storyline. The world and the world building is top notch. The characters rock, like Johnny Silverhand is easily up there as one of my favorite characters to come out in gaming in a while. The mechanics and everything is great and I think this is the only game where I feel like yeah play with Raytracing if you can. This game has come a long way. It's great!",True,1788691443,45,12.829942129629629
234608443,76561199058044700,0,231,231,good,True,1788690552,0,12.84025462962963
234608323,76561199522891871,0,4258,6659,just cinema,True,1788690421,2401,12.841770833333333
234607643,76561198030824576,1807,6992,6992,"Масштабная игра с тучей контента, а так же  хорошо проработанными квестами, даже второстепенными. 9/10",True,1788689682,0,12.850324074074074
234606533,76561199496604600,137,486,586,"This one shocked me, wow what an amazing game",True,1788688455,100,12.864525462962963
234603294,76561198060962259,0,9513,9647,"I had this game on my list since the first announcement. I got it on release date and man....that was a really tough start. 
Now, 5 years later, Cyberpunk is awesome. This really is one of the best games I ever experienced amd I think cd project red deserves way more respect for this. I cant wait for the sequel. I love CP.",True,1788684981,134,12.904733796296297
234600606,76561198104461789,0,4585,4956,still has some minor bugs but nothing serious (they're mostly funny anyway). great game. can't remember the last time I played something that made me stare at the ceiling after I beat it,True,1788683059,371,12.926979166666667
234599642,76561199160552009,0,2420,2999,Good game,True,1788681931,579,12.940034722222222
234597278,76561198224463544,45,2592,3532,"Gud game
",True,1788678934,940,12.974722222222223
234596235,76561198167821849,0,17504,18865,"I just roleplayed getting ready for bed, then going to bed, like i do regularly. I am very normal about this game. Easily the best video game I have ever played in my entire life.",True,1788677592,1361,12.99025462962963
234596167,76561198143154085,381,5012,5012,"Without saying the obvi. about cyberpunk 2077 and how amazing it is. I would like to talk about how it runs on the steam deck oled, I ran it on a custom mix of high and medium settings with cryoutilities and loss less scaling running at a smooth 60fps the whole time. I put well over 80hrs in this game definitely a must play on the deck.",True,1788677485,0,12.991493055555555
234595253,76561199084443566,0,2774,3587,"good game
",True,1788676257,813,13.005706018518518
234595041,76561198352530400,26,11306,11945,"never played it when it first came out, but I just can't put this game down.... I finished it about 5 times by now.",True,1788675982,639,13.008888888888889
234595027,76561198972868904,0,9112,9126,"In our willingness to be bought
In our hunger, hunger to buy
Hear the wish of the oppressed
To at least get to be oppressed in style

Freedom is slavery
Your content sold
Your liquid dorsal
So profitable

Pay for pastime
Pay to unwind
Pay to be born
Pay to die

So so savage the new machine
Geared to hunt down your privacy
So so savage the new machine
Kill it all for a like supreme
So so savage the new machine
Geared to hunt down your dignity
So so savage the new machine

F [ Sing ]

Kill it all for a like supreme
A like supreme

F [ Flash devil horns ]

Hunt down, hunt down, hunt down
Your dignity
Hunt down, hunt down, hunt down
Like supreme

F [ Play sick solo ]

Hunt down, hunt down, hunt down
Self-esteem
Hunt down, hunt down, hunt down
Hunt it down now",True,1788675965,14,13.009085648148147
234594654,76561198084736931,0,13193,15483,its great,True,1788675401,2290,13.015613425925926
234594147,76561198755873756,0,11299,22335,Very fun,True,1788674741,11036,13.023252314814815
234592057,76561199864498995,0,15185,15957,Give us more panam,False,1788671896,772,13.056180555555555
234591641,76561199267804032,35,271,2581,I like.,True,1788671368,2310,13.062291666666667
234590721,76561199560763477,6,1499,2127,Amazing graphics and a lot of missions!!,True,1788670175,628,13.076099537037036
234590715,76561199189610801,29,9253,9253,Another night city legend.,True,1788670158,0,13.076296296296297
234589709,76561199832336931,0,494,1280,Great game bought it for PC and Xbox. love it!,True,1788668830,786,13.091666666666667
234589569,76561199426560132,0,4208,5837,"This game has everything you could ask for. Weiner swords, rocket launchers and terrorist Keanu Reeves. Also you can kill fingers which makes the game worth it on its own.",True,1788668652,1629,13.093726851851851
234589449,76561198380467777,0,3454,3859,Future,True,1788668530,405,13.095138888888888
234588857,76561198031545179,0,1382,1473,"I liked it so much, I bought it on every system.",True,1788667842,91,13.103101851851852
234588799,76561198056528664,0,8459,10062,Preem,True,1788667765,1603,13.103993055555556
234588536,76561198192836453,0,3255,8797,"Excited to finally dive into this game, looking forward to the dlc as well.",True,1788667431,5542,13.107858796296297
234586320,76561197995611007,0,11880,12352,One of may favorite games of all time.,True,1788664767,472,13.13869212962963
234586142,76561198753128903,0,1553,2217,amazing game and im not even done with my first play through,True,1788664542,664,13.141296296296296
234586119,76561198184019042,18,5522,5522,"A game that isn’t ashamed of what it is, Night City is one of the ugliest yet most beautiful game maps ever created. A flawed masterpiece and I love it.",True,1788664517,0,13.141585648148148
234585947,76561199835669904,0,5377,5841,"D1 schizophrenic starts seeing a terrorist, then terrorizing a city",True,1788664317,464,13.143900462962963
234585726,76561199673875809,0,4381,5266,World building is great and the different playstyles all feel fun and powerful. Definitely worth playing if you like dark storytelling,True,1788664060,885,13.146875
234584486,76561198745796156,0,756,1648,"Amazing graphics, great learning curve, fun mechanics, amazing story so far, great game",True,1788662581,892,13.163993055555556
234584446,76561197970509078,628,10723,10723,"Lots of fun. lots of game play potential.  still has a few glitches, but nearly as many as launch.",True,1788662535,0,13.164525462962963
234583888,76561198751469609,0,2836,3096,Best game of all time,True,1788661831,260,13.172673611111112
234583590,76561198056674365,896,2175,2250,"I played this game after 5 years since its release, it's quite optimized, I don't really see any bugs.
Excellent game, good story, big map, you like cyberpunk theme? Go for it",True,1788661474,75,13.176805555555555
234582841,76561198009982751,135,11651,11651,The game was fixed after it's disastrous launch and it's one of the most immersive games of it's kind. The DLC is arguably a better story than the main game.,True,1788660576,0,13.187199074074075
234581564,76561198130124646,0,14810,19310,Great,True,1788659040,4500,13.204976851851852
234581231,76561199389738580,30,4247,5829,"We, yes we, need to smash Adam Smasher for David and Rebecca.",True,1788658677,1582,13.20917824074074
234581169,76561199829345099,0,5847,8706,人生游戏。,True,1788658610,2859,13.209953703703704
234581116,76561199513996400,0,2356,4433,"My favorite game of all time 
Nomad star best ending",True,1788658548,2077,13.210671296296296
234580839,76561198272713049,0,36275,36457,W Game,True,1788658203,182,13.214664351851852
234580738,76561198070054373,55,4293,4296,Silver balls,True,1788658078,3,13.216111111111111
234580070,76561199234511298,166,5054,5510,she cyber on my 2077 till i punk,True,1788657281,456,13.225335648148148
234580052,76561198151409788,0,7770,7770,"Yo chooms.  This is a preem game on max settings.  I did find myself struggling to finish the game however.  Johnny's story is just way more interesting than V's.  I maxed my level by the time I entered Phantom City, so about half way through my playthrough.  Which was rough, there wasn't any ladder rungs left for me to climb and I enjoy that in games.  Its well worth the play through, and theres a bunch of different endings that I'll just watch on youtube.  Don't be a gonk, play this game.",True,1788657258,0,13.225601851851852
234577865,76561199310674583,0,12072,12088,"I can't f*** Judy if I'm Vincent, but everything else es pretty good",True,1788654628,16,13.256041666666667
234577175,76561199136558247,0,7867,8104,"Cyberpsycho? Nah, just a regular Psycho I am.",True,1788653735,237,13.266377314814815
234576017,76561198964896116,33,10958,10958,"나이트 시티에서의 삶을 즐기는 게임
하지만 엔딩과 각 인물들의 대사, OST 등이 참 많은 생각을 들게 한다.",True,1788652375,0,13.282118055555555
234575782,76561199808752083,0,2868,2868,"The graphics in this game are absolutely captivating, especially with path tracing enabled. I can never get enough of Night City’s visuals—it still manages to impress me every time.

The story is genuinely engaging, and the multiple endings are a great touch that make your choices feel meaningful.

Considering the absolute mess this game was at launch compared to what it has become today, I’ve got to salute the devs. They turned it into a masterpiece.",True,1788652105,0,13.285243055555556
234573978,76561199686464183,0,8274,8274,Peak game!!,True,1788650082,0,13.308657407407408
234572012,76561199186019985,119,3902,3902,"---{ Graphics }---
☐ You forget what reality is
☑ Beautiful
☐ Stylish
☐ Good
☐ Decent
☐ Bad
☐ Very Bad...

---{ Gameplay }---
☑ Very good
☐ Good
☐ It's just gameplay
☐ Meh
☐ Boring
☐ Just don't play it

---{ Audio }---
☐ Perfect
☑ Very good
☐ Good
☐ Not too bad
☐ Bad
☐ Very Bad

---{ Audience }---
☐ Kids
☑ Teens
☑ Adults
☑ Elder

---{ PC Requirements }---
☐ Potato
☐ Decent
☐ Fast
☑ High
☐ Very high

---{ Game Size }---
☐ Floppy Disk
☐ Old Fashioned
☐ Workable
☑ Big
☐ Very big

---{ Difficulty }---
☐ Very easy
☐ Easy
☑ Easy to learn / Hard to master
☐ Significant brain usage
☐ Difficult
☐ Very difficult

---{ Story }---
☐ No Story
☐ Some lore
☐ Average
☐ Good
☐ Lovely
☑ It'll replace your life

---{ Game Time }---
☐ Depends on you
☐ Long enough for a cup of coffee (below 5h)
☐ Short ( 5 - 10h)
☐ Average (10 - 20h)
☑ Long (20 - 40h)
☑ Very Long (40h+)

---{ Price }---(It depends on the price you bought it for; at full price, it could indeed be considered expensive.)
☐ It's free
☐ Worth the price
☑ Expensive
☐ Not recommended

---{ Bugs }---(currently much more defensible than when it was released.)
☐ Never heard of
☑ Minor bugs
☐ Can get annoying
☐ The game has a lot of bugs

---{ ? / 10 }---
☐ 1
☐ 2
☐ 3
☐ 4
☐ 5
☐ 6
☐ 7
☐ 8
☐ 9
☑ 10",True,1788647933,0,13.333530092592593
234571785,76561198047090211,0,6356,6356,"Good game. Not, as advertised, genre changing title, bit very enjoyable.",True,1788647692,0,13.336319444444445
234571680,76561198804763196,0,2678,3995,Everyone should play Cyberpunk,True,1788647573,1317,13.33769675925926
234571383,76561198351517747,172,3395,3478,[b]This game has a special place in my heart.[/b],True,1788647244,83,13.341504629629629
234570494,76561198307383369,0,6364,6414,"I was hesitant to get this game at first due to its numerous controversies but i fell in love with Edgerunners and decided to give it a try and my God this game is addicting. There isn't much when it comes to role playing but the gameplay is really fun and engaging i didn't care much about the main story which is kind of all over the place but what i fell in love with are the characters. The world of cyberpunk is really cool but you wouldn't care if it wasn't filled with characters that you care about like Jackie RIP, Panam, River, johnny exc they became my favorite parts of the games story and you can tell Studio Trigger understood this when they made Edgerunners and now that i've played the game and the DLC i now have new context and i can't wait for Edgerunners season two.",True,1788646350,50,13.351851851851851
234569106,76561198039688046,267,49434,52639,"Cyberpunk is competent or better at many things, an RPG, a combat system, story, voice work, the music is outstanding, but it's most outstanding and excellent feature by far is the world space. If you can't get into night city, getting lost in the streets, then you may end up disappointed by the end.",True,1788645000,3205,13.367476851851851
234568390,76561199011670512,136,6126,6126,"5/10
This game is a collection of ideas from existing games, but each one is implemented worse.",True,1788644335,0,13.37517361111111
234568000,76561198056936421,307,8874,8991,"I dont think there are any words i could use to describe the way this game made me feel throughout its entirety. this game will leave you terrified to see how it ends and at the same time insatiably craving more. I started out disinterested with the games start and my own issues with gameplay, but i stuck around, and the second the story actually started, everything changed for me. Once this game kicks into second gear, i literally could no longer put it down anymore, i started throwing all of my free time into this game and thinking about nothing else but what was going to happen next in whatever i was up to or maybe just what i have planned for the next time im on. I have scraped every piece of content i possibly could from a single playthough and am still stuck opening the game and doing nothing because i'm simply not ready to put it down yet, and because it's singlehandedly one of the best and most immersive games i've ever played, even when considering every personal problem and my many glitches (every run of cyberpunk is unique in this way, whether you frequent glitches is 50/50 from what i hear). This game makes you think about your choices, and makes you feel for the outcome of these choices, whether direct and immediate, or a minor update down the line, the characters are so well written that it's sometimes hard to remember that these arent even real people when properly immersed in your gameplay. I have never played a game quite like cyberpunk before this, and i dont think i ever will again, and everyone should experience this game at least one time

phantom liberty is harmful to your mental state",True,1788643943,117,13.379710648148148
234567912,76561198037161147,766,18154,18232,"[h1]The Gist[/h1]
When I played Cyberpunk 2077 at launch, I thought it was little more than a decent game held up by phenomenal writing. Years later, I decided to start over and ended up playing one of my favorite games of all time. 

[h1]What I Liked[/h1]
✪ Superb writing and ability to tell stories remains unchanged since release. However, thanks to the plethora of bug fixes that have gone on since, the world is much more immersive. Not having so many visually jarring glitches, bugs that interfere with progression and obnoxious crashes made me appreciate the game’s masterfully written tales even more than I did before.

✪ Before I switch gears from the writing, Cyberpunk 2077 takes place in a dark, depressing and mean-spirited setting that stays true to its core for the entire ride. It’s one of the only games I’ve ever played that genuinely makes me feel bad—like, little aches from emotional damage, bad—and that’s so damn good. Too many games these days strive to be happy tales with good endings that always give the protagonist a hero’s welcome and saint’s end. 

✪ CDPR once again does an excellent job with world design. Night City is gorgeous in a twisted kind of “I’d never want to live here, or even visit, but I see the appeal” kind of way. I seldom explored areas that felt like copies of another, encouraging me to explore everything I could. NPCs would often be closely examined to get a look at their models and attire, with extra bits like the game’s ads and short animations being just as carefully crafted as the world they reside in.  

✪ With over 300 hours of playtime, the mechanics, build variety and immense amount of ways to approach different situations still feel a bit overwhelming, in a good way. This is mostly due to the fact that, without mods, no V can acquire everything the game has to offer at once. Traditional perks are unlocked by skill points acquired by leveling, and permanent passive buffs unlock as you complete certain actions. However, there are also a lot of cybernetic enhancements and hacks to choose from, and a limited number of spots to work with.

✪ There is a whole lot to do with a decent amount of variety, even among quests that are the same type. Even now, I distinctly remember seeing characters and quests online that I haven’t discovered myself, despite getting all of the achievements.

✪ Cyberpunk 2077 is mostly a game that follows the “style over stats” approach for attire. The pieces of equipment that actually do have stats can be equipped, then overlayed with a transmog system called Wardrobe, which lets you save different outfits that you can change into almost anytime. Even better is the fact that you don’t need to keep the clothes you want to wear in your inventory. Once you pick up a piece of clothing, it gets registered to your wardrobe right away so you can scrap or sell it to free up space. Keep the stuff with stats you like, though.

✪ Photo Mode is unfortunately underwhelming in most titles, but Cyberpunk 2077 has the best so far; at least natively. The simplified complexity of its settings allow for folks of all levels of creativity to put together some incredible shots. Being able to spawn your favorite NPC’s, make them pose, adjust their expressions for immersion’s sake and so much more is great, too. 

✪ REDmod makes this game one of the easiest to mod and maintain, regardless of what mod manager you use. I’m someone who changes their mind a lot when it comes to mods and has a tendency to uninstall some mods while introducing new ones in the middle of long playthroughs. I had no issues with that, here.

[h1]What I Didn't Like[/h1]
✘ The game’s been out for 6 years at the time of writing, and despite everything else they’ve added to the game, a flashlight wasn’t one of them. I remember complaining about how dark some of the areas were before I switched to an OLED monitor. Now, I wouldn’t be able to see a thing without this mod: [url=https://www.nexusmods.com/cyberpunk2077/mods/27721] Much Better Flashlight[/url].

[h1]Nitpicks[/h1]
• Just about every weapon you get as a quest reward from a major NPC is a pistol or revolver. I understand that it’s the most practical pair of weapons, but some variety would have been nice.

[h1]Overall[/h1]
Cyberpunk 2077 started off in pretty rough shape, but it still managed to be a good game despite that. Now it’s a must-play that deserves a seat at the table with gaming’s other masterpieces. I really hope we get a surprise expansion before Cyberpunk 2, just like we’re getting with The Witcher 3.
",True,1788643876,78,13.38048611111111
234567894,76561199759981996,0,16984,19398,"fun hard to follow one quest at a time, quests come as doing them and tend to chage the quest focuse. it's funny it mint just be me doing something the wrong. J. kidd",True,1788643857,2414,13.380706018518518
234567680,76561197992549328,79,2067,2851,"This game has been a breath of fresh air.  I'll admit I didn't get it when it first released due to all the reports of issues with the bugs, but now that it has been out for a while and a lot of the issues have been dealt with I am truly enjoying it.  If you like this type of game (and have the hardware to do it justice) I would recommend playing it.",True,1788643682,784,13.382731481481482
234567066,76561199508894491,0,3457,5280,amazing,True,1788643118,1823,13.389259259259259
234566737,76561198863301101,0,7541,7541,"samurai samurai, you have super cancer samurai",True,1788642815,0,13.392766203703705
234566332,76561198323532127,0,18667,18724,Do i really need to say more :D? It's Epic!!,True,1788642464,57,13.396828703703704
234565943,76561197993499395,0,3541,4177,"Beautiful environments, some great animation and modelling, but mixed story and character interactions... some great, some really weak and forced.

For me, the real problem was the flat, repetitive gameplay. It just felt like a slog to play it. I rarely looked forward to my sessions. Which is too bad... in many ways, this game is artful and an impressive achievement, but I never could get excited about it.",False,1788642170,636,13.400231481481482
234565325,76561198251810238,1403,9893,10120,"WHAT DO YOU MEAN I NEVER REVIEWED THIS?! I got into this game fairly late into it (basically right before phantom liberty was dropped) So I didn't get hit with the launch bugs and I ended up loving it. Beat it, played through it again on the hardest difficulty, played it again when phantom liberty dropped, and getting the urge again to play after finally watching edgerunners. Love the aesthetics and the world, love all the cyberware and scifi weapons. Children are immortal unfortunately :/",True,1788641643,227,13.406331018518518
234565319,76561198806039062,160,277,277,bruh for some reason i cant get around to playing this game its not clicking for me but i dont really have any complaints about the game itself,True,1788641639,0,13.406377314814815
234563400,76561198418570590,50,7047,9380,good,True,1788640035,2333,13.42494212962963
234563215,76561198139687761,0,11169,15454,I love a sandy,True,1788639872,4285,13.426828703703704
234562587,76561198115846671,166,295,429,good,True,1788639340,134,13.432986111111111
234560882,76561198966589274,41,5417,5417,one of the best games ever made. Kudos to the team behind it.,True,1788637948,0,13.449097222222223
234560847,76561199078111041,23,2977,3245,"Amazing game
",True,1788637913,268,13.449502314814815
234558319,76561198334129892,146,46,46,Cybercrashes,False,1788635775,0,13.474247685185185
234558193,76561197971942145,0,4874,8859,"A mix of 007 and Borderlands with a story better than Borderlands 2. Intricate and involving with a clear, ""just one more mission"" to it.. 2/10 at launch, but 10/10 now..",True,1788635658,3985,13.475601851851852
234558124,76561199010623871,48,2662,4204,Well better than the 2020 clips thats for sure,True,1788635593,1542,13.476354166666667
234557425,76561199651788234,32,21404,21404,"I probably have well over 600 hours in Cyberpunk 2077 between Steam and Xbox, and honestly? I would happily waste another month of my life playing it.

Yeah, the launch was rough. Real rough. There's no denying the game had its fair share of bugs and problems when it first came out but CDPR has come a long way since then, and the amount of work that has gone into improving this game really shows. Now, especially with the incredible support from the modding community, Cyberpunk 2077 has become one of my favorite games of all time. 

There are so many different ways to play, build your V, explore Night City, and somehow convince yourself that starting another playthrough is a perfectly reasonable life decision.

This was also the first game on Steam that I have ever fully completed, which says a lot considering how easily I usually get distracted and move on to something else.

Cyberpunk 2077 has brought me hundreds of hours of entertainment, countless “just one more mission” moments, and an unhealthy attachment to a fictional city.

If you haven’t played it yet, quit being a gonk and give it a shot. Night City is waiting, choom.
",True,1788634987,0,13.483368055555555
234557223,76561199245139308,0,7755,7784,cyberdepression wallahi,True,1788634818,29,13.485324074074073
234556992,76561198827028160,137,7954,7954,"I'd never experience it for the first time again and i hate it for being so great. i doubt ill find a game as great as cyberpunk was, cuz i am really emotionally attached to it, the radio and the chaos and the adrenaline boost is unmeasurable. Evelyn Parker deserved better :{",True,1788634626,0,13.487546296296296
234556555,76561198044543716,559,15102,15102,"One of the best rpgs of all time. 

Amazing setting, great story, awesome gameplay and phenomenal characters.

10/10",True,1788634255,0,13.491840277777778
234556024,76561198851111738,163,8470,8470,"generated so much janks and memes when it was first launched
after a whole year of patches and one heartbreaking anime later, it finally becomes a great game
now with more updates and overhauls, along with the dlc, it's an easy recommend
tho i'm not trying to encourage the practice of launching a broken game",True,1788633812,0,13.496967592592593
234555487,76561198666541818,0,2930,2953,fun,True,1788633403,23,13.50170138888889
234555206,76561198973119084,0,1153,1153,i have beat this game twice on epic and eventually bought it on steam for some reason... but everytime i see it i want to play it again. its really good and the fact that it still gets updates makes me happy. If you havent played it before definitely try it!,True,1788633155,0,13.504571759259258
234555031,76561198693775635,0,609,4781,good,True,1788633016,4172,13.506180555555556
234552061,76561198176614813,0,20211,21033,nova!,True,1788630649,822,13.53357638888889
234552053,76561199149315249,116,12157,12993,"This game is awesome. Not gonna lie, I didn't understand what this game really was before I played my 2nd playthrough. There's always something to discover about it, worth the time and money.",True,1788630638,836,13.533703703703704
234551864,76561198307610957,0,12977,13681,I rarely recommend games on Steam but for Cyberpunk I will make an exception.,True,1788630476,704,13.535578703703704
234550297,76561198308897655,0,10401,11260,"DLSS5 with path tracing makes this game look unreal, the story is amazing, characters are fantastic, combat is addictive. Honestly in my top 3 games of all time list. And who do we have to thank for this? The devs at CDPR who literally never stopped working on the game? Mike Pondsmith? No! It's the Techno-Necromancers of Alpha Centauri!",True,1788629198,859,13.55037037037037
234549719,76561198336126865,242,1936,2378,.,True,1788628761,442,13.55542824074074
234549568,76561198292468295,31,5857,5978,I love CP with all my heart,True,1788628632,121,13.556921296296297
234549516,76561198939227798,0,16403,16973,great game,True,1788628593,570,13.557372685185186
234549402,76561199079526704,42,1432,1432,"Great game honestly, i am surprised where it came from how it was when it first launched, the world is great characters have depth but i must say the main story in itself is ok(average) i liked the twist johny keeping alive as well as killing you at the same time but there were none other remarkable moments in the game and honestly the gun play is good but with some guns it doesn't make sense",True,1788628499,0,13.558460648148149
234548287,76561199047807968,0,5729,5835,punk in a cyber way. I wish the mc dialogue was less specific,True,1788627641,106,13.568391203703703
234548134,76561199007203492,0,3576,4025,its still full of bugs as of 2026 and crashes!!,False,1788627502,449,13.57
234547010,76561198150462833,0,12848,13837,Best game ever,True,1788626584,989,13.580625
234546842,76561198384594044,0,22994,30332,I'm still on the fence about it,True,1788626441,7338,13.582280092592592
234546144,76561197963122506,0,11730,12988,One of the best games ever made.,True,1788625933,1258,13.588159722222223
234544345,76561199247575796,29,3920,3920,"This game never ends for me because its world is so captivating that you can play through it all over again.
",True,1788624587,0,13.603738425925926
234543735,76561198122946306,301,5590,5590,"no matter how much i am still bitter about all the broken promises, the game is good",True,1788624122,0,13.60912037037037
234542757,76561198824966677,0,6488,6844,"So, get away
Another way to feel what you didn't want yourself to know
And let yourself go
You know you didn't lose your self-control
Let's start at the rainbow
Turn away
Another way to be where you didn't want yourself to go
And let yourself go
Is that a compromise?",True,1788623443,356,13.616979166666667
234542031,76561198727175548,0,1879,3040,Playing ts for david,True,1788622898,1161,13.623287037037038
234540661,76561198009339561,0,1115,1115,this game is slowly showing its true color Dev full of color hair and Nose ring ♥♥♥♥ Cyber punk ! Cancel all these game,False,1788621918,0,13.634629629629629
234540501,76561198039428444,0,2819,2933,"great game, lots to do and plenty of skills to play with and interesting story",True,1788621799,114,13.636006944444444
234540144,76561199105416999,24,785,785,Its one of the Gratest Games out there super graphics mindblowing story and the game mechanics and design are very good simply one of my best purchases ever iam very sensitive to the very vivid color in the game due to that i cant play more than 30 mins at a time without any headaches but still i love the Game,True,1788621532,0,13.639097222222222
234539341,76561198055946946,0,1029,2735,The 13 year wait was worth it.,True,1788620924,1706,13.64613425925926
234537863,76561198831138026,0,4053,4755,Cinema.,True,1788619794,702,13.659212962962963
234537564,76561198677920488,3,1492,1623,"Some games are played, some games are remembered. Cyberpunk 2077 is both",True,1788619551,131,13.662025462962964
234537380,76561198067784340,1329,29807,29807,"I got all achievements for a reason.

Game is good, get it.",True,1788619397,0,13.66380787037037
234536338,76561199446014977,69,6901,6901,GOOD,True,1788618606,0,13.672962962962963
234534415,76561198986441835,71,1429,1466,"Overrated. The same gameplay loop, dialogue, travel, then mission. 

It would be better if the dialogue was actually good but it's pretty boring most of the time. 
The dialogue choices give the illusion of choice but most of the time you'll be railroaded into the same results anyway so why bother. 

Combat, cybernetics and levelling system is pretty fun though otherwise, but held back by the boring dialogue system and writing. 
Only exception is Keanu Reeves. His segments are consistently very good. 

Get it on sale",False,1788617074,37,13.690694444444444
234530644,76561199865477074,13,6156,6200,"
---{ Graphics }---
☐ You forget what reality is
☑ Beautiful (With RTX ON)
☐ Good
☐ Decent
☐ Bad
☐ Don‘t look too long at it
☐ MS-DOS

---{ Gameplay }---
☐ Very good
☑ Good
☐ It's just gameplay
☐ Mehh
☐ Watch paint dry instead
☐ Just don't

---{ Audio }---
☑ Eargasm
☐ Very good
☐ Good
☐ Not too bad
☐ Bad
☐ I'm now deaf

---{ Audience }---
☐ Kids
☐ Teens
☑ Adults
☐ Grandma

---{ PC Requirements }---
☐ Check if you can run paint
☐ Potato
☐ Decent
☐ Fast
☑ Rich boi (With RTX ON)
☐ Ask NASA if they have a spare computer

---{ Game Size }---
☐ Floppy Disk
☐ Old Fashioned
☐ Workable
☑ Big
☐ Will eat 15% of your 1TB hard drive
☐ You will want an entire hard drive to hold it
☐ You will need to invest in a black hole to hold all the data

---{ Difficulty }---
☐ Just press 'W'
☐ Easy
☐ Easy to learn / Hard to master
☑ Significant brain usage
☐ Difficult
☐ Dark Souls

---{ Grind }---
☐ Nothing to grind
☐ Only if u care about leaderboards/ranks
☐ Isn't necessary to progress
☑ Average grind level
☐ Too much grind
☐ You'll need a second life for grinding

---{ Story }---
☐ No Story
☐ Some lore
☐ Average
☐ Good
☐ Lovely
☑ It'll replace your life

---{ Game Time }---
☐ Long enough for a cup of coffee
☐ Short
☐ Average
☑ Long
☐ To infinity and beyond

---{ Price }---
☐ It's free!
☑ Worth the price
☐ If it's on sale
☐ If u have some spare money left
☐ Not recommended
☐ You could also just burn your money

---{ Bugs }---
☐ Never heard of
☑ Minor bugs (Now)
☐ Can get annoying
☐ ARK: Survival Evolved
☐ The game itself is a big terrarium for bugs

---{ ? / 10 }---
☐ 1
☐ 2
☐ 3
☐ 4
☐ 5
☐ 6
☐ 7
☐ 8
☑ 9
☐ 10

---{ Author }---
☑ https://vojtastruhar.github.io/steam-review-template 
",True,1788613880,44,13.727662037037037
234529563,76561198275642673,0,4177,4288,"Graphics are great and story is great. The game still has its hiccups here and there, but the gameplay overshadows them.",True,1788612897,111,13.739039351851853
234529491,76561199085200287,16,733,2745,Best Open-World Game,True,1788612827,2012,13.739849537037037
234528854,76561198032464829,82,12096,13717,fun,True,1788612258,1621,13.746435185185184
234526796,76561199526127854,0,21521,22808,Goted game,True,1788610370,1287,13.768287037037037
234526273,76561199185587064,0,1681,3215,must play for every rpg lover,True,1788609866,1534,13.77412037037037
234526172,76561198288181882,0,2557,4231,Gets better each playthrough one of the best games ever made,True,1788609782,1674,13.775092592592593
234525986,76561198119355887,0,2074,2730,"too much things to do, but i feel like the combat is bit clanky",True,1788609599,656,13.777210648148149
234523099,76561199085463525,0,12855,12855,time to party like its 2023,True,1788606809,0,13.809502314814814
234522662,76561198703862298,0,215,406,story is cool,True,1788606376,191,13.81451388888889
234522488,76561198107549196,0,1772,1772,"Insane game but still so many bugs in the game which spoils overall journey(crashes, physics glitches like i played a beta version of it).

3 out 5.",True,1788606205,0,13.816493055555556
234521945,76561199510870708,0,4567,5375,one of the best games ever,True,1788605596,808,13.823541666666667
234520304,76561199061922402,145,1237,1532,AMAZING!!!!,True,1788603812,295,13.844189814814815
234518330,76561198126557153,0,2132,4668,"Fun to Play , a lot of things to farm , A game you can live in",True,1788601581,2536,13.870011574074073
234517339,76561199039646000,0,7532,7532,BEST GAME,True,1788600418,0,13.883472222222222
234517331,76561198654625011,0,626,2056,"Beautiful game. Still has lots of replay value (for me anyway, maybe subjective so make your own mind up). Performance is excellent on my laptop. Many side missions to do. There are some very clever ideas in this game which are a bit shocking and well done in execution. Above all its a very fun game I wouldn't hesitate to recommend.",True,1788600411,1430,13.88355324074074
234516904,76561199138714635,0,3653,3653,honestly gotten so much better then when first bought. love this game been a fan since a kid.,True,1788599909,0,13.889363425925925
234515766,76561199855393499,0,711,1104,ABSOLUTE CINEMA,True,1788598522,393,13.905416666666667
234511515,76561199236044561,0,2572,4836,More cryptic GTA,True,1788593346,2264,13.965324074074074
234508938,76561199797087765,161,276,276,I find this game ultra boring. Gave it a fee chances but it simply isn’t engaging me at all. Driving a car in the city shooting and a pretty boring story are not for me.,False,1788590105,0,14.002835648148148
234506618,76561198094726346,234,3301,3301,"Amazing game with great world building, characters, soundtrack and gameplay. 
Night City is beautiful and very easy to get lost in by spending time exploring everything it has to offer.",True,1788586922,0,14.039675925925925
234505693,76561198287650085,0,3526,5182,"I was sus... but it was on sale. Really glad I gave it a shot thought, really solid game all around.",True,1788585756,1656,14.053171296296297
234505232,76561197970465782,60,11959,12018,Game is incredible. Nuff said,True,1788585138,59,14.060324074074074
234504705,76561198955254852,88,8067,11455,one of the better games i have played,True,1788584460,3388,14.068171296296295
234503298,76561197996885522,0,6218,6729,"No matter how hard the graphics work to try deliver immersion it's imediatly destroyed by the piss poor herky jerky animations. Nothing flows, characters move from animation to animation with pops and even randomly t-posing at times. Each time it rips you out of the experience and reminds you the characters have no weight or physical presence. Tons of NPC's clipping through concret standing knee deep in the sidewalk etc.
I'm not even going to go into how horribly plastic and off putting Night City itself is.
What a disappointment.",False,1788582637,511,14.089270833333334
234503219,76561198731823724,76,4960,7285,one of the best,True,1788582538,2325,14.090416666666666
234502725,76561198133167374,0,3248,4816,so much to do bro the open world is so detailed and theres so much stuff you can encounter,True,1788581900,1568,14.097800925925926
234502353,76561199495567260,35,671,763,yes,True,1788581437,92,14.103159722222221
234502075,76561198733549804,0,913,4211,meh luv de cybapunk me favorite game me buy dlc for pretty french lady,True,1788581127,3298,14.106747685185185
234501277,76561198789129189,0,42,42,"very laggy for laptop so lowk finna buy on switch or console :p
",True,1788580144,0,14.118125
234500995,76561199655722572,0,12720,12894,another banger by CDPR 10/10 would def recommend :),True,1788579768,174,14.122476851851852
234500573,76561197974844200,0,140,140,"2 hours in and I still feel like I'm watching a non stop cinematic that has me very rarely move around and do something. Combat is extremely spongey, dull and lifeless. I feel like I empty and entire magazine into an enemy sometimes, even with headshots. The game looks pretty, is well produced and runs well. My primary issue is that it's just not fun.",False,1788579244,0,14.128541666666667
234500515,76561199476562880,13,1147,2235,AMAZING game,True,1788579155,1088,14.129571759259258
234500434,76561198259726149,163,6753,7051,The only game where I am happy to be manipulated by Women,True,1788579072,298,14.130532407407408
234500287,76561199681217113,39,7202,8515,"One of the few games that actually have hundreds of hours of gameplay!! I love the ideas and different characters in this game, and it also allows you to express yourself as a character. I got this on sale, but if i had the money to buy it for full price, I'd definitely buy it. I definitely recommend it to people who love FPS games but also love a storyline, side quests and exploring!",True,1788578903,1313,14.132488425925926
234499787,76561198318158810,0,15687,16206,"After 2 solid playthroughs, it is still a great experience!",True,1788578333,519,14.139085648148148
234499019,76561198263004042,283,17103,18488,Played it at launch and it was rough. It Is now possibly one of the best games ever made. Well done CDPR,True,1788577451,1385,14.149293981481481
234498639,76561197993506374,814,56722,57610,"yea, pretty damn good",True,1788576999,888,14.154525462962964
234497216,76561197999276441,140,9495,11118,Absolutely fantastic game,True,1788575310,1623,14.174074074074074
234496429,76561198085979129,367,15072,15106,Absolutely amazing. 100% it twice.,True,1788574275,34,14.18605324074074
234496394,76561198153321915,110,3547,4442, 2077/10. Great game,True,1788574234,895,14.186527777777778
234496275,76561199152799134,81,12476,13006,"""Goodnight Vincent. Today was a good day.""",True,1788574109,530,14.187974537037038
234496222,76561198088919000,0,2112,2654,good,True,1788574044,542,14.188726851851852
234495844,76561199157164615,0,2682,2995,"So sad and scary i like this game a lot 
",True,1788573626,313,14.193564814814815
234495541,76561198056962987,0,4950,4950,good,True,1788573275,0,14.197627314814815
234494897,76561199501729394,0,451,901,"W gamr, i got like 100 - 200+ hours on ps5. great story and gameplay",True,1788572570,450,14.205787037037037
234494825,76561197973738738,0,5430,5430,"Glad I waited till they fixed the game. Probably my favorite open world ever, but I have a soft spot for cyberpunk themes, and boy do they hit them well. Just play this guy and get consumed by the world they made.",True,1788572468,0,14.206967592592592
234494585,76561199878294227,33,308,308,"Just a TV show with multiple-choice options with occasional gameplay. I’m already playing Spider-Man and God of War Ragnarök, so it’s gonna be a while before I get around to playing this again.",False,1788572194,0,14.210138888888888
234494077,76561198978766130,0,20721,22070,good,True,1788571573,1349,14.217326388888889
234493482,76561198387830866,0,918,1004,Keanu da GOAT 🐐❤︎⁠,True,1788570871,86,14.225451388888889
234491919,76561198060443585,0,14753,14753,"Its come a long way since release. Very immersive, runs smooth, and offers a lot of replay value considering how free you are to approach missions.",True,1788568985,0,14.247280092592593
234490273,76561198352713534,176,6565,6682,[i]“No happy endings in Night City. You either [b]die a legend with a drink at the Afterlife[/b] or [b]live amongst the crowd[/b].”[/i],True,1788566988,117,14.27039351851852
234490152,76561199192628744,0,86,94,"BROKEN.  After all this time, and the game is still broken right out of the gate.  T-Pose intro video?  It's your fault for not knowing that you should have thrashed on your keyboard to get it to work right.  Black screen?  Just restart your game, choom.  Glad I waited to buy a revokable license that I can't play if the internet goes out only to have cars sitting dead at green lights like the Xbox One release. Maybe one day when my blood pressure goes back down I'll see if the story is any good or if the boxy feeling controls win out.",False,1788566855,8,14.271932870370371
234489529,76561199885082346,26,5089,5089,"Wake up samurai, we have a game to review.  Overall, this game is nothing short of amazing.  The gameplay was fun and fast-paced, the soundtrack was preem (except anything made by Us Cracks), and the story makes you cry many, many times.  

Night City is like a plague that destroys you from the inside out, and somehow still makes you want to come back for more.  It’s one of those games where you finish it and just sit there, staring at the credits, letting everything sink in. 

“We all lap up the last of our fuel eventually.  But that hardly means the journey wasn’t a joy.” - Delamain.  Cyberpunk 2077 isn’t just about where V ends up, but about everything you go through along the way. The wins, the losses, and the characters who deeply impacted you.  That’s what makes the journey worth it.",True,1788566121,0,14.28042824074074
234488207,76561198731233318,0,313,3331,i really enjoy the game so many routes to take to complete them and endings im still only at 50% on those,True,1788564615,3018,14.297858796296296
234488105,76561198044838809,0,2986,2986,best game i have ever played along with titanfall 2 and gta,True,1788564502,0,14.299166666666666
234487598,76561198122419008,0,15336,15336,watagem,True,1788563932,0,14.305763888888889
234487164,76561198846027166,47,2737,2737,all ganic no borg,True,1788563443,0,14.311423611111111
234486955,76561198846435699,44,2098,2879,"So, Get away another way to feel what you didn't want yourself to know and let yourself go you know you didn't lose your self-control. Let's start at the rainbow",True,1788563207,781,14.314155092592593
234486531,76561199564072619,26,1963,5605,all the new content and with how long its been since i first played its like a whole new game,True,1788562698,3642,14.320046296296296
234486160,76561198106271427,155,510,510,Toooooo much dialog! Boring dialog at that!,False,1788562294,0,14.324722222222222
234485077,76561198265131483,0,4247,4612,owned since launch sadly. happily played it again this week and god dayum. the game is how it should have been on launch. this is a movie a whole life. you will happiness and sadness. and it is done WELL,True,1788561139,365,14.338090277777777
234484053,76561199008758687,116,7264,7264,masterpiece from start to finish. DLC is a cake on top of a cake.,True,1788560054,0,14.350648148148148
234483562,76561199137345332,47,4286,4286,"quite deep, it's a good game",True,1788559571,0,14.356238425925927
234482896,76561198159150695,0,9165,9453,I love it,True,1788558890,288,14.36412037037037
234482127,76561199384098026,48,995,3615,"Cyberpunk 2077 is special. The game feels so alive, the city is beautiful asf and the mods are goated. W game",True,1788558129,2620,14.372928240740741
234481276,76561199084079858,0,747,747,i dont like this robo p o r n game,False,1788557336,0,14.38210648148148
234480670,76561197968161165,0,23725,23815,just buy it and play it,True,1788556749,90,14.388900462962964
234479902,76561198173956675,0,23756,23758,"⠀⠀⠀⠀⠀⠀⠀⠀⢀⣴⣾⣿⣿⣿⣿⣿⣿⣿⣿⣿⣿⣿⣿⣿⣿⣿⣿⣿⣿⣿⣿⣿⣿⣿⣿⣿⣿⣿⣿⣷⣄⠀⠀⠀⠀⠀⠀⠀⠀
⠀⠀⠀⠀⠀⢀⣠⣾⣿⣿⣿⣿⣿⣿⣿⣿⣿⣿⣿⣿⣿⣿⣿⣿⣿⣿⣿⣿⣿⣿⣿⣿⣿⣿⣿⣿⣿⣿⣿⣿⣿⣷⡄⠀⠀⠀⠀⠀⠀
⠀⠀⠀⠀⣠⣾⣿⣿⣿⣿⣿⣿⣿⣿⣿⣿⣿⣿⣿⣿⣿⣿⣿⣿⣿⣿⣿⣿⣿⣿⣿⣿⣿⣿⣿⣿⣿⣿⣿⣿⣿⣿⣿⣆⠀⠀⠀⠀⠀
⠀⠀⠀⣼⣿⣿⣿⣿⣿⣿⣿⣿⣿⣿⣿⣿⣿⣿⣿⣿⣿⣿⣿⣿⣿⣿⣿⣿⣿⣿⣿⣿⣿⣿⣿⣿⣿⣿⣿⣿⣿⣿⣿⣿⣇⠀⠀⠀⠀
⠀⠀⣴⣿⣿⣿⣿⣿⣿⣿⣿⣿⣿⣿⣿⣿⣿⣿⣿⣿⣿⣿⣿⣿⣿⣿⣿⣿⣿⣿⣿⣿⣿⣿⣿⣿⣿⣿⣿⣿⣿⣿⣿⣿⣿⣆⠀⠀⠀
⠀⣸⣿⣿⣿⣿⣿⣿⣿⣿⣿⣿⣿⣿⣿⣿⣿⣿⣿⣿⣿⣿⣿⣿⣿⣿⣿⣿⣿⣿⣿⣿⣿⣿⣿⣿⣿⣿⣿⣿⣿⣿⣿⣿⣿⣿⡄⠀⠀
⠀⣿⣿⣿⣿⣿⣿⣿⣷⢿⣿⣿⣿⣿⣿⣿⣿⣿⢻⣿⣿⣿⣿⣿⣿⣿⣿⣿⣿⣿⣿⣿⣿⣿⣿⣿⣿⣿⣿⣿⣿⣿⣿⣿⣿⣿⣿⡀⠀
⢀⣿⠘⣿⡿⣿⣿⣿⣿⡎⢿⣿⣿⣿⣿⣿⣿⣿⣿⣿⣿⣿⣿⢿⣿⣿⣿⣿⣿⣿⡇⢿⣿⣿⣿⣿⣿⣿⣿⣿⣿⣿⣿⣿⣿⣿⣿⣧⠀
⠈⣿⠀⢿⣿⢹⣻⣿⣯⣿⡄⢻⣿⣿⣿⣿⣿⣿⡿⣿⣿⣿⣿⢸⣿⣿⣿⣿⣿⣿⣿⢸⣿⣿⣿⣿⣿⣿⣿⣿⣿⣿⣿⣿⡞⣿⣿⣿⡄
⠀⣿⡄⠘⣿⡇⢿⣿⡿⡜⢿⣀⣹⣯⠿⠟⠛⠋⠁⠉⠉⠉⠈⠀⢿⣿⣿⣿⣿⣿⣿⢸⣿⣿⣿⣿⣿⣿⣿⣿⣿⣿⣿⣿⣿⢻⣿⣿⣧
⠀⢿⣇⠀⠹⠿⠌⠋⠋⠉⠉⠉⠁⠀⣀⣠⡤⠶⢶⣶⣶⣶⣿⣿⣿⣿⣿⣿⣿⣿⣿⡆⣿⣿⣿⣿⣿⣿⣿⣿⣿⣿⣿⣿⣿⡆⣿⣿⣿
⠀⠀⢻⡤⠖⣒⣢⣄⠀⠀⠀⠀⠀⠀⠀⡟⠀⠀⠈⢿⠓⣻⡿⠋⠀⣿⣿⣿⣿⣿⣿⡇⣿⣿⣿⣿⣿⣿⣿⣿⣿⣿⣿⣿⣿⣿⢻⣿⡟
⠀⠀⠀⢹⣌⣠⠶⣾⣷⡄⠀⠀⠀⠀⠀⠀⠀⢀⢀⣀⣽⠋⠀⠀⠀⢹⣿⣿⣿⣿⣿⡇⣿⣿⣿⣿⣿⣿⣿⣿⣟⣿⣿⣿⣿⣿⠿⠋⠀
⠀⠀⠀⢸⣿⣿⡄⠘⠭⡇⠀⠀⠀⠀⠀⠀⠀⠈⠻⠛⠀⠀⠀⠀⠀⠘⣿⣿⣿⣿⣿⡇⢸⣿⣿⣿⣿⣿⣿⣿⣷⢿⣿⣿⣿⠟⠀⠀⠀
⠀⠀⠀⢸⣿⣿⡍⠳⢾⠇⠀⠀⠀⠀⠀⠀⠀⠀⠀⠀⠀⠀⠀⠀⠀⠀⣿⣿⣿⣿⣿⣧⢸⣿⣿⣿⣿⣿⣿⣿⣿⠸⢛⠟⠁⠀⠀⠀⠀
⠀⠀⠀⢸⣿⣿⣇⢀⠊⠀⠀⠀⠀⠀⠀⠀⠀⠀⠀⠀⠀⠀⠀⠀⠀⠀⢻⣿⣿⣿⣿⣿⢸⣿⣿⣿⣿⣿⣿⣿⢿⠔⠁⠀⠀⠀⠀⠀⠀
⠀⠀⠀⠨⣿⣿⣿⡌⣷⣄⠠⠄⠀⠀⠀⠀⠀⠀⠀⠀⠀⠀⠀⠀⠀⠀⢸⣿⣿⣿⣿⣿⢸⣿⣿⣿⣿⣿⠿⠋⠀⠀⠀⠀⠀⠀⠀⠀⠀
⠀⠀⠀⠀⣿⣿⣇⠹⡌⠉⠁⠀⠀⠀⠀⣀⡤⢤⣴⡶⠀⠀⠀⠀⠀⠀⠘⣿⣿⣿⣿⠋⣾⢹⣿⣿⠋⠁⠀⠀⠀⠀⠀⠀⠀⠀⠀⠀⠀
⠀⠀⠀⠀⣿⣿⣯⠀⠹⣄⠀⠀⠰⣯⣵⢟⣋⣽⡋⠀⠀⠀⠀⠀⠀⠀⠀⣿⣿⣿⣿⠀⣿⠸⠟⢹⠀⠀⠀⠀⠀⠀⠀⠀⠀⠀⠀⠀⠀
⠀⠀⠀⠀⢸⣿⣿⠀⠀⠙⢦⡀⠀⠈⠿⠿⠿⠛⠁⠀⠀⠀⠀⠀⠀⢀⣴⣿⣿⣿⡿⠀⠉⠀⠀⠘⡇⠀⠀⠀⠀⠀⠀⠀⠀⠀⠀⠀⠀
⠀⠀⠀⠀⢸⣿⣿⠀⠀⠀⢸⣿⣦⡀⠀⠀⠀⠀⠀⠀⠀⠀⠀⣠⠴⠋⠀⣿⣿⣿⡇⠀⠀⣀⣠⣤⣧⠀⠀⠀⠀⠀⠀⠀⠀⠀⠀⠀⠀
⠀⠀⠀⠀⠀⣿⣿⡀⠀⠀⠀⢻⣿⣿⣄⠀⠀⠀⠀⠀⣀⣴⠛⠁⠀⠀⠀⣿⣿⣿⣷⣶⠿⠛⠋⠉⠘⡆⠀⠀⠀⠀⠀⠀⠀⠀⠀⠀⠀
⠀⠀⠀⠀⠀⢸⣿⡇⠀⠀⠀⠸⣿⣿⣿⣦⣀⣠⣴⡟⠋⢹⠀⠀⣀⣠⡴⣿⣿⣿⠇⠀⠀⠀⠀⠀⠀⢸⡄⠀⠀⠀⠀⠀⠀⠀⠀⠀⠀",True,1788556068,2,14.396782407407407
234478217,76561198112251221,0,256,502,its a maybe ive played the game twice and have struggled to stay awake for it. no idea what the story is as the acting is a bit boring also not keen on the gun play seems like shooting a water pistol at them.,True,1788554468,246,14.415300925925926
234477900,76561199130017875,0,479,496,STARTED MY RUN ITS GOATED,True,1788554163,17,14.41883101851852
234477746,76561199409219341,75,13816,13817,Broken in the funniest ways possible,True,1788554013,1,14.42056712962963
234477561,76561197996046983,0,10588,10593,"A classic.

One thing I do not understand is why there is no more DLC? I would play the hell out of a big expansion and surely it's easy money for the devs?",True,1788553845,5,14.422511574074074
234477122,76561198201533662,151,10344,10412,"After having 100% the game, i can assuredy say its one of the most wellrounded and fantasy-fullfilling games i have in my library. There is enough diversity in both dialougue options and ways to build your V, to make you want to play it all-over again (and maybe one more time), i have had saves with both 44h and 90h, each feeling complete and taken at my pace. The DLC is well worth it, and probably one of my favourite expansions to any game ever.",True,1788553450,68,14.427083333333334
234476449,76561198717843491,0,1440,4104,"Please give a button to filter those weird ads, this is annoying as ♥♥♥♥.",True,1788552862,2664,14.43388888888889
234476254,76561199062908000,32,3696,6653,Good game,True,1788552712,2957,14.435625
234476058,76561198042357160,0,272,272,this game feel me headhache,False,1788552556,0,14.437430555555556
234474889,76561198004934001,0,3716,4526,If you get it for 10€ then sure,False,1788551510,810,14.449537037037038
234474848,76561199058399275,125,5054,5171,peak game frfr,True,1788551472,117,14.449976851851853
234474450,76561198168174909,234,7247,10711,"Wrong People, Wrong City.",True,1788551130,3464,14.453935185185186
234473963,76561198271110163,68,9467,13159,good,True,1788550677,3692,14.45917824074074
234472667,76561198274316656,0,29233,30760,"I was late to the party, and I'm glad I was. I got to enjoy this game well past the post launch flops, and I must say I am hooked. Rarely do I put 4 digits in hours on a game, but this is certainly one of them. Replayability is fantastic. The better your rig, the better the graphics, but I first played this on the minimal 1050ti. If you're thinking of getting the game, stop thinking and just get it!",True,1788549501,1527,14.472789351851851
234472535,76561198354206597,0,750,2270,"this game is really good, even though i must've gotten an evil version cause part of my map wont load sometimes and cars spawn out of nowhere and blow me up.",True,1788549386,1520,14.47412037037037
234472159,76561198032712041,0,20867,28130,"It has come a ways since the early days like any release. The story is amazing but a warning that this game deals with dark real life issues. But that is the point. My only real issue is the Auto Drive is unreliable and often gets me killed or wanted by the police because a fender bender is a executable offence in the game. No even exagerating. That all being said the city is amazingly done and very ""orgainic"" in it's design. No copy paste anywhere. They also do a great job in character developement. Be preparred to want to cry at some points. Even after several play throughs. The 5 star wanted system is abitrary because cops shoot to kill at 1 or 5.  on the other hand the stories are often interesting and the plot twists are great with out feeling like thy tried to hard. I think most people agree that no one wants to meet Hanako at Embers. Over all I give the game a 4.5/5 score",True,1788549074,7263,14.47773148148148
234472117,76561198010770009,0,1529,1661,"city to burn, choom!",True,1788549038,132,14.478148148148149
234471858,76561198282212538,144,11637,11686,me like,True,1788548807,49,14.480821759259259
234469260,76561198144626674,0,4765,7103,Unbeatable vibe. LFG,True,1788546729,2338,14.504872685185186
234467663,76561198881839006,0,6907,6907,Fun,True,1788545411,0,14.520127314814815
234467602,76561198333942726,0,4759,4759,good game,True,1788545367,0,14.520636574074073
234466206,76561198093489141,0,5021,5313,"Fantastic game, first time (except for 40K) that I played a futuristic game and this really combines the story and side quest vibe of a classic RPG in a fantasy world with these elements. Bought it on sale, but would also recommend full price.",True,1788544246,292,14.533611111111112
234465854,76561198953828924,48,7613,7613,"Cyberpunk 2077 started with a pretty bad launch. There were bugs, performance problems, missing features and a lot of things that clearly weren't ready. Even now, some bugs still exist, but after finally playing through the game and Phantom Liberty, I can honestly say that underneath all of that is one of the best RPG experiences I've had.

Night City is incredible. The atmosphere, music, characters, quests and the sheer amount of things you can discover made me want to keep exploring even when I wasn't following the main story. The combat and build variety are also fantastic, and I loved being able to shape my male V into the kind of character I wanted.

But the characters are what really made this game memorable for me.

Johnny Silverhand is easily one of those gaming characters I don't think I'll ever forget. Keanu Reeves absolutely put his own personality into the role, and Johnny never felt like just another NPC following me around. I didn't always agree with him and I definitely wouldn't call him a great guy, but that's exactly what made his character interesting. Saying goodbye to Johnny when I chose the Star ending was genuinely sad.

And speaking of the Star ending, I went with Panam and the Aldecaldos. Out of all the choices I had, that was the ending I wanted for my male V. It was emotional and bittersweet, but it felt right. After everything V goes through, having people who are actually willing to stand beside him and leave Night City together gave the ending a feeling of hope that I really appreciated.

Saul's death hit me harder than I expected too. Saul was a great character, and losing him genuinely hurt. I still miss the guy.

Phantom Liberty was another highlight. Dogtown felt completely different from the rest of Night City, and the expansion brought a much more focused and darker story. Solomon Reed was interesting, but personally, I never really felt that Reed was a great guy. I chose not to kill him, but I also didn't completely trust him.

Songbird was another difficult choice. I didn't want to side with her because I didn't feel that was the right thing to do, so I ultimately chose to disconnect her and free her from everything instead. Phantom Liberty constantly put me in situations where there wasn't an obvious good choice, and I loved that about it.

Judy and Panam also deserve a special mention because both of them became some of my favorite characters in the entire game. Judy's story had this emotional weight to it that I really wasn't expecting, especially seeing everything she goes through and how much she genuinely cares about the people around her. Her questline is one of those parts of Cyberpunk that sticks with you long after you're done with it.

And then there's Panam. Panam quickly became one of the characters I cared about the most. She's stubborn, reckless, aggressive and sometimes an absolute pain in the ass, but that's exactly what made her feel real. Her relationship with V develops naturally through the story, and the Aldecaldos genuinely felt like a family by the end. That's why choosing the Star ending with Panam felt so satisfying to me. After everything V had been through, leaving Night City with Panam and the Aldecaldos felt like the closest thing to a happy ending V could realistically get.

Judy and Panam aren't just romance options or side characters. They're two of the people who make V's journey feel personal, and I'm glad Cyberpunk gave them the amount of attention and development they deserved.

After finishing everything, what stands out to me isn't the bugs, the technical problems or even the insane amount of content. It's the characters. V, Johnny, Panam, Saul, Songbird, Reed and everyone else made Night City feel like a place I actually spent time in rather than just another open world.

Cyberpunk 2077 may have started badly, but what CD Projekt Red eventually turned it into is something special.

I came for Night City.

I stayed for the people.

And honestly, saying goodbye was harder than I expected.

9.5/10
",True,1788543946,0,14.537083333333333
234465482,76561198162985866,412,4369,4369,Amazing Game but the main Story is very cery cery short.,True,1788543642,0,14.540601851851852
234465425,76561198089478428,0,13367,13367,100 percent of all achievements. That should tell you something.,True,1788543601,0,14.54107638888889
234463898,76561199594733662,0,2066,2130,this game is absolute cinema,True,1788542324,64,14.55585648148148
234461998,76561198072939728,0,4047,5486,"This game is a masterpiece. I played it once fully through on Xbox a while back, and I decided to revisit it again on PC. It was worth a second purchase. The most interesting part of this game is it's setting, it feels like a million stories could be told in Night City.",True,1788540726,1439,14.574351851851851
234461709,76561198361511999,170,5117,5165,Play it choom!,True,1788540470,48,14.577314814814814
234461110,76561199665988320,0,2487,6621,its like.... good i suppose,True,1788539990,4134,14.58287037037037
234461103,76561199088162169,36,397,3973,lowkey one of peaks out there i played this on my macbook air m5 with hdr turned on and upscalling on performance and a few settings low nd a few medium at 1080p i got around 40-50 fps WHICH WAS CRAZYYYY not to mention the game itself follows a really creative storyline nd its very fun,True,1788539985,3576,14.58292824074074
234460522,76561198842611474,63,26241,26537,"Nova 2077/10, need moar dlc",True,1788539495,296,14.588599537037037
234460423,76561198171849250,57,5394,6230,Excellent immersive sim. Go for the DLC as well!,True,1788539394,836,14.589768518518518
234459402,76561198678757093,0,309,410,Absolutel masterpiece of a game,True,1788538553,101,14.599502314814815
234456794,76561198033562581,2327,5174,6174,"I would recommend this game to others. I'd recommend this to krill fish, or am oak tree, or my car, or even the big man in the sky. Just make sure you get all the endings including Phantom Liberty. I don't cry much, but this game did exactly that.",True,1788536488,1000,14.623402777777779
234456592,76561198277502300,441,1031,1044,goog game,True,1788536326,13,14.625277777777777
234455811,76561198378445593,95,4576,4734,"Surprisingly, it was a good game. I didn't think I'd like this 'cyber punk' (lol) vibe but I did. Another great game by CDPR. Well written, somewhat poorly executed. It has come a long way from the buggy mess it was half a decade ago, but still is not all the way there. Overall, beautiful game, one that you should play atleast once in your life",True,1788535613,158,14.633530092592592
234455307,76561198715751695,14,6234,6791,peak cinema,True,1788535143,557,14.638969907407407
234455214,76561198274259213,98,11477,11477,"Recommended

I own this game on both PC and PS5 (with nearly 200 hours on PC and 300 hours on PS5), and I bought the PC version on release day. Even though I played through the launch period, I thankfully never experienced any game-breaking bugs that forced me to reload a save.

Cyberpunk 2077 has changed so much since then, focusing heavily on deep gameplay freedom paired with an incredible story.

Why I love this game:

Night City Vibe & Atmosphere: You can stumble across anything in this city. Every area is packed with interesting loot, weapons, and armor.

Great Controller Optimization: The game plays exceptionally well on a controller, making movement and combat feel smooth and natural.

Incredible Replayability: Every time I start a new playthrough, I spend hours testing different playstyles. Whether you go stealthy, run in guns blazing, or hack from the sidelines, every build completely changes how you complete quests.

Expanded Skill Trees: The updated skill tree gives you way more options to customize your character than before.

Respects Your Time: Earning money and getting gear is straightforward. You never have to spend hours grinding for money or upgrade materials, which makes starting new runs fast and fun.

This is a game where you either love it or you don't—and personally, I absolutely love it. After 500 total hours across both platforms, I can’t wait for the next Cyberpunk title!",True,1788535067,0,14.639849537037037
234454110,76561199095361357,0,2376,4084,unreal,True,1788534139,1708,14.650590277777777
234451628,76561199784012232,0,4990,5256,Amazing game!,True,1788531925,266,14.676215277777779
234451369,76561198393863355,99,7911,7911,"A masterpiece with a very good world. The world-building and story progress in parallel, where, as a character, we have to find multiple ways to survive in Night City. The Phantom Liberty DLC is the cherry on top, as it shows what the whole game could have been.

I would also suggest looking up builds for your playstyle; it will make the combat missions more fun. I tried the Sandy build, which suited my playstyle. The map and the world are larger than life. Sometimes I just look at the buildings, particles, and lighting, and it feels real.

The only complaint is the dumb crowd NPCs. The city's environment is livelier than the crowds, which sometimes breaks the immersion.

The choices you make in this only impact the character and not the environment (unlike The Witcher 3).

But as a person who completed all the missions and all the endings, this is pure cinema.",True,1788531676,0,14.679097222222222
234448810,76561199119208828,217,4683,4683,"A meh game, I do not appreciate it. Did not fully bake any mechanic in the game. Could have benefited from another 4 years of development",False,1788529466,0,14.704675925925926
234446805,76561198052936031,0,7596,7720,"I wanted to f*** Judy but bi**h lesbian.
F*** CDPR, I wanted to smash that ♥♥♥♥♥.",True,1788527692,124,14.725208333333333
234442630,76561199812464892,0,3093,6573,milke,True,1788523375,3480,14.77517361111111
234442186,76561198144363613,80,16787,16789,feels like the future,True,1788522851,2,14.781238425925926
234441050,76561199278701703,0,3259,4886,"ascnkjlhadbdjklasbhcxsjk,aafhasdjklncfdkljaszvckjjkvsdbdfkjnbcfdjkhdfklfhiowerfpoidwdlmlofhzcxnhdanxcd v ciojsdanxyicdm,ldioxanioychncxihSDM;LXIJHUCKNXOCKLCHJUACSJKNCKJOPIDWCKLASNCJSA KLCJSXKM CJKNSMNCCNHm,scnjsnxcnsxcbcsd chsacbsaciohsavbcsfb cxzhczocnscahuo preety",True,1788521460,1627,14.797337962962963
234439911,76561199004052909,0,1433,1447,"YEAH
",True,1788519944,14,14.814884259259259
234438690,76561199631663858,0,8262,8977,oh man panam palmer,True,1788518296,715,14.833958333333333
234438436,76561198110790432,188,5932,5932,An incoherent mess,False,1788517916,0,14.838356481481481
234437923,76561199042049326,0,1449,1703,"This game is SO good! Super addictive, and the story is incredibly interesting. 1000/10 definitely one of my favorites! 💯🔥",True,1788517259,254,14.845960648148148
234436947,76561199403798523,0,5867,6110, v,True,1788515842,243,14.862361111111111
234436910,76561198051792763,87,1844,2610,Shadowrun was the one and only up to now,True,1788515801,766,14.862835648148149
234436586,76561198689481698,0,3579,3634,"Great story, Great side missions , Great open world",True,1788515344,55,14.868125
234434644,76561198396581460,0,5472,5510,"Very nicely done, has seen much improvement",True,1788512541,38,14.90056712962963
234434456,76561198831204853,0,9085,9085,"Note: Possible spoilers ahead, but I tried to keep it pretty vague. Still, read at your own risk.



Having just finished getting all achievements during my first playthrough of this game (and doing all the side quests, gigs, NCPD scanners, etc. that I had available to me), all I can say is that this might genuinely be one of the best games that I have ever played. For the longest time, I swore I would never play this game after I had heard how bad the launch was for it, with the game being unplayable for many people, even with decent computers. With that being said, after Edgerunners released, I heard people picked up the game again and I was hearing nothing but praise, especially following the 2.0 update they put out later on. I personally found the Edgerunners anime to be really awesome, and even recently did a rewatch of it since I had started playing the game. I'd say it was the anime, which was followed by people's good words towards it that made me rethink my outlook on this game, and lead me to give it a shot just recently when I was able to get both the game and DLC for cheap during the Steam Summer Sale.

With that being said, I want to get into what I loved about this game. For starters, the Night City seen in-game genuinely feels alive. It's almost ironic, a game where there are multiple sentient and conscious AIs that are capable of thinking for themselves somehow also manages to almost make you think the same about the people you interact with in the game. I myself found several different interactions just randomly, either from looking at a certain location for a couple seconds or by bringing up certain dialogue options. Additionally, the characters are all very well-written and do a phenomenal job of fleshing out the world just by existing. Characters like Jackie, Johnny, Panam, Judy, River, Rogue, and so many others do such a great job breathing life into this world through their questlines and interactions. It's clear that the game really wants you to become attached to these characters, and they want you to feel happy when they're happy or sad when they're sad.  I found myself on numerous occasions becoming attached to characters, especially the ones that I interacted with the most. And of course, if I'm talking about characters I cannot forget to bring up the most important one, V. V is such a great character, even though they are the player character. I personally chose to play as Male Streetkid V, and I found myself loving the way he interacted with those around him, especially his typical banter between him and Johnny. The freedom that this game gives you with the world, allowing you to go basically wherever you want and do almost anything you could want to do in Night City, really helps V feel like a real person. Additionally, the choice to also have Keanu Reeves be the depiction for Johnny was really good, and he played the role absolutely amazingly to the point where it might be my favorite role I've seen him do (For reference, I have watched the Matrix trilogy plus the new one, John Wick 1-4, and Speed). To tie it all up, these well-written characters were used in such a phenomenal story about struggle, with a desire to become something important and leave a mark on the world. The fact that this game also has multiple endings helps solidify the freedom it gives you, allowing you to side with several different people to tackle your problems based on choices you have made throughout the story. There is even a ""secret"" ending that I was unable to get since I failed to pick the correct dialogue options during a certain part of the story, but the fact that such an ending even exists is what makes this game so special.

To wrap this up, I also want to briefly discuss the DLC since I had played that as well, and to be blunt, it might be the best DLC I have played for any game ever (so far). I have played many DLCs for many games that add on to the original story in a meaningful manner, while also not feeling mandatory, and I consider those to be good DLCs. With that being said, I can almost not imagine playing Cyberpunk 2077 without the Phantom Liberty DLC because it alone is simply that good. The DLC is essentially a whole other main plotline, which even supplies the game with an additional ending upon the completion of the DLC (depending on choices made). The DLC unlocks access to an otherwise restricted part of Night City known as Dogtown and revolves around a situation that occurs there. The DLC on its own is decently long (I'd wager 15-30 hours depending on your method of interacting with it), and even has around 4 different ways that things can turn out. I found myself being constantly posed moral questions for which I had no answer to in this DLC, questions that felt like I would lose with either choice I make. I am not often mentally challenged by a game in such a way, so I often found myself sitting and thinking about what to do at these times. While the main game has some of these kinds of choices as well, I felt that it was much more difficult to discern the ""correct"" choice to make in the quests and gigs in the DLC. Phantom Liberty also introduces some amazing characters as well, such as Songbird and Solomon Reed (who is portrayed by Idris Elba) and once again they just improve this DLC so much. The conflicts, breakdowns, resolutions, and so much more that are posed in the main questline really make the characters feel human and make Night City seem so much more real.

Now to be clear, I won't say the game is without problems. I found there to still be some bugs here and there, plus I had my fair share of crashes or technical difficulties, but I think I can look past those. Overall, I truly had a one-of-a-kind experience playing Cyberpunk 2077 with the Phantom Liberty DLC, experiencing something that I don't think can be equally supplied by any other game. Because of this, I want to extend my deepest gratitude to CD Projekt Red and Mike Pondsmith (the creator of the tabletop game that this game is based on) for creating such a beautiful world for the people to immerse themselves in. Anyhow chooms, I thank you for reading my extremely long love-letter to this game, and I'll see you all for Cyberpunk 2.",True,1788512295,0,14.903414351851852
234433214,76561198208389897,102,4322,5831,10/10 Masterpiece  !,True,1788510472,1509,14.924513888888889
234432294,76561197989280705,0,3671,3933,"I usually dislike single-player games, but hands down, this one is the best. No question or doubt, it beats everything in my opinion.",True,1788509074,262,14.940694444444444
234430754,76561198126592566,104,2159,3432,"Increible historia, uno que otro bug y ocurrencia extraña, pero feura de eso vale la pena completamente.",True,1788506655,1273,14.96869212962963
234429947,76561198294860678,0,2519,4391,siberpó,True,1788505377,1872,14.983483796296296
234429576,76561198744097612,0,7117,7123,great graphics for a 2020 game story and dialogue is really good car sounds are really good too,True,1788504788,6,14.990300925925926
234429005,76561198763862313,0,924,1043,    Panam,True,1788503805,119,15.001678240740741
234427741,76561199091252822,18,41172,41296,everyone should play this game atleast once.,True,1788501797,124,15.024918981481482
234427635,76561198097613792,0,5574,5574,i like it,True,1788501622,0,15.026944444444444
234426677,76561198011174301,354,6321,6321,Preem game,True,1788500033,0,15.045335648148148
234425845,76561199514798003,11,250,250,So far I'm enjoying the game play and the overall graphics.,True,1788498678,0,15.061018518518518
234425408,76561199861200477,0,5997,5997,"Truly one of the best games I've ever gotten to play. I loved everything about it, the visuals, the combat, and the story was incredible. I can't wait to play through it again. I would highly recommend this game to anyone",True,1788497994,0,15.068935185185186
234425192,76561199258591133,0,652,770,peak.,True,1788497639,118,15.073043981481481
234424086,76561199514592666,0,3734,3734,"love this game its a fun time, fast paced action, a really good story and gameplay is amazing.",True,1788495880,0,15.093402777777778
234423977,76561198082581604,1,634,2144,10/10,True,1788495713,1510,15.095335648148149
234423811,76561198081520175,278,716,716,Genuinely insane what this game feels like now. 10/10. I even went into this at launch with hype because of CDPR and Witcher 1-3 and I just couldn’t bare it no matter how many times I started the game over. Now it’s just flawless. It looks so crispy too on 4K ultra.,True,1788495439,0,15.098506944444445
234423672,76561199804366078,230,2482,2486,"Thanks to this masterclass, I'm now a full believer in CD Projekt Red. Usually I prefer indies, but Cyberpunk gave me hope for incredible AAA games with a rich world, characters and gameplay. 

Also, The Star is a perfect ending. Thank you very much for the treat.

See you soon, Night City!",True,1788495220,4,15.101041666666667
234423515,76561199352825517,98,9468,11355,"I can't explain how good this game is, JUST BUY IT",True,1788495001,1887,15.10357638888889
234423128,76561199882763796,0,1607,2045,yes,True,1788494401,438,15.110520833333334
234422608,76561199631567488,5,4908,6081,insane graphic,True,1788493572,1173,15.12011574074074
234422150,76561198259331201,0,24463,26805,I like it,True,1788492837,2342,15.128622685185185
234421464,76561198888816826,101,3930,3930,"So, how is it possible that after what like 5 years?... THE GAME IS BROKEN, GENUINELY BROKEN, LAUNCHED 2 DIFFERENT ♥♥♥♥♥♥ PLAYTHROUGHS AND BOTH OF THEM I CANT PLAY DUE TO A ♥♥♥♥♥♥ PHOTO MODE BUG THAT GLITCHES YOUR ♥♥♥♥♥♥ CHARACTER, HOW DO YOU ♥♥♥♥ UP THIS BADLY, HOW ARE YOU SO ♥♥♥♥♥♥ BAD AT VIDEO GAMES THAT IT BREAKS TWICE BEFORE THE TUTORIAL IS DONE. HOW CAN YOU ADD 4K DETAILS TO A VAGINA AND JIGGLE PHYSICS TO A FLOPPY ♥♥♥♥ BUT CANT FIGURE OUT PHOTO MODE GLITCHES YOU ♥♥♥♥♥♥ GLOSSY EYED MOUTH BREATHERS, IM ♥♥♥♥♥♥ PISSED.",False,1788491741,0,15.14130787037037
234421315,76561198816971926,0,15029,15784,It's awesome,True,1788491487,755,15.144247685185185
234420474,76561198056638556,25,2093,4009,easily my favorite game ever made. only way it could be better is if it were 20 hours longer.,True,1788490359,1916,15.15730324074074
234420102,76561198893530009,0,4500,6514,ANYTHING but meeting hanako at embers,True,1788489812,2014,15.16363425925926
234419599,76561198005408902,0,280,309,"Already beat it on Xbox, bought it here. a masterpiece, especially with phantom liberty. worth it!",True,1788489100,29,15.171875
234419225,76561198317953307,0,6940,6945,great,True,1788488565,5,15.17806712962963
234419070,76561198051056898,0,3732,6152,brilliant,True,1788488385,2420,15.180150462962963
234418912,76561199590737100,0,5349,7132,very fun so many glitches and paman sex in a tank,True,1788488188,1783,15.182430555555555
234417723,76561198319712052,244,5762,5762,Phantom Liberty alone is worth it. The choices are so hard to make and every side is neither the best option. Really good writing and outcomes for all choices. The base game itself is pretty good but Phantom is the main thing for me.,True,1788486592,0,15.200902777777777
234416782,76561199079983838,0,23146,23563,"100% worth playing, always find myself going back to it even after multiple play throughs. Really wish we had gotten the multiplayer, regardless an absolute banger.",True,1788485301,417,15.215844907407407
234416676,76561198755264910,0,459,2009,i love cp,True,1788485148,1550,15.21761574074074
234416417,76561199174817300,0,486,486,best game of all time,True,1788484763,0,15.22207175925926
234415727,76561198011493320,0,6481,6481,"He's ♥♥♥♥♥♥ in the head, the world's ♥♥♥♥♥♥ in the head, and YOU'RE ♥♥♥♥♥♥ in the head because MY ♥♥♥♥♥♥ up head is inside it. Guess if you wanna save the world, that's the first step; get ♥♥♥♥♥♥ in the head.

Johnny Silverhand.",True,1788483785,0,15.233391203703704
234415097,76561199219113615,0,4826,5431,Just like it!!!,True,1788482900,605,15.24363425925926
234414642,76561198019380888,238,1812,7291,"30 hours in and really enjoying it.  I feel like an idiot because I have owned it for YEARS.... I just had a few problems when it first came out and I mentally put it in the file labeled, ""I'll try it again if they ever fix it"" and never circled back.

Well after BF6 went to hacker garbage, I switched mainly to Gray Zone Warfare, but that too is riddled with glitches and instant killed garbage causing massive gear loss, so I was back to searching for something worth playing.

After fighting with manually forcing a 49"" monitor into the Cyberpunk ini file, I was finally off to the races.  And, so far it's been really good.  I am hoping the open wandering and missions keep getting even better.",True,1788482276,5479,15.250856481481481
234412866,76561199078550860,36,2189,4170,"this game is the best of WatchDogs (first two games). GTA IV style tone, driving, and satire. Runs well on my laptop (being held by rubber bands at the moment). Gunplay is amazing, unique weapons that accomplish exactly what they are after (normal guns feel normal, good recoil IMO, good unique weapon traits, good design and good sights.) the Crafting system is simple and easy to learn if you look for it, its also really helpful. Missions are Pure cinema, Gigs are amazing and more fun if you are creative. Cybernetics make Worlds of difference making you feel like you got superpowers along side all the other cool ♥♥♥♥ you can do. This game..... is peak.... 

YOU CAN DO ANYTHING. SUPER HACKER, ♥♥♥♥♥♥♥ NICK CAGE, SNIPER HACKER BUILD, MOVEMENT ASSASSIN NINJA SAMURAI, OR EVEN JUST 80'S ACTION HERO THAT SHI.

Im playing on the hardest difficulty, i feel so Powerful when i go and ♥♥♥♥ ♥♥♥♥ up. but the game is hard enough that i also have to be smart and creative enough to use my power effectively. 

its also just fun ♥♥♥♥♥♥♥ around with cars and making them go full throttle.",True,1788479734,1981,15.280277777777778
234412349,76561199588039862,0,25476,25503,cracked adam lowk,True,1788479062,27,15.288055555555555
234411289,76561198373783314,0,1490,1541,This is one of THE games of all time and I can only hope the next installment releases with multiplayer so that everyone can enjoy this world and the vibes of cyberpunk.,True,1788477666,51,15.304212962962962
234410807,76561198269453360,0,23231,23231,One of my favorites.,True,1788477018,0,15.311712962962963
234410745,76561198161658283,333,13374,13533,"Money? (yes) - buy Cyberpunk 2077
Money? (no) - Job? (yes) - make money, buy Cyberpunk 2077
Money? (no) - Job? (no) - Valuables? (yes) - sell them, buy Cyberpunk 2077
Money? (no) - Job? (no) - Valuables? (no) - House? (yes) - sell it, buy Cyberpunk 2077
Money? (no) - Job? (no) - Valuables? (no) - House? (no) - Soul? (yes) -sell it, buy Cyberpunk 2077
Money? (no) - Job? (no) - Valuables? (no) - House? (no) - Soul? (no) - LIAR",True,1788476946,159,15.312546296296297
234410611,76561199051660828,52,1442,3231,very good,True,1788476768,1789,15.314606481481482
234409477,76561199766232204,0,2650,3209,great,True,1788475342,559,15.331111111111111
234409471,76561198648889616,0,229,369,Cyberpeak,True,1788475335,140,15.33119212962963
234408675,76561198112429605,134,2843,2939,"Chulada de historia, en este punto el juego está muy pulido y se ve hermoso",True,1788474409,96,15.341909722222223
234408257,76561199763140371,0,2295,2295,One of the BEST games i've ever played. I don't usually like games with a ton of story but I was interested the whole time and genuinely cried at the end,True,1788473974,0,15.346944444444444
234407773,76561198761813012,0,5328,5328,"Nice to have it in collection, not all I have to say but not super innovative with concepts (borrowings can be deduced) still, an appreciated modern game to be presented",True,1788473421,0,15.353344907407408
234406597,76561199100628656,0,7174,7253,phenomenal piece of fiction that everybody should experience to the end atleast once in their lives,True,1788472142,79,15.368148148148148
234404442,76561198043863237,88,5134,5134,Top 10 ot 10,True,1788470020,0,15.392708333333333
234404099,76561198111671534,0,9537,11307,"screen keeps going black. hud still visible, still mobile, lights out. yes my drivers are updated. yes ive capped frame right and tried minimum settings.",True,1788469635,1770,15.397164351851853
234402332,76561199090548233,0,1911,2241,w game,True,1788467774,330,15.418703703703704
234401549,76561198155122418,90,4706,6596,I bought this game here and on the ps5 because i couldn't get enough of it. 10 out 10,True,1788466961,1890,15.428113425925925
234401129,76561198019911993,0,16851,16934,Get lost choom,True,1788466516,83,15.433263888888888
234400083,76561199094271908,0,2145,5054,"Hands down the best game I've ever played, there is so much to love about Cyberpunk (especially the combat and beautiful graphics coupled with amazing sci-fi technology) but my favorite is how every single character is so beautifully written and unique. This game does an amazing job of bringing the world to life through your various interactions with the main cast. Its honestly really hard to write really good characters from a fictional world that truly feels authentic and realistic but Cyberpunk does it so flawlessly. You only begin to realize how well written they are when you feel attached to them. Once the story and actions get a grip of you, it becomes very difficult to put down. There are still a few bugs in the game but it doesn't take away from the main storyline or what the game is trying to do. 10/10 game that everyone should give a shot as least once in their life.",True,1788465538,2909,15.444583333333334
234398975,76561198016638180,0,3311,6027,good,True,1788464552,2716,15.45599537037037
234397979,76561199345130732,0,15395,15404,"Fun!
",True,1788463634,9,15.46662037037037
234395068,76561199274733487,0,13587,14169,top,True,1788461289,582,15.493761574074075
234395046,76561198743945701,0,765,765,nice,True,1788461274,0,15.493935185185185
234394802,76561199206647618,0,2475,4685,One of the best games to have ever been created,True,1788461085,2210,15.496122685185185
234394430,76561198060818591,38,10939,11980,.,True,1788460745,1041,15.50005787037037
234393784,76561198253047251,0,4618,5378,"10/10 game, can't ♥♥♥♥ Keanu Reeves though. Waste of money.",False,1788460140,760,15.507060185185185
234391493,76561198720946024,0,1147,1475,this game was hard to run on decent pc and i think it is overrated,False,1788457988,328,15.531967592592592
234390967,76561199524572879,0,1603,1743,"Very good, a little demanding graphically but nice",True,1788457540,140,15.537152777777777
234390815,76561197972641033,0,9080,12733,Awesome,True,1788457405,3653,15.538715277777778
234390689,76561198010574408,134,2888,8282,I should've played this sooner.,True,1788457308,5394,15.539837962962963
234389102,76561198772845920,142,579,595,hmm worthy,True,1788455914,16,15.555972222222222
234388988,76561199068122235,0,11777,11885,"good
",True,1788455817,108,15.557094907407407
234388660,76561199104242610,0,7064,7112,10/10,True,1788455523,48,15.560497685185185
234387299,76561198215724911,0,2831,6272,"the intro can feel incredibly slow paced and annoying on replay, and you can't get to the full open world until you sit through it, the writing is decent and the story is worth experiencing, but jackie in particular I just want to punch and shoot in the face repeatedly every time he opens his mouth after I've already gone through that part of the game a couple times, also sitting through car rides I've already done and can't be skipped as easily, but once you slog through the intro the actual game itself is pretty darn engaging and enjoyable",True,1788454227,3441,15.575497685185185
234386899,76561199290222041,0,3410,3410,I really want to stay at your house,True,1788453857,0,15.579780092592593
234386705,76561198093780523,0,6686,6686,"Fantastic game. I had so much fun playing Cyberpunk for the last 2 weeks. If you're still not sure whether to give it a try, you definitely should.

If you rush through the main story, yes, the game might seem short compared to other open worlds. But I think you would miss so much of this game if you just focus on the main story. The gigs, the side quests, the secret missions, hell even the NCPD scanner, they immerse you right into Night City with its inhabitants. All those unique dialogues, new bonds you create over time through those missions, they make you like the game even more and feel like you're really part of it. Your choices do matter and will alter future interactions with characters or even the ending of the game. Each ending has a unique mission leading to it, and every outcome presents you with range of different emotions depending on your choices and the paths you've taken.

And that's just on the story aspect. The visuals, the sound, the character designs and the gameplay are incredible. The game is polished and even without mods it looks great. You have so many options to choose from to decide on how you're going to play and it feels amazing and refreshing to truly have different ways of approaching every single mission.

I got all the achievements (≈ 110 hours) and yeah, I had so much fun. Time passed so quickly while playing this game but it was a very pleasant and emotion-filled journey. Totally recommend at least trying it out, it's so worth your time!",True,1788453685,0,15.581770833333334
234385899,76561199510205431,0,3033,3449,"Played on ps5 on release and it was rough, but now on pc it has become one of my favorite games.",True,1788452919,416,15.590636574074074
234382269,76561198337332766,0,4354,5516,Panam in tank,True,1788449583,1162,15.629247685185184
234382181,76561198269082223,41,8250,11549,"Great game, totally deserve every awards.",True,1788449516,3299,15.630023148148148
234381746,76561198391226814,157,6312,7421,"best first person RPG i have, and probably will ever play. DLC is the best DLC I have ever played period.",True,1788449102,1109,15.634814814814815
234381455,76561199047213804,54,4487,4543,i love it,True,1788448844,56,15.637800925925927
234379751,76561198140223587,267,14858,14858,love it,True,1788447342,0,15.655185185185186
234379461,76561198219433201,349,4556,5443,A true masterpiece of an experience.,True,1788447050,887,15.658564814814815
234379301,76561198880576837,0,19332,19332,Greatest game I have ever played,True,1788446905,0,15.660243055555556
234379211,76561198287723352,0,5399,5399,Great,True,1788446812,0,15.661319444444445
234377110,76561198877297923,0,1705,1705,Absolute masterpiece,True,1788444742,0,15.685277777777777
234375544,76561198026521390,51,4397,4397,Good game,True,1788443196,0,15.703171296296297
234374740,76561199654755837,129,5698,7288,"have thoroughly enjoyed this game and will continue to enjoy it, was well worth the money i spent on it",True,1788442391,1590,15.712488425925926
234373774,76561198367631226,0,2542,2542,"Even if the game has a rough start, a bit boring, after the prologue and some one or 2 missions it starts getting a lot interesting. The amount of freedom this game offers when it comes to completing the missions is great, the exploration and side missions are very rewarding. Never bought a car, or a weapon, I just made some missions ad get the best as a reward. Indeed maybe the car mechanics and gun mechanics are not the best, but they become enjoyable with the right gear",True,1788441354,0,15.724490740740741
234373627,76561198850475764,103,1493,1493,kirk,True,1788441201,0,15.726261574074075
234371862,76561199432892199,0,4954,4973,Best game ever fr,True,1788439257,19,15.748761574074074
234371604,76561199218534239,0,5914,6858,w game,True,1788438967,944,15.752118055555556
234370331,76561198014704153,467,9971,9971,"This is a good game, I find it very immersive and the gameplay is enjoyable. I like the game setting even though the world is animated and looks interesting it also feels very static and lifeless, it all is just props in the background. I just turn crowd density to lowest as they are all anoying fodder that just get in the way.

However it is not a perfect game, there's things that could still be improved.

Rivers romance seems rushed and like an after thought and not done well. He doesn't even have his own place to go hang out at and instead weirdly is at his sisters place who he was not close to and had not seen for years, it just feels a bit disjointed and weird when you're on the scene he is always around his sister and suddenly her best friend.

At first the apartment dates seem cute and fun, but they are not done well at all, they quickly become stale and repetitive, they say the same few lines, do the same few things. It makes the romance seem like a robotic doll prop and is so lifeless and souless and is a disapointment.

However the texts are a nice touch and add some life. The texts from River were sexy, funny, adorable and a bit flirty. I loved receiving those, a memorable one which I wont describe in detail were him talking about his dream of V riding on a motorbike. And you can reply in a raunchy way as well. But of course there aren't enough of them. It's also a bit disapointing that you don't hear more about his PI Stuff.

I am a bit annoyed I did not realise I could save a certain character, as the objective says escape the building. I thought all I had to do was get out of there and escape and I could perhaps come back later? I looked up that you actually could go and find this person and save them as well. Even though I feel a bit sad about this death I decided not to reload a previous save and just left this person dead.

The game is full of bugs both minor and major. eg. after I scanned a vehicle, the vehicle scan was stuck on my screen, I could move around but not exit out of the scan or draw my weapon or do anything but move around. Only solution was to reload a save.

I first played the game for an hour or so and when I returned to play again, when trying to load my previous save it would crash upon loading saying something about flatlining.
I then upgraded my graphics drivers and the game loaded fine.
Then after no more loading issues for a while. Once I get to act 3 it decides it can't load a save file again and flatlines. I am able to load a save file from a few days ago and then after that Iam able to reload my most recent file that it was not able to for some reason. I always make sure to have at least 10 save files because of loading issues and bugs. In game when playing the game crashes for me occasionally for some reason.

Driving cars the handling is terrible feels like you are skidding on ice.

It's enjoyable to play and I liked the story and setting even though it's buggy it's worth playing.
8/10",True,1788437409,0,15.770150462962963
234369759,76561198840549089,196,10873,10982,"Save Takemura, but dont help him.",True,1788436691,109,15.778460648148148
234368351,76561198162710329,0,3979,3979,"Right, It's worth a play. Don't expect perfection, don't even expect optimisation. If you like to mod be are that sometimes when you use the redmod launcher it won't track your hours or your achievements. It is a fun game, it's got lots of content the world feels really good. I liked the gritty feel of the city I think I must have close to 200 hours in the game. For me it's never going to quite match up to the Witcher or RDR2 but it was a really enjoyable experience.",True,1788434888,0,15.799328703703704
234367811,76561197980063126,0,7044,8429,vgud,True,1788434156,1385,15.807800925925926
234366255,76561198363272598,0,10210,11886,Probably the greatest combat system ever created. They really polished a gem out of the unfortunate state the game was in at launch.,True,1788432010,1676,15.832638888888889
234365986,76561198341012918,0,5744,5744,"Cyberpunk 2077 — A Game That Proved Redemption Is Possible

Cyberpunk 2077 is one of the best examples of a game that completely changed the way I look at developers and their commitment to their players.

When Cyberpunk 2077 launched, it was a disaster. It was buggy, unstable, poorly optimized, and nowhere near the experience that many players expected. CD Projekt Red deserved the criticism they received. They made enormous promises, and at launch, they failed to deliver on them.

But what happened afterward is what makes Cyberpunk 2077 special.

CD Projekt Red didn't simply move on. They kept working.

Year after year, they continued improving the game, fixing bugs, rebuilding systems, listening to criticism, and eventually delivering the massive Phantom Liberty expansion and the 2.0 update. They didn't just patch a few crashes and call it a day—they fundamentally improved the game.

And that is where Cyberpunk 2077 stands apart from many other games.

It demonstrates something that is becoming increasingly rare in the AAA industry: developers who genuinely care about making their game better after launch.

The irony is that Cyberpunk 2077's redemption makes Bethesda's approach increasingly difficult to defend.

Bethesda has built an entire identity around its games being ambitious, expansive, and sometimes buggy. And perhaps the most infamous phrase associated with the company is Todd Howard's ""It just works.""

The problem is that sometimes it clearly doesn't.

Bethesda's games have historically shipped with bugs, technical problems, dated systems, and questionable design decisions, yet there has often been an attitude of this is simply how Bethesda games are. Players are expected to accept the quirks because the games are huge and ambitious.

Cyberpunk 2077 initially fell into the same trap—but CD Projekt Red eventually chose a different path.

They essentially said:

""We screwed up. Now we're going to fix it.""

And they actually did.

Today, Cyberpunk 2077 feels like a completely different game from the one that launched in 2020. The combat, police system, skill trees, vehicle gameplay, cyberware, AI, UI, progression, and countless other systems have been improved or rebuilt. Phantom Liberty demonstrated that CD Projekt Red wasn't interested in simply maintaining the status quo—they wanted to prove what the game could have been.

That's what I respect most.

Cyberpunk 2077 isn't impressive because it launched perfectly. It is impressive because the developers refused to let their failure define the game.

There is something admirable about seeing developers acknowledge their mistakes and spend years rebuilding the trust they lost.

Meanwhile, Bethesda's reputation increasingly feels like it relies on the same old formula: release an ambitious game, accept the bugs as part of the experience, and tell players that eventually everything will work.

""It just works.""

Well, CD Projekt Red showed us something better:

""It didn't work. So we fixed it.""

That's the difference between defending a product and being passionate about improving it.

Cyberpunk 2077 ultimately became more than just a great RPG. It became a lesson in accountability, perseverance, and what a developer can accomplish when it genuinely commits to its promises.

I won't forget how terrible the launch was.

But I also won't forget what CD Projekt Red did afterward.

Cyberpunk 2077 didn't just redeem itself. It earned its second chance.",True,1788431626,0,15.837083333333334
234365577,76561198821471533,0,3481,5623,worth every eddies,True,1788431025,2142,15.844039351851851
234365519,76561198294530330,0,1015,1032,There are no happy endings in Night City.,True,1788430944,17,15.844976851851852
234365307,76561199789873319,0,7695,14315,Crafting was a lot more vast than expected,True,1788430636,6620,15.848541666666666
234364922,76561198034981723,0,5480,5480,This is flat out one of the most fun games I've ever played. Phantom Liberty is also worth getting as well. Highly recommended.,True,1788430097,0,15.854780092592593
234364844,76561198111256579,284,30112,30162,Best game for me personally,True,1788429972,50,15.856226851851853
234364793,76561198067917437,0,2093,3939,good,True,1788429890,1846,15.857175925925926
234364651,76561199239903681,0,241,258,Cyberpunk is a great game.,True,1788429613,17,15.860381944444445
234364471,76561198968148941,867,1799,1799,Need to comeback and play it again. Maybe the hype spoiled everything.,True,1788429332,0,15.863634259259259
234362444,76561198274587335,296,1192,1192,Great visuals and immersion. Amazing modding support to do whatever you want. Cant really experience cyberpunk better in any other game. Story and gameplay is also nice.,True,1788426365,0,15.897974537037037
234360725,76561198227902668,0,6541,6784,my gonk ripperdoc sold me faulty chrome and now my ice has a malware problem,True,1788423565,243,15.930381944444445
234360468,76561199065068768,0,1961,1992,boring game,False,1788423169,31,15.934965277777778
234359746,76561198317975766,0,7214,7255,choom,True,1788422032,41,15.948125
234359139,76561198381479738,0,22219,36722,its best ever,True,1788420889,14503,15.961354166666666
234359061,76561198767396040,0,3689,6328,"..
",True,1788420755,2639,15.962905092592592
234358388,76561198086398402,0,2482,2556,"Get game. Game good. Good game. Tons of bugs? Yep. Needs polish. BUT. Good game. Buy game. The first 20 hours alone are worth the price, but it just keeps on going. GOOD GAME. BUY GAME. Say goodbye to everyone you know because they can all ♥♥♥♥ off. You're playing Cyberpunk.",True,1788419481,74,15.977650462962963
234358339,76561198190875570,137,2840,3563,Worth it,True,1788419395,723,15.978645833333333
234357415,76561198023530648,0,364,5013,"A very good FPS RPG set in the Cyberpunk 2077 universe, it has a very engaging story and memorable characters, considering buying it and it's DLC Phantom Liberty.",True,1788417832,4649,15.996736111111112
234357335,76561199558298647,8,22022,24237,"This game is ♥♥♥♥♥♥♥ awesome. Decided to finally give it a try after watching edgerunners and playing wuwa collab. Beat the game once, now I made a modpack with 100+ mods and enjoying this peak the second time. It was definitely worth my money. Best thing about this game is that you can genuinely play it  10 times and still not get bored, thanks to the variety of weapons. Love you cdpr",True,1788417690,2215,15.99837962962963
234356563,76561198051365250,0,845,845,act 1 is good i enjoyed most of the characters jackie is a great side character and made the story actually fun to play!  then at the end of act 1 when silverhand shows up is when things go downhill story wise after that point i couldnt care less for the story! enough about the story lets look at general gameplay! 1 the combat is not that great(Shotguns and hacking is fun) most enemies are bullet sponges and you need no strategy what so ever to beat them because the ai is completely braindead 2 melee builds are completely useless and boring to play 3 driving is only fun when modding if you re playing vanilla driving i feel sorry for you especially during the combat segments and 4 the content that isnt part of the main story is extremely boring and add nothing to the all ready lifeless world. 6/10 game,False,1788416331,0,16.014108796296295
234356526,76561198883859597,0,20807,23163,One of the best games of all time for me. Love it to bits,True,1788416253,2356,16.015011574074073
234356086,76561199121754029,0,7303,7635,"10 out of 10
",True,1788415455,332,16.024247685185184
234355629,76561199198970298,365,5640,5722,It's deeply compromised but sometimes the mood and the characters hit just right. It's both lesser and greater than the sum of its parts somehow? The DLC story is fantastic front to back though,True,1788414634,82,16.03375
234355449,76561199761499823,0,2266,2663,very good,True,1788414303,397,16.03758101851852
234355218,76561198007611725,142,18401,18401,"The story is good, there are many different builds that allow you to play the game the way you want, the graphics is amazing. But the highlight for me is how well the city is crafted. I could just walk and look at the scenery for hours.",True,1788413876,0,16.04252314814815
234354691,76561198418015547,99,662,662,goood,True,1788412991,0,16.052766203703705
234353790,76561198287398593,225,6322,6399,this game is ok,True,1788411555,77,16.069386574074073
234353483,76561199426340019,0,5874,16961,"Its amazing, its cinematic, its high paced, sexy energy. Its guns and drama, drugs and death. It's Keanu Reeves. This game is not for kids. That is all I have to say about that.",True,1788411053,11087,16.07519675925926
234353234,76561198214574432,61,6261,6668,"epic gamer moments guaranteed, Also graphics card destruction guaranteed",True,1788410646,407,16.079907407407408
234352575,76561197995854468,0,777,1499,Good,True,1788409613,722,16.091863425925926
234352104,76561198668149825,0,723,2074,"best game ive ever played you can always find me on jig jig street
",True,1788408911,1351,16.099988425925925
234351527,76561199081171659,0,1039,1211,yes,True,1788408084,172,16.109560185185185
234351328,76561198118401114,376,34716,35628,This game gave me depression 10/10,True,1788407776,912,16.113125
234351010,76561198171511625,0,10538,11470,Amazing!,True,1788407345,932,16.118113425925927
234347476,76561199210305593,0,13541,30152,"Awesome. Generally this wouldn't be my type of game, FPS\RPG not my thing really. But this game is such fun and really top notch",True,1788402400,16611,16.17534722222222
234346897,76561198110147087,0,14130,14847,"Perfection, is there any other thing to say? CDprojekt red continues to cook",True,1788401659,717,16.183923611111112
234346469,76561199826256735,0,2419,2450,Very immersive and a little addicting.,True,1788401100,31,16.19039351851852
234346168,76561198140417502,0,2020,2211,"Game so immersive I don't care if it runs at 30 FPS on medium settings as combat flows nice and the story is very well written while still silly and serious at times. 

Also mods. Mods are nice. Mods make the crowd density not run like powerpoint.",True,1788400706,191,16.194953703703703
234345956,76561198267582989,0,6691,7850,"At launch it was a mess but anymore its a fantastic game. The story is great, the DLC is worth it too. Modder friendly and the customization is great. The lore is deep especially with the anime tie - in.",True,1788400455,1159,16.197858796296295
234345702,76561199620730198,0,1617,2150,ONE OF MY TOP 3 GAMES OF ALL TIME ❤️,True,1788400124,533,16.201689814814817
234345180,76561198403715714,13,931,931,Adam Smasher is a kind person,True,1788399512,0,16.208773148148147
234345123,76561199454595120,110,2017,2017,i love the atmosphere of the game the map is amazing its graphics are gorgeous and the story is good and the characters are good if you love story games this is a must play,True,1788399437,0,16.209641203703704
234344980,76561199122486053,0,2948,4831,makes my toes curl,True,1788399254,1883,16.21175925925926
234343394,76561198447362227,0,10538,11679,i like playing as a woman with a huge rack,True,1788397195,1141,16.235590277777778
234343002,76561198198644149,0,6188,6188,Choom,True,1788396655,0,16.24184027777778
234342921,76561198869864983,37,343,410,It's a great game,True,1788396579,67,16.24271990740741
234342823,76561198275384038,255,6628,6628,Hanako is still waiting at the embers,True,1788396455,0,16.244155092592592
234342487,76561198951371558,0,2459,2459,its a very good game with a great story and graphic i definitely recommend playing this game,True,1788396044,0,16.248912037037037
234342045,76561199160620640,185,2268,2268,Best Game,True,1788395494,0,16.255277777777778
234341480,76561198803049713,0,5672,5901,"Having played this on day one and continuing to play it, it is a masterpiece. Even when it was a buggy chaotic mess i enjoyed it. Every time i play i experience something new.",True,1788394785,229,16.263483796296295
234341478,76561198844683051,28,534,696,Really cool game fr,True,1788394782,162,16.26351851851852
234341357,76561199864549975,0,2379,2739,AMAZINGGG,True,1788394623,360,16.265358796296297
234341324,76561198074060276,99,13404,13729,grape,True,1788394588,325,16.265763888888888
234341207,76561199405872360,0,7404,7421,"even tho the game isnt ""fixed"" pretty fun",True,1788394435,17,16.267534722222223
234340162,76561199651565724,0,6335,6335,"It's pretty good, would recommend it :]",True,1788393176,0,16.28210648148148
234339881,76561199188194338,0,11768,11907,worth every second,True,1788392926,139,16.285
234339874,76561198169867947,140,7811,7811,"Come on choom, it's the big '26, you need to play this before it becomes a reality.",True,1788392922,0,16.285046296296297
234339141,76561199588177398,0,3504,3751,Good story and gorila arms are fun,True,1788392252,247,16.292800925925928
234338686,76561199523219849,0,10154,10154,good game i liek,True,1788391790,0,16.298148148148147
234337813,76561197965258653,0,4186,4861,"The story was kinda disappointing to be honest, but overall this is a high-quality game that you'll likely enjoy if you are into things like Skyrim and GTA.",True,1788390751,675,16.31017361111111
234337069,76561199405401898,0,11769,12041,fun game,True,1788389893,272,16.320104166666667
234336710,76561198962891324,0,20184,21159,yes,True,1788389487,975,16.324803240740742
234336360,76561198273163236,0,13796,14058,Amazing experience.,True,1788389080,262,16.32951388888889
234336304,76561198979478796,0,4268,4532,Great story and gameplay. Runs incredibly well even with mods.,True,1788389000,264,16.330439814814813
234335987,76561199723875274,40,8632,9583,Quiet life or blaze or glory?,True,1788388637,951,16.334641203703704
234335809,76561198812148691,157,1652,5714,"Despues de tantas actualizaciones, sigue con bugs y ademas te crashea por diferentes cosas, ya sea un minijuego, solo conduciendo, en medio de una mision, se cierra todo y no estoy jugando al maximo de resolucion.

Si es divertido pero tantos crasheos igual no es divertidos",False,1788388442,4062,16.336898148148148
234335640,76561198091927471,393,5300,5300,"I *really* wanted to like this game. The Witcher 3 holds a very special place in my heart, and I waited ten years for the studio's next big thing. I pre-ordered the game and upgraded my GPU just to run it. But, after 80+ hours on the original build, and giving an honest chance to the new update, I have to admit that this game is just kind of bad. The gameplay is uninspired and boring, the characters unlikable and uninteresting, and the world building simply cringy. As a graphics nerd (literally a researcher in the field), the rendering tech on display is really exciting, but significantly marred by overall low image quality and stability, as well as awful art direction. Exceptional materials and rendering quality is paired with clunky character design, poor AI and animation systems, and a bland, sterile game world; it reminds me of those ""hyper-realistic"" Minecraft texture packs that tweenage me thought were So Cool (tm). The utter lack of charm, grace, and storytelling prowess on display here, qualities abundant in TW3, makes me wonder how heavily the Witcher games actually leaned on their source material; I haven't read the novels, so this is baseless speculation on my part. I won't be finishing Cyberpunk, and unless you're one of the lobotomites who fawns over open-world Ubisoft games, I'd recommend you play something else as well.",False,1788388242,0,16.339212962962964
234335266,76561199124651666,62,11621,11965,greatest story game ever made,True,1788387757,344,16.34482638888889
234335258,76561199097200623,132,7477,7477,,True,1788387748,0,16.344930555555557
234334957,76561199862680449,0,972,2373,this is the first game i have played in years and i love it.,True,1788387339,1401,16.349664351851853
234334511,76561198144073540,302,4851,5168,Very good,True,1788386834,317,16.35550925925926
234334253,76561199091472496,0,10257,10897,"occasionally crashes and its never the same instance
very immersive",True,1788386633,640,16.357835648148146
234333750,76561198103103859,1156,9854,9854,A must play.,True,1788386078,0,16.36425925925926
234333588,76561197967860673,0,355,355,cyberpunk is an example of everything humanity shouldn't do.,True,1788385926,0,16.36601851851852
234332899,76561198372028637,0,13423,13908,such a solid game GREAT STORY TELLING wish the there was a bit more skills to choose from but thats just me....I see myself playing this game 10-20 years later.,True,1788385141,485,16.375104166666667
234332739,76561198190616375,456,17223,17537,"Cyberpunk 2077 is more than a game to me. It changed my life.

Night City feels incredibly alive—beautiful, broken, chaotic, and strangely human. The characters, the atmosphere, the music, and the story all come together to create an experience I genuinely never wanted to end.

V, Johnny, Jackie, Panam, Judy… these characters stopped feeling fictional. Their stories stayed with me long after I finished the game.

What makes Cyberpunk special isn't that it's perfect. It's that it made me feel something. It made me think about life, death, identity, friendship, and what it means to leave a mark behind.

I've played countless games, but very few have changed the way I see things.

Cyberpunk 2077 did.

10/10. A masterpiece I'll never forget.

written by me. and chatgpt",True,1788384965,314,16.377141203703705
234331606,76561199103189291,28,1221,1234,obudzilem sie w penthousie leb mnie napierdala od szampana,True,1788383766,13,16.391018518518518
234331288,76561199444187792,0,268,275,"I hate that I love this game. They overpromised and underdelivered so bad you could write a thesis on it.

…but I just keep coming back for playthrough after playthrough and there really hasn’t been anything like it since. Phantom Liberty addressed pretty much every issue I had and now I really can’t find anything negative to say about it at all.

It’s not the RPG we were promised. But ♥♥♥♥♥♥♥♥ is it a good action game. 10/10 must play

Also ignore my low playtime; I’ve got 200+ on PS5. Bonus points for cross-platform cloud saves :)",True,1788383420,7,16.395023148148148
234331043,76561198174701937,0,46751,46751,"In some ways it is goyslop, we are satiesfied playing this and we don't see the own cyber techno capitalist dystopia we are living in, and don't do anything about it.
But it is a good game, and does justice to the ""punk"" aspect of the genre, good analogies.
As a story game, I've found it impossible to play on hardcore (very hard difficulty and permadeath), but that's my skill issue. Did it on hard, though, but died after the main storyline in a random gig...
Might still try to beat it on hardcore, because I truly can't get enough, it's one of the best singleplayer games I've ever played. A bit cringe at times, and has too much goonbait and sci-fi is def over the top.
Nothing that harms it too much, it's really playable now after the bugfixes and whatnot.",True,1788383134,0,16.398333333333333
234329884,76561198760260069,0,2693,3739,I think it's alright like,True,1788381847,1046,16.413229166666667
234328783,76561198824535123,0,6292,6705,bladerunner vibes,True,1788380745,413,16.425983796296297
234327608,76561199558064044,0,3775,3927,KEANU REEVES!!!!!!!!!!!!!!!!,True,1788379735,152,16.437673611111112
234327302,76561198285645832,117,4766,4963,"Good game and story, very fun if you build your character right :)",True,1788379422,197,16.441296296296297
234327205,76561198742981904,0,4463,4512,10/10,True,1788379327,49,16.442395833333332
234325635,76561198317425671,64,1190,1190,"the best game ive ever played, even better with mods, buy this game",True,1788377738,0,16.460787037037036
234324065,76561199135623332,0,1180,2850,Juegazo con el mejor sistema de builds y con alto lore,True,1788376157,1670,16.47908564814815
234322544,76561197989080687,924,6034,6039,"This game has had a lot of great updates. It’s a genuinely fun story and fills a hole the gaming world had been wanting for years. But my question is… where is the VR this game would absolutely excel at?

The modding community (yes, including that whole fiasco with someone trying to paywall the mod) is decent, but it’s not VR. Tacking on a “VR look” is easy for anyone with a script and some ingenuity, but you can’t have real VR without IK, full body presence, and free‑range movement. Cyberpunk needs actual VR systems, not camera hacks.

You know Flat2VR is a good creator — why not give them a call? This game’s world, scale, and immersion practically beg for a proper VR mode. Night City would be legendary in VR if it were done right.",True,1788374601,5,16.49709490740741
234322323,76561198043489562,140,10490,10490,Interesting setting and great story.,True,1788374374,0,16.49972222222222
234322084,76561198039336222,0,9898,9898,Hands down one of the best games I've ever played. Highly recommend.,True,1788374148,0,16.50233796296296
234321545,76561199090503969,53,2457,3110,Play male V and follow the Panam quest line,True,1788373548,653,16.509282407407408
234321145,76561199231021577,134,14836,14871,chrome up choom and go to jigjig street,True,1788373116,35,16.514282407407407
234320114,76561199178025037,141,7104,7611,"Fun game with a great story and a great DLC. Bugs here and there but nothing unplayable, usually visual or something you could just reload an auto save to. Good graphics and decent performance. I run Max Graphics at 30fps at 1080p on a 4070 Ti and a 9800X3D with DLAA. Using 2x frame gen can bring that to a smooth 60 with little to no noticeable frame gen artifacts in action. You can definitely notice path tracing artifacts in reflections and stuff but for me personally it didn't break immersion. Overall I would recommend this game, it's really fun.",True,1788372061,507,16.526493055555555
234319325,76561199475604552,10,2352,3093,cool game,True,1788371286,741,16.535462962962963
234317395,76561199096573317,0,15684,15700,"CD Projekt Red proved that if the company cares about its community, they work hard to regain its trust. They improved Cyberpunk enough for me to say it's  a good game. Gameplay, story, characters... In short, everything is very good in my opinion.",True,1788369429,16,16.55695601851852
234317194,76561198096148171,134,747,791,"Played it on PS5 Pro, bought it again to support the developer. What an amazing game and story
10/10 for visuals
8/10 for main story because it was short. 

Otherwise highly recommend this game",True,1788369223,44,16.55934027777778
234316947,76561198384532648,41,5538,8045,"terrible start, amazing now",True,1788368990,2507,16.562037037037037
234316201,76561198388558582,142,12847,13938,"Overrall a good shooter RPG. That said why the hell are all crime games like this have depressing main stories? I just want to commit crimes in peace man.
A word of caution though, this game shouldn't really be played on 8gb vram (high graphics preset) if you have dogtown dlc. The base game areas are buttery smooth with minimal vram leak and can be played for hours upon hours. Dogtown in the other hand make my vram usage climb from 6gb to near 8gb and keep climbing higher and higher the more I play.
Many people say cyberpunk has redeemed itself but apparently quite a few of bugs are still very noticeable, mostly vehicle-related. For example, car summons still go out of whack from times to times, hopping onto vehicles previously used by hostile NPCs will bug out the controls and self-destruct quickhack sometimes doesn't work in races. Also the memory leak issue apparently was fixed several patches ago but got reintroduced into the current one.",True,1788368257,1091,16.570520833333333
234316176,76561198076363832,61,7004,7004,"I was incredibly hyped after seeing Keanu Reeves. I played the game on launch day, but then decided to wait until it was fully polished so I could experience it without any major hiccups. It was absolutely worth the wait.

What a game. It’s not just another RPG—almost every decision you make has consequences. There aren’t always inherently right or wrong choices, although a few certainly are. Most of the time, you’re navigating the same moral grey areas that we face in real life. Some decisions will make you think, some will bring you joy, while others will reveal dark and painful consequences that you can do nothing to undo. 
Take your time with this game and observe its world closely. You’ll discover many harsh truths and reflections of things happening around us, whether we notice them or not.

Thank you, CDPR, for creating this game with such care. Patiently waiting for the next iteration ❤️",True,1788368227,0,16.570868055555554
234316003,76561198903937430,0,2321,2925,"Amazing game, great commentary which is very relevant to what is going on in the world at the moment. Gameplay is also very fun",True,1788368065,604,16.572743055555556
234314895,76561199404372563,0,32261,32937,game's fixed,True,1788366912,676,16.586087962962964
234313616,76561199688896504,32,7088,9852,love this ♥♥♥♥,True,1788365651,2764,16.60068287037037
234313116,76561199649752302,63,2814,3980,"Amazing game 
",True,1788365139,1166,16.606608796296296
234312721,76561198041720103,288,5191,5191,"UA:
[h1]Cyberpunk 2077[/h1] Це та гра, про яку реально можна сказати: це одна з найкращих речей, які трапляються в житті. Не просто “хороша гра”, а щось, що запам’ятовується надовго.

Геймплей тут топовий: стрільба, прокачка, імпланти, затягує. Локації дуже деталізовані, кожен район виглядає по-своєму і має свій вайб. Night City реально відчувається живим — не просто декорація, а повноцінний світ, у якому хочеться зависати.

Персонажі — живі, харизматичні і запам’ятовуються.

Окремо хочу відмітити музику — вона тут реально дуже крута і ідеально підходить під атмосферу гри. Часто ловив себе на тому, що просто катаюсь по місту і слухаю треки.

У грі ще й тонна великодок, і це реально кайф ловити їх під час проходження. Є посилання на купу інших ігор і поп-культури: The Witcher, Fallout, Portal, Death Stranding, Dark Souls, Doom, GTA San Andreas, Half-Life, Contra, System Shock і ще купа всього. Також є референси на фільми, аніме і навіть реальних людей типу Hideo Kojima. І окремий плюс — великодки на Cyberpunk: Edgerunners, що дуже приємно, якщо дивився аніме.

У гри багато кінцівок, і це прям великий плюс. Вони різні, цікаві і дають свій настрій — немає такого, що є один “правильний” варіант.

DLC норм, але особисто я не фанат. Не погано, але основна гра зайшла значно сильніше.

https://steamcommunity.com/sharedfiles/filedetails/?id=3794513594
https://steamcommunity.com/sharedfiles/filedetails/?id=3789272792
https://steamcommunity.com/sharedfiles/filedetails/?id=3792676338

ENG:
[h1]Cyberpunk 2077[/h1] Is one of those games you can honestly call one of the best things you can experience in life. Not just a “good game”, but something that really sticks with you.

The gameplay is top-tier: shooting, progression, implants — everything works and feels satisfying. The locations are highly detailed, every district has its own vibe. Night City actually feels alive — not just a backdrop, but a real world you want to spend time in.

The characters are alive, charismatic, and memorable.

Also, the music is amazing and fits the atmosphere perfectly. I often caught myself just driving around the city listening to the tracks.

The game is packed with easter eggs, and it’s genuinely fun to find them. There are references to a lot of other games and pop culture: The Witcher, Fallout, Portal, Death Stranding, Dark Souls, Doom, GTA San Andreas, Half-Life, Contra, System Shock, and many more. There are also references to movies, anime, and even real people like Hideo Kojima. And a nice bonus — easter eggs related to Cyberpunk: Edgerunners, which is great if you’ve watched the anime.

There are also many different endings, which is a big plus. They’re all interesting and have their own tone — there’s no single “right” choice.

The DLC is fine, but I’m not a big fan. It’s not bad, but the main game hit way harder for me.",True,1788364742,0,16.611203703703705
234312409,76561198082187925,0,7530,8054,"Honestly, this game is peak, really good story, where you have to make hard choices and live with the consequences.",True,1788364479,524,16.614247685185184
234311191,76561198658310011,0,971,971,good with mods,True,1788363267,0,16.628275462962964
234309356,76561199027891784,86,2434,5006,"generational game. peak writing. peak music. not even glaze

10
",True,1788361454,2572,16.64925925925926
234309191,76561197972054736,0,427,427,"Kind of disappointing really, the game-play is serviceable but the world feels very shallow. Certainly a lesser game than Shadowrun or the OG Deus Ex imho",False,1788361307,0,16.65096064814815
234309111,76561198722681752,0,1468,1933,good,True,1788361230,465,16.651851851851852
234308388,76561198875647225,0,3223,3577,Peak,True,1788360574,354,16.659444444444443
234305326,76561199771706797,0,196,3847,nice,True,1788357549,3651,16.69445601851852
234304756,76561198755772025,0,2652,2652,game is so ♥♥♥♥♥♥♥ peak everyone should play it even if your broke,True,1788356994,0,16.70087962962963
234303422,76561199844690765,0,390,1333,i hope i have better specs to play this :),True,1788355567,943,16.717395833333335
234302071,76561199446195326,35,10781,10827,As Johnny Silverhand said: Getting ♥♥♥♥,True,1788354095,46,16.73443287037037
234301928,76561199886116049,0,1841,2157,good game,True,1788353953,316,16.73607638888889
234301072,76561197992807543,0,13488,14491,insanely good,True,1788352945,1003,16.747743055555556
234300582,76561199125002405,0,7420,8404,beep beep motherfricker,True,1788352344,984,16.754699074074075
234300123,76561198686363530,0,2983,2983,good,True,1788351711,0,16.762025462962963
234299834,76561198868946679,134,2237,2357,had me crying at the end of the streetkid ending,True,1788351355,120,16.766145833333333
234298766,76561198002456461,909,3147,6406,Find yourself someone who will wait for you the way Hanako is waiting for V at Embers...,True,1788349986,3259,16.781990740740742
234295267,76561198344948417,86,218,1629,"it's gas, what more can i say",True,1788344844,1411,16.84150462962963
234295082,76561198014880335,0,310,310,Game good. Me play.,True,1788344579,0,16.84457175925926
234294222,76561198043724944,96,8071,8071,choom gonk,True,1788343258,0,16.859861111111112
234294209,76561198345977112,46,2844,4723,p,True,1788343243,1879,16.860034722222224
234294075,76561198129744227,0,627,740,10/10,True,1788343029,113,16.862511574074073
234292768,76561198834860506,0,17067,18057,S-Tier,True,1788340963,990,16.886423611111113
234292558,76561199309457719,13,6903,6906,cool,True,1788340656,3,16.889976851851852
234290782,76561199129608969,0,5163,5175,dont  meet hanako at the embers,True,1788337872,12,16.922199074074076
234290019,76561198836068032,0,4367,4598,The future of electronic media entertainment,True,1788336638,231,16.936481481481483
234289759,76561199687352349,10,5632,5632,Peak game but to little gore,True,1788336204,0,16.94150462962963
234288262,76561198096573191,1364,11096,11096,Well written characters overall. Wish some of the endings were a bit better but overall great RPG that had me wanting to keep coming back. I wish I still had more to do but I've legitimately done everything which is  a great problem to have,True,1788333697,0,16.97052083333333
234287386,76561198030473752,948,3589,3589,"I loved the story and the overall immersive graphics of this game. This is an extremely beautiful game to play with Path Tracing if you have the hardware to run it, I still come back to this game to benchmark new nVidia technologies such as new Ray Reconstruction, the New DLSS5, and the new 6x Frame Generation. Even if the results are not always great or best, its always fun to test new things coming from Nvidia. 6X Frame gen is not where is supposed to be for sure, the game is bearable with 2-3x Frame gen especially when running Path Tracing with DLSS5.",True,1788332103,0,16.98896990740741
234286882,76561199667728605,0,107,142,"I haven't played alot but if you wanna push your computer's hardware to the max this is the game, great voice acting and visual fidelity",True,1788331159,35,16.999895833333333
234286357,76561198313123916,0,3213,3371,play it its good,True,1788330188,158,17.011134259259258
234286303,76561198159889238,609,13262,13262,"The launch of this game was so bad it took me 6 years to revisit it... but I dare say now that I've played it to completion, twice, this is the most insane comeback for a game I've ever seen since No Mans Sky. The foundation is phonomenal, Mike Pondsmith spent 30 years building this world before it ever became a game, so with most of the bugs and gamebreaking things smoothed out this game matured into the engrossing experience it was always meant to be.

It's not perfect, you will still run into a few bugs, but at this point you'll be missing the forest for the trees if that stops you from playing it. If you can handle the likes of Fallout then this will be slightly smoother.

An endlessly replayable experience. If how the game launched is the reason you still haven't played it, go play it. This is the Cyberpunk 2077 that it should have always been.",True,1788330072,0,17.01247685185185
234286099,76561198026782865,0,1024,11958,,True,1788329684,10934,17.016967592592593
234285858,76561199701105206,0,7273,10897,yeah,True,1788329246,3624,17.022037037037038
234284719,76561199393248721,0,4451,4451,game was so incredibly good a white tear rolled down my leg,True,1788327341,0,17.044085648148148
234284617,76561198183910585,172,2219,3079,cp is peak,True,1788327126,860,17.046574074074073
234284374,76561199206942181,0,5692,7144,Like a fast paced RDR2 with very unique combat,True,1788326642,1452,17.052175925925926
234283919,76561199806009152,0,1001,1001,peak,True,1788325799,0,17.06193287037037
234283379,76561198992677778,86,2708,2708,Yes.,True,1788324820,0,17.07326388888889
234282931,76561198183147506,46,5976,5976,cant wait for upcoming cyberpunk game,True,1788324043,0,17.082256944444445
234281677,76561199287207956,0,5692,6972,kinda fire,True,1788321902,1280,17.10703703703704
234281632,76561199083981560,0,2453,2453,"Top 10 games for me, honestly. My only complaint is that the driving mechanic is clunky. The story is incredible, and insanely engaging. I am currently working on my second playthrough. There are multiple endings, you can build up relationships with the characters, and more. I did in fact cry in the end. Beautiful game, love the messages, love it all.",True,1788321854,0,17.107592592592592
234280542,76561199854810717,0,2673,5333,Panam yams,True,1788320130,2660,17.127546296296295
234280130,76561199059203302,0,6326,7266,very good game,True,1788319563,940,17.134108796296296
234280069,76561198670370275,0,1725,2502,Awesome game,True,1788319465,777,17.135243055555556
234280029,76561198003518178,0,21522,24069,It's great. You should play it.,True,1788319422,2547,17.13574074074074
234278793,76561198852707859,0,6952,7772,absolutely briliant!,True,1788317497,820,17.15802083333333
234277663,76561199884334945,0,3036,3099,"This I would argue is a hell of a redemption story, when this game first came out I refused to buy it because of the bad condition but now? It may be the best game Ive ever played, It is like God blessed this game or somthing, I love the Lore, Story, Combat, there is almost nothing wrong with the except a few glitches here and there. Amazing, thats all i have to say.",True,1788315924,63,17.17622685185185
234277514,76561198982993118,0,5633,5856,fun world to explore tbh. so many ways to do everything.,True,1788315698,223,17.17884259259259
234276888,76561199158899927,0,1935,8110,,True,1788314811,6175,17.189108796296296
234276438,76561198106850923,0,8914,9999,it is good i like the pictures,True,1788314204,1085,17.19613425925926
234275705,76561198981069137,70,19349,20122,goof,True,1788313273,773,17.20690972222222
234275543,76561199263297775,104,1318,3833,I really want to stay at your house,True,1788313042,2515,17.209583333333335
234275443,76561199544769251,44,7042,7416,better than rdr2 sorry to say,True,1788312873,374,17.21153935185185
234274856,76561198089765285,53,11446,11446,"I saw corps strip farmers of water… and eventually of land. Saw them transform Night City into a machine fueled by people’s crushed spirits, broken dreams, and emptied pockets. Corps have controlled our lives, taken lots… and now they’re after our souls! V, I’ve declared war not because capitalism is a thorn in my side or outta nostalgia for an America gone by. This war’s a people’s war against a system that’s spiraled outta our control. It’s a war against the ♥♥♥♥♥♥’ forces of entropy, understand? Do whatever it takes to stop ’em, defeat ’em, gut ’em. If I gotta kill, I’ll kill. If I need your body, I’ll ♥♥♥♥♥♥’ take it! ♥♥♥♥♥♥’ hell… You still don’t see it. But you will one day",True,1788312068,0,17.22085648148148
234274661,76561198067391616,0,13485,13485,"This game is deep.
It's CDProjekt Red there launch and optimization may not be their best suit but the world creating and the writing are Top class alongside with The Witcher. 

I love adult and grey story like this not like heroic stuff or the world circle around protagonist like most of the games. and the game play is one of the best RPG FPS out there.",True,1788311792,0,17.224050925925926
234273782,76561198667710476,0,11169,14278,so good,True,1788310556,3109,17.238356481481482
234273647,76561199734824039,167,931,952,"The new standard for games graphics, not a great story but more like a very good looking game with the best lighting ever rendered in a video game. The First Person camera was a bad design idea as it was the only game who can compete with GTA but without 3rd person camera that was impossible, lost chance 7/10",True,1788310362,21,17.240601851851853
234272454,76561198990683085,25,877,877,"Not funnest game to be honest, was looking for great story game and this was recommended multi times. So I bought it and to be fare the graphic are amazing but the gameplay is meh to me. 
The mechanic are really complicated to understand and the guy who appear suddenly after putting chip in your head is really boring and killed all the fun for me.",False,1788308793,0,17.258761574074075
234272048,76561199109617081,40,1158,1406,"---{Graphics}---
☑ You forget what reality is!
☐ Beautiful
☐ Amazing for its age
☐ Good
☐ Decent
☐ Bad
☐ Paint.exe
☐ Don‘t look!

---{Gameplay}---
☑ Very good
☐ Good
☐ It‘s just gameplay
☐ Meh
☐ Staring at walls is better
☐ Just.. don‘t.

---{Audio}---
☑ Eargasm
☐ Very good
☐ Good
☐ Not too bad
☐ Bad
☐ Earrape

---{Audience}---
☐ Kids
☐ Teens
☑ Adults

---{PC Requirements}---
☐ Check if you can run paint
☐ Potato
☐ Decent
☑ Fast
☐ Expensive PC
☐ Ask NASA for a spare computer

---{Difficulty}---
☐ Just press ‚A‘
☐ Easy
☐ Significant brain usage
☑ Easy to learn / Hard to master
☐ Difficult
☐ Dark Souls

---{Grind}---
☐ Nothing to grind
☐ Only if you care about leaderboards/ranks/achievements
☐ Isn't necessary to progress
☑ Average grind level
☐ Too much grind
☐ You‘ll need a second life for grinding

---{Story}---
☐ You make your own story
☐ Story?
☐ Text or Audio floating around
☐ Average
☐ Good
☐ Lovely
☑ It‘ll replace your life

---{Game - Per Round Time}---
☐ Extremely Short (less than 20 minutes)
☐ Short (20 - 45 minutes)
☐ Average (45 - 120 minutes)
☐ Long (120 - 240 minutes)
☑ To infinity and beyond! (more than 240)

---{Price}---
☐ It’s free!
☑ Worth the price
☐ Wait for sales
☐ If you have some spare money left, I guess..
☐ Not recommended
☐ You could also just burn your money!

---{Bugs}---
☐ Never heard of
☑ Minor bugs
☐ Can get annoying
☐ ARK: Survival Evolved
☐ The game itself is a big terrarium for bugs

Quite possibly the BEST story game experience of my life. Couldn't recommend more, 11/10.",True,1788308258,248,17.264953703703704
234271933,76561198149366531,35,14600,15730,无代餐 No substitute availiable.,True,1788308084,1130,17.266967592592593
234270730,76561199448274315,0,582,829,"peak
",True,1788306550,247,17.28472222222222
234270596,76561197994640258,0,13191,13605,"I didn't play this at launch so I can't speak to its state then, but it's AMAZING now. Seriously.. one of the best games of the last decade. There's a million reviews of how good this is so I doubt I can really add anything more of substance. Just buy it already.",True,1788306357,414,17.28695601851852
234270416,76561198167966837,220,3039,4159,peak,True,1788306123,1120,17.28966435185185
234270137,76561198452865189,0,14564,15267,Masterpiece,True,1788305719,703,17.294340277777778
234269935,76561198078822165,0,11151,11151,choices so consequential I still think about some of the outcomes weeks later,True,1788305464,0,17.297291666666666
234269813,76561199417124809,0,4831,4831,"This game is genuinely one of the best video games I have ever played. I have beaten the game 3 times already and this is coming from a person who never and i mean NEVER replays games at all and i had so much fun each time. There are so many ways to play this game with all the different story paths you can go down and all the different endings, along with all the different playstyles that you can use. I would also suggest buying the DLC, it was absolutely amazing, so much new content and an amazing new story to play through. 10/10 would recommend. Also do not listen to anyone who says it broken. they probably played the game when it came out and haven't played since. The devs have done a great job of fixing their game.",True,1788305302,0,17.299166666666668
234269447,76561197984735901,137,31433,32454,it still amazes me how much this game has grown and the mod community just keeps making it better. I can not recommend this game enough!,True,1788304843,1021,17.304479166666667
234269442,76561199601466663,0,12096,14979,"I was gonna write something something long but, all I have to say is Panam Yams. Get the game bruddy.",True,1788304836,2883,17.304560185185185
234268502,76561198337497304,1057,10798,10798,Definitely recommend.,True,1788303596,0,17.318912037037038
234268396,76561198324483905,44,4360,4360,"Where to start... This game confused me so much at first, but I have to say that it does a tremendous job with its well-written characters and immersive universe. The level design is simply breathtaking.

The only real issue I have with the game is its gameplay, which sometimes feels a bit too simple. The cyberware system also feels somewhat limited and not particularly innovative, in my opinion. That being said, the game does offer a wide variety of playstyles, such as stealth, close-range combat, Sandevistan builds, and so on. I might be biased, though, because FPS games are definitely not my favorite genre.

For me, Cyberpunk's greatest strength remains its storyline, which genuinely surprised me. I would probably consider it one of the best stories I've ever experienced in a video game. Night City captivates you in a strange way and can even change the way you think about certain things in life.

Most of the time, I never bother doing side quests in games, but I found Cyberpunk's side missions to be just as good as the main ones, with some of them being even better. Special mention goes to the Jefferson Peralez questline, which was definitely one of the most memorable for me.

Being immersed in this dystopian world, alongside all these different characters, made me reflect on several philosophical questions. One of the most memorable examples is Dex DeShawn's famous question about whether you'd rather live a quiet life or go out in a blaze of glory.

I also love the way CD Projekt RED undermines the traditional idea of stories leading toward a happy ending. Here, instead, we are caught in an endless cycle that will never truly end as long as Night City remains standing. People come and go, legends are born and die, but the city survives and preserving  them as they should be : legends.

PS : I will definitely do the dlc but for now i need a break :)",True,1788303483,0,17.320219907407406
234267731,76561198303076559,0,11829,16838,"I know the game had a bad start, but at this point it's pretty damn fun.",True,1788302707,5009,17.32920138888889
234267669,76561199830388150,0,7754,8592,Amazing game the story and dlc is like 120 hours of content even more if you want to test different builds and story endings,True,1788302620,838,17.330208333333335
234267455,76561198037256332,0,20093,20093,"Alright I 100%'d this game ages ago, but forgot to leave a note for it. This game, despite its extremely rocky start, turned out to be an amazing sci-fi adventure. The story, characters, romances, and of course the multitude of combat styles make this game a complete blast. I will say however, that going through the story multiple times is a slog because the story only changes so much based on what you do. Overall though, this game earns the title of a phoenix. 
""The wind whistling through boarded-up windows. Tumbleweeds scratching across dry, sandy tracks. That's how towns die. Not with a bang, but with whispers."" -Panam",True,1788302386,0,17.332916666666666
234267434,76561199305835310,77,2663,2663,its about becuming a punk in a weold of cyberfolk and its SO hard i lost 0.5 TIMES OMG,True,1788302353,0,17.33329861111111
234267152,76561199041488781,158,3895,5192,choom,True,1788302052,1297,17.33678240740741
234266925,76561199060976293,0,4861,5219,masterpiece,True,1788301775,358,17.339988425925927
234266400,76561198929830256,0,1865,3514,"Good Ebening. 

I have now played this game for about a day, after buying it on sale over 5 years after its initial release date. I personally think this game would've probably been worth full price, but I love a good sale me so that certainly tipped the scales. I was concerned about the hardware requirements, especially after everything people were saying upon release. Overall, my machine is a solid gaming laptop, slightly below recommended specs but could run it fine overall with solid but not the best graphics. This was completely fine for me, I was still impressed with the detail and this did not affect my immersion into the game at all. On to the main aspects of the game itself:

This first thing is the immersion, the movement feels crisp, the environment is detailed, and the game gives you a lot of agency. When you play this game you feel like you are in a dystopian city in the distant but not-too-distant future. I think that's the main selling point of this game, how well it manages to immerse you into another world. I would say that they should have set it a bit further in the future though, particularly the flashbacks to 2023 where technology and politics were already shown to be far more advanced/different from the present day. 

The combat mechanics were fun and stylistically varied, although I'd say the enemies took a while to die which led to ammo consumption problems for automatic weapons. This is the case even on lower difficulties, and even if the battles themselves are not too difficult.

[Spoilers] The storyline is solid, and engaging, you follow your character from a lowly hoodlum into a competent but not omnipotent mercenary for hire. You feel for the characters you meet on the way, each has a distinct and interesting personality and its great to interact with them, you have so many options to do this. However, the endings fell a bit flat for me. Even the best ending is kind of bittersweet, in the sense that your character is stuck withering away. I'm not necessarily against bad/sad endings, but I think either triumphant victory or last-stand/blaze-of-glory death options would've also been good here. Maybe that's just me though, some people say it's the storytelling element but current options feel narratively restrictive to me after everything your character has gone through. 

The level of content for a single-player game is outstanding, the level of interaction with characters and the detail in the environment as discussed, but also the amount of quests and missions, the character customisation options, weapons and upgrades, houses, cars, radio stations etc. I still have a lot of things to do even after over 24h of playtime. 

Overall probably a 9/10. Definitely one of the better games I've ever played.",True,1788301115,1649,17.347627314814815
234266197,76561198845568264,38,5413,5719,peak,True,1788300874,306,17.350416666666668
234265688,76561198438783663,0,10753,14793,good game,True,1788300382,4040,17.35611111111111
234265169,76561199551880230,37,726,760,its guud,True,1788299769,34,17.363206018518518
234265027,76561198155761247,0,1869,3660,"Must be the best game I played within the last few years. The story is perfect, every side quest is well thought, the gameplay is on spot.
Hours passes like minutes while playing this game, one of the best purchases I've ever made!! 
",True,1788299624,1791,17.36488425925926
234264940,76561199003079300,0,8250,8302,this is one of the best modded game of all time period,True,1788299519,52,17.366099537037037
234264603,76561197999518719,256,754,2107,is good,True,1788299112,1353,17.370810185185185
234264223,76561198304052485,0,3275,3925,"I hadn’t gotten a chance to play this till recently, and I am loving it!",True,1788298712,650,17.375439814814815
234262991,76561199089783854,0,2183,2609,HOLY ♥♥♥♥♥♥♥ ♥♥♥♥,True,1788297364,426,17.391041666666666
234262474,76561199446911731,0,3748,5102,Most open worlds are empty or don't have much going on. This game is not one of them. Also the movement in this game is the most rapid fluid movement I've ever seen in a first person.,True,1788296847,1354,17.39702546296296
234260725,76561199740244266,0,11723,12048,probably the best game youll every play. so play it,True,1788295078,325,17.4175
234260356,76561199686072148,0,339,979,this is very good,True,1788294727,640,17.4215625
234258920,76561198820102615,0,2382,2395,see ya in the big leagues jackie,True,1788293345,13,17.43755787037037
234258339,76561197997322951,0,3153,3155,"Cyber C.T.D Simulator 2026
Not wasting my time on this any more. 
It released broken, then it worked, now it's broken again.
I even rolled back to happier times, still broken.
Good bye Night City, it was fun whilst it lasted",False,1788292799,2,17.443877314814817
234258325,76561199129291564,0,958,1044,The amount of invisible walls I have ran into is disappointing. It breaks my immersion everytime. It’s not a death wall or respawn wall. Straight just invisible walls. This is my first play through since release. Does anyone know how to get rid of these walls,False,1788292789,86,17.443993055555556
234258044,76561199439931301,0,3320,5557,The gameplay is good although a little inconsistent on the performance side. Sometimes it runs amazingly and other times its buggy and weird with a sprinkle of the occasional crash. CD Projekt Red's storytelling is amazing and I really appreciate the flexibility on how the story(ies) develop.,True,1788292493,2237,17.44741898148148
234257263,76561199724863795,0,4233,5471,Bussin bruh.,True,1788291794,1238,17.45550925925926
234256836,76561198846358272,0,8652,8652,it's peak.,True,1788291365,0,17.460474537037037
234256225,76561199198390232,41,4726,7091,top 3 open world fantasy games OAT,True,1788290802,2365,17.46699074074074
234256165,76561198324703951,113,10648,10648,I really did not want it to end 10/10. The world grips you and the basilisk mission iykyk :),True,1788290757,0,17.467511574074074
234255987,76561199555092087,33,2003,3019,"Goated
",True,1788290600,1016,17.469328703703702
234255829,76561199140425252,0,2600,3331,"Coolest game EVER! A FPS game with the depth of play expected from an RPG, it's endlessly replay-able, if you can even finish it in the first place!!",True,1788290444,731,17.47113425925926
234254618,76561199638054817,76,7052,8097,This is one of these games that makes you stare at end credits in complete silence 10/10,True,1788289379,1045,17.48346064814815
234253407,76561199839102046,0,191,2980,very fun game,True,1788288279,2789,17.49619212962963
234252486,76561198167128952,0,18696,18696,"[h1]A City Worth Burning For[/h1]

Background: I played this game to completion on launch when it was a mess (or at least within its first 6 months of release) and returned to do another 100% run with Phantom Liberty now. What CDPR have managed to achieve by slowly revamping this game is nothing short of incredible. 

[h2]Graphics[/h2]

The graphical fidelity of this game is well documented so I won't spend too much time here, but the game is gorgeous - the part I find [b]really[/b] impressive graphically is how rich and dense the environment is. Unless you're actively looking for it by going to the edge of places you're not really supposed to be (or you experience a glitch here or there - and you will!) - you're unlikely to come across even so much as an ugly texture in this game. It also all feels very cohesive. Just make sure you calibrate your brightness settings - particularly gamma if you've got an HDR screen.

[h2]Gameplay[/h2]

Do you like Deus Ex Human Revolution/ Mankind Divided? If so, this game has that on crack. As well as a lot more for you to dig your teeth into. I thoroughly enjoyed my recent return to NC - I ran a stealth/ netrunner/ melee build and had so much fun running around the city, ""ghost""ing missions and taking out hoards of ""gangoons"" without anyone knowing what had happened. The game also has many options for pure action if that's your thing.

Getting from place to place is a pleasure, particularly when you've unlocked some movement speed upgrades and - I cannot recommend this enough - get the double jump leg implants as soon as you can. They improve the walking traversal so so much. I also enjoyed using motorbikes almost exclusively during this run, they're a lot easier to navigate with. The driving in general I think has been improved, or at least that's what it felt like. I found myself frequently choosing to drive from place to place to take in the sights rather than making use of the fast travel.

This is a personal nitpick, but I loathe sandbox games that don't allow you to fast travel from the map. Having to walk to a fast travel point to fast travel to another point feels dumb, but many games have this design decision for one reason or another. I just find it really annoying not being able to click on a map point and teleport to it when so many other games do this.

[h2]Music[/h2]

Fantastic, particularly in the Phantom Liberty expansion. The game is full of bangers that absolutely fit the style and tone of the ""era"" and the vibe of Night City - I can't fault it. I do wish there was a little more variation in the radio stations - there are lots of them, but the genre doesn't seem to shift too much between them.

[h2]Story[/h2]

I'd probably rate the story as excellent, or at least very [i]very[/i] good. Like any game with mass amounts of content and an open environment, it's easy to introduce your own pacing issues depending on your approach to side content. The magical thing about this game's side content is that so much of it is rich and steeped in impressive variability. You can do one random Gig for a fixer and become immersed in the story of that single situation by reading emails, overhearing conversations while you're infiltrating an area, or just speaking to the characters.

The main plot I liked - I won't go into detail to avoid spoilers, but I found it thought provoking, touching at times, ridiculous (in a good way) at others, and even disturbing. That's kind of the point.

I mentioned variability in the side content, but that variation in the scenes/ lines/ reactions in main story missions is honestly extremely impressive. I'm a big fan of RPG's with choices and consequences, and it definitely does this aspect very well. I just finished up achievement hunting which required the different endings - and the variability not just in the endings themselves, but the missions leading up to those, was an insane surprise.

[h2]Stability[/h2]

In spite of the game being in an exponentially better state than it was when it initially released, I still encountered somewhat frequent crashes and bugs. Sometimes these were graphical - a texture shooting to the moon (massive triangles), the ocean straight up not loading - sometimes these were progression related (example: I couldn't interact with an object to progress a quest, but saving/ reloading on the spot fixed it). 

The worst offender is probably the random crashing though. I'd turn a corner on the way to a mission and it would just freeze up and crash out of the game completely, resulting in me troubleshooting quite a few times. I'd reload the game, restart my PC, change settings, and sometimes it'd be fine, others it wouldn't. It sucks, but the game is absolutely worth persevering with.

Excellent game. I feel like now CDPR have mastered this game, I really do hope they make a sequel in future. I'll wait to see how stable it is before buying though!",True,1788287459,0,17.50568287037037
234251762,76561198967737675,103,2775,3100,"Täitsa haige kui igav mäng, never getting the time back",False,1788286820,325,17.513078703703705
234251074,76561199211454409,35,2989,4144,Amazing game!! You guys have to try it out!!!!,True,1788286162,1155,17.520694444444445
234250989,76561199532226992,53,2762,2762,nice tank sex,True,1788286085,0,17.521585648148147
234250764,76561198289441207,100,5578,5737,"Finished Cyberpunk 2077 and adam smasher sends his regards, postmortem.",True,1788285867,159,17.524108796296296
234250545,76561198040887612,292,5122,5133,"I don't know why, but this was a difficult game to get into. I've tried multiple times since it released. I finally managed to get over the inertia in 2026, and I'm mostly glad I did. I say ""mostly"" because it didn't grab me like Witcher 3 did at launch, or Mass Effect 3 did back in the day. The graphics are great and the game world is super impressive, but it reminds me too much of other games that did this better (aside from the aforementioned games, GTA5 and Sleeping Dogs also come to mind).",True,1788285660,11,17.52650462962963
234250146,76561199439946495,0,4524,6036,"Amazing game, amazing story, the endings are kinda meh, but the gameplay kept me hooked regardless.",True,1788285280,1512,17.53090277777778
234249016,76561198109982104,0,3148,3148,"Presentation is so strong that stuff like janky shooting and driving doesnt even matter. The way everything is  seamless without loading screens, the sheer detail of the world in a way which makes every location feel believable, the way the music ramps in intensity whenever a conversation gets tense like everything is about to boil over, and lore of alternate history which goes back years... Cyberpunk absolutely succeeds at selling the fantasy of living in this dense colourful dream/nightmare city. The story and writing is strong and genuinely emotional with a fun edge to it all. Johnny SIlverhand is a lot of fun. idk man its just a really cool game.",True,1788284224,0,17.543125
234248957,76561199424495407,0,4509,4784,"get to upgrading your trauma team coverage to platinum cause the story will make you cry because its so good and its very good in gameplay, graphics and immersion.",True,1788284159,275,17.543877314814814
234248011,76561199511181334,148,767,3694,"Benchmarking tool with a built in game lmao. 

Jokes aside, I played it twice on Xbox around patch 1.5. Once I jumped to PC, I knew I had to check it out again. Finally got around to give it a spin, and o boy is this a whole different beast now. 

Its incredible, easily a 9/10 for any RPG lover.",True,1788283262,2927,17.554259259259258
234247520,76561198861579471,0,3567,4218,♥♥♥♥♥♥♥ awesome,True,1788282838,651,17.559166666666666
234246720,76561198796726882,91,3665,3665,goated,True,1788282116,0,17.567523148148148
234245415,76561199145392014,112,4054,5399,"MAN!!!
HAHAHAHA
WHAT CAN I SAY?
",True,1788280894,1345,17.581666666666667
234244723,76561199008867630,55,2845,2849,"♥♥♥♥♥♥♥♥ crashing every 20min, now it is crashing every 2min it is taking me 1month to finish the game as i don`t have any courage to play this garbage.",False,1788280267,4,17.58892361111111
234244628,76561198937806049,54,4648,5844,"77 hours jejeje, in cyberpunk 2077, jeje......


goty77",True,1788280196,1196,17.58974537037037
234241429,76561199119530485,0,5798,5815,"9/10 game combat, story and just about everything is good about it.
",True,1788277316,17,17.623078703703705
234240924,76561199240218793,0,9702,9812,bought the game for the story. stayed because i developed an unhealthy attachment to a fictional terrorist.,True,1788276874,110,17.628194444444443
234240495,76561198995470377,0,6527,7193,gud qality bro me recomend,True,1788276475,666,17.6328125
234240411,76561199081599436,0,1947,2209,I would lick every part of Judy's and Panam's body if I could <3,True,1788276395,262,17.633738425925927
234240094,76561198257744650,0,15145,17113,"I had originally returned this cause i had a hard time with the first person gaming (i just was used to 3rd person gaming). But boy im glad i bought it again. once i got used to the first person gaming, i fell in love with this game. so much to explore and so fun and unique gameplay with Cyberware  So much lore and Easter eggs to uncover and the map is huge. character creator is pretty good. The DLC is also worth the money it gives you so much more to explore and do.",True,1788276096,1968,17.637199074074076
234240063,76561199387735566,60,177,177,"I have 3 hours on steam but trust me when i say this, ive replayed ts like 8 times and everytime its super fun, like there are ton of builds to try out and story options to check out, plus the combat is fun asf, the story is top 3 in gaming for me and the graphics of course are teriffic which dont destroy my pc even though it isnt the best. I mean my words dont do this game justice so if your thinking about buying it then trust my words BUY IT.",True,1788276067,0,17.637534722222224
234239455,76561199377481686,0,2743,5366,you can use katanas on bikes dude,True,1788275515,2623,17.643923611111113
234239116,76561198818425216,0,4334,5243,"i like how the game looks on oled 4k, the feel that you always have something to do, i do recomend this game to people that can play anything else than cs",True,1788275179,909,17.6478125
234235711,76561198139998666,0,4458,4458,Good story but kinda like bad thing that's some romancable character have their prefer gender i was like play around 40 hrs at first save and then just find out that's Judy only prefer female V so i need to start from begining again but it's still feel like fresh start because you can change the background of character and try new way to play the game and the background didn't make diff in term of gamplay it just new storyline so if you interesting with this game i just wanna tell that's it's good,True,1788271953,0,17.685150462962962
234235250,76561199145029672,30,31601,36248,you will never fade away,True,1788271524,4647,17.69011574074074
234234804,76561199363901392,0,5115,5217,perfect game,True,1788271117,102,17.694826388888888
234234376,76561198689099341,0,13812,20970,Such a good game,True,1788270685,7158,17.699826388888887
234232725,76561199631301579,0,2092,2189,john wickky,True,1788269012,97,17.719189814814815
234231960,76561199870360352,0,4681,4681,best comeback in gaming history this game is incredible if you played thiswhen it came out like i did come back and play it its 100000x better than before missions feel fully fleshed out i didnt have 1 bad glitch that ruined the experience id say its top 5 games of all time for me,True,1788268229,0,17.728252314814814
234231682,76561199115022802,57,2406,2541,"I highly recommend playing this game. Even if you are not a cyberpunk fan, after just 10 hours of playtime it pulls you right into the world of night city.
If you want to enjoy the game on higher graphics and you own an decent pc, be ready to play on 100 +-fps at maximum, because the game takes a lot of ram and vram.",True,1788267942,135,17.731574074074075
234231659,76561197971032180,0,6255,8042,"Absolutely fall in love with this game.
Not much else to say. This is that kind of games that make you feel bad and empty when the game is over. Like i felt in Witcher 3 and a few others.
After +100 hours of normal game, i'm ready to replay as a ninja with melee weapons, but this time in glorious VR.
",True,1788267925,1787,17.731770833333332
234229120,76561198105528874,186,9116,9116,running on building with double jump cool i love mirror's edge 2077,True,1788265122,0,17.76421296296296
234227707,76561198371774546,0,1186,1203,"very nice game must play 
",True,1788263445,17,17.783622685185186
234226293,76561199119037656,18,5391,5446,game,True,1788261590,55,17.805092592592594
234225707,76561198112932601,58,4178,5427,"one of the best games I've ever played, its almost as good if not as good as rdr2",True,1788260810,1249,17.81412037037037
234225177,76561198949806289,0,2406,5658,8/10 a bit short if you dont avoid the story and grind gigs nd sidequests,True,1788260087,3252,17.822488425925926
234224689,76561198056066957,224,2456,2456,Base game is a solid 8/10. Phantom Liberty is a 10/10 masterpiece.,True,1788259415,0,17.830266203703705
234223970,76561199132438860,0,5128,5594,zajebiste,True,1788258405,466,17.84195601851852
234223944,76561199245302952,0,6319,6579,Cberpnk :D,True,1788258373,260,17.84232638888889
234223402,76561198014937818,0,15409,15548,"If your here looking at this you probably know what it's about, it's hardly an obscure game. 
Cyberpunk 2077 is fantastic and well worth your time. If you're interested in a story set in a techno-future, dystopian, nightmare this is the one to buy.
Combat is good, a little on the easy side.
Story is good.
Setting is good.
I Love/Hate Johnny

The bad:
I never played the original release, which apparently was quite bad. I purchased the game about a year after release during a Steam sale. So I can't really speak from experience what it was like then. I can tell you with certainty that the game is good now.
The only issues I find are with exploration. It's a little pointless. You have this big map, you explore some area and most of the time get nothing much for it. Which is a shame, because someone worked very hard at every location to make it seem authentic.
There are some odd choices when the developers were deciding what the city should have in it. For example, there are multiple s*x shops but no sports stadium. Lot's of cars of all types, but no car dealerships/showrooms. Things missing that a normal city would have. This isn't a deal breaker, but it kind of breaks immersion a little. These buildings form part of the wider culture of the city. I like to explore and look around, I notice these things and it seems not quite right. Still the game is mostly set around violence, militant corporations and gangs. Those things are definitely present. 
I put it down to narrative choice, that the story is told through V's eyes and he/she isn't a completely 100% reliable narrator. This is simply how V sees Night City.

tldr; if you like exploration then you might be a little disappointed. 

All that said, the map is nice aesthetically. As I said before, they worked very hard to make each area seem authentic to the narrative.",True,1788257569,139,17.851631944444446
234222660,76561198714140229,0,465,2281,peak,True,1788256366,1816,17.865555555555556
234222592,76561197963877789,0,5175,6155,"A
[i]Playthrough In Progress[/i]

A fantastic game with support for so many playstyles.",True,1788256258,980,17.866805555555555
234220708,76561198781250095,83,6327,6327,cyberpunk is in my punk heh,True,1788253257,0,17.901539351851852
234219769,76561198082227690,0,1798,4921,"Gave this game a chance for the 4th time, but everytime I couldn't stop fighting the game to PLAY THE GAME! Still jank beyond belief!
I do feel the game has delivered the essence of ""Cyberpunk"" setting and the hyper-sensitized, depressive environment. Can't comment on the story, but what a shame.",False,1788251689,3123,17.9196875
234217480,76561199638254442,112,9589,11281,"when i have launched cyberpunk for the first time a month ago. i have never launched another game since, not even for a moment, i have stayed i have played this one

after the credits roll i felt empty, i felt like the game has punched me in the gut and left emptiness in me
i'm still roaming around NC, still completing gigs, still beating NCPD scanners, still buying new cars, trying out new weapons, talking to people
yes, i said people, not characters, if i called these people characters that would just be insulting, every second i played this game i always thought ""what would i say?"" ""what would i do?"" not, ""what would v say? or what would V do?""

this game made me love it, and then broke my heart, thank you CDPR

the optimization of this game is awesome.
the combat of this game is phenomenal.
the story made me feel the most emotional i have ever felt from an video game.
the world still leaves me stunned.
the secrets we're made with love and care.
this entire game is such an big labour of love and this THIS is now my new favourite game, even past the DOOM franchise, this is different, this is good, this is what i always wanted.",True,1788247823,1692,17.96443287037037
234217139,76561198034383360,0,1745,4073,fun with mods you can smash adam smasher,True,1788247198,2328,17.971666666666668
234216051,76561198381013601,129,6627,6813,emotional ♥♥♥♥♥♥♥ truck.... recommend watching edgerunners first.,True,1788245283,186,17.99383101851852
234215285,76561199199296557,11,923,962,Great game,True,1788243884,39,18.010023148148147
234215242,76561198979938245,0,703,711,"buns, graphics are too trash",False,1788243787,8,18.011145833333334
234215170,76561198391681361,0,5102,8511,"The Cerberus can hear you.

[SANDEVISTAN MALFUNCTION]


genuinely HORRIFYING, both worst and greatest time I've had in this game.",True,1788243654,3409,18.012685185185184
234214281,76561198301876167,218,10511,10570,yeah its good,True,1788242133,59,18.030289351851852
234213992,76561199507814875,25,3773,4701,"This game is so peak it makes you start using new slang and talk in a different way
and also
I don't care what anyone else thinks, there is ONE correct radio channel to listen to.
temperature check! it's 98.7, body heat.",True,1788241610,928,18.036342592592593
234213869,76561198300783610,138,5221,6398,"(NO SPOILERS)
Cyberpunk 2077 is a fascinating case to me.

Few games have launched to such disastrously disappointing results -- at least proportionate to their hype at the time. And I do mean *at the time.*

The catastrophic launch of the game wasn't actually the fault of CDPR's development team, but rather upper management and board of directors; and they promised *alot* that the devs could not realistically expect to fulfill. I won't get too into the details, because this is a rather famous case and people far more knowledgeable on the topic could summarize it better than me, but essentially promises were made that were pretty much actually impossible to pull off with modern technology, like having an *entire, real life city's* worth of individualized NPCs down to each having their own names, jobs and schedules. Which is an utterly ridiculous proposition of course, but people will take your promises for the game at face value. And they did. Obviously this was not possible and was not delivered; as was the case with many of the false promises made by the parties responsible within the company. On top of that, even without making such absurd promises the game was rushed incredibly hard by these same parties; over and over again they had given unrealistic promises on the release date for the game as well, and it resulted in the dev team continuously having to delay the game to give it the development time it truly needed. On launch, the game was absolutely riddled with game-breaking bugs, janky, inconsistent and punishing physics, visual glitches, and development oversights.

Now, by this point if you really are unfamiliar with the game's current state, you might be wondering why this review recommends the game. And well, in short, I feel like CDPR's development team has done an excellent job salvaging a historically disastrous release, and has transformed it into one of the best action RPG's you can get nowadays, especially if you value writing, worldbuilding, strong characters and surprisingly grounded commentary on the impartial cruelty of many aspects of modern life; capitalism, poverty, war, y'know, the whole political commentary works. But the game's insights are heartfelt, and despite the setting being incredibly dark and cruel to its' inhabitants, the world has a tendency to instill a feeling of incredible, indomitable human will as you progress through its' story.

As for the story and narrative, I've already sung its' praises on a surface level but I feel simply leaving it at ""its' good"" doesn't do these elements the justice they deserve.

CP2077's story is ♥♥♥♥♥♥♥ excellent. The characters bring the colorful, unique and vibrant world to life in a very believable way, if you ask me. I didn't expect to find such strong and compelling personalities (especially for many characters that you don't even truly spend that much time with overall) in my campaign, but I was pleasantly surprised to find myself attached to many of the characters. Johnny Silverhand, Judy Alvarez, Panam Palmer, Goro Takemura, and Adam Smasher are particular favorites of mine, and all excellently written. Although I wish you saw more of them, Jackie Wells, Dexter Deshawn, River Ward and Evelyn Parker are also great characters. There are strong, recurring themes of hopelessness, exploitation, capitalistic indifference, and societal isolation, but also the indomitable human spirit, individuality, community and legacy. The game is also pretty ♥♥♥♥♥♥♥ funny when it wants to be.

Overall, I can't recommend this game enough, to be honest. One of the most shocking turnaround cases in video game history, and it is now one of my favorite games ever. None of this is to say the game is perfect in its' current state, it still has the odd bug here and there, mostly with the physics -- but rarely anything serious in my experience. My overall consideration of this game's rating will include Phantom Liberty by the way, totally worth it I think. Be warned that there's only one boss though, even though it is a pretty cool one. Nothing like anything else in the game, for sure! If you're looking for great Action RPG Shooter with a very well written story and world, great characters, and an incredibly ♥♥♥♥♥♥♥ jamming soundtrack, I would easily say Cyberpunk 2077 could be something you'd really enjoy.

I'd give Cyberpunk an easy 8.5/10.",True,1788241377,1177,18.03903935185185
234213054,76561199643134166,0,875,875,This game and its story is absolutely amazing. They have came so far with this and love everything that comes with it. Edge runner for life. Go get you a peace of that night city.,True,1788239807,0,18.05721064814815
234212532,76561199427061956,0,3687,3687,,True,1788238873,0,18.068020833333332
234211675,76561198018123077,0,3821,5747,damn it's preem,True,1788237340,1926,18.085763888888888
234211083,76561198068041333,0,3995,4015,"very advanced and i would love to see how this progresses, dont worry about mistakes in the future",True,1788236346,20,18.09726851851852
234210657,76561199122232856,25,11352,12334,"Wow. 
Best game I've ever played brought me to literal tears multiple times.",True,1788235668,982,18.10511574074074
234209810,76561197992548423,57,8273,9008,finest game I played from 2025 till 2026,True,1788234220,735,18.121875
234209588,76561199249668104,28,1576,2250,peak. may be the best game of all time,True,1788233875,674,18.125868055555557
234207828,76561199158123685,41,4090,4090,probably the most awsome game ive played i racked up hundreds of hours on my ps5 and when i finally got to experience it on pc it was a whole new experience at some point im going to mess with mods but even vanilla in 4k is peak for me amazinfg story met with great voice actors and so many side things to do i dont see how you could hate cyberpunk in 2026 after all the devs have done to fix it from launch,True,1788231049,0,18.15857638888889
234207725,76561199173518646,0,7567,8803,"This was an absolutely jaw-dropping game. And I’m not even talking just about the graphics or the storyline. What impressed me most was the ability to actually be in Night City—to feel like V.

I went into this completely blind. I hadn’t watched gameplay or spoiled anything for myself. I just played based on the choices I would genuinely make, and because of that, I really felt like I was experiencing V’s story as my own. By the end, I honestly wasn’t ready for how everything ended, but I was so impressed by the experience as a whole.

Whether you just want to fly through the main storyline or you want to completely immerse yourself and actually become V, this game gives you that option. There’s just something incredibly impressive about how alive Night City feels and how easily the game pulls you into its world.

I really hope they make another one because I’m genuinely going to miss Night City. 💔",True,1788230903,1236,18.160266203703703
234207435,76561198863110170,72,12272,12272,"This is a useless dialogue simulator. I do know any other game where there are so many dialogue options to choose yet most have 0 consequences. No I am not going to skip dialogues as I paid for each sentense. 
Listen here CDPR, all you have to do for next game is not to give players endless choices as they are meaningless but give linear story with little options. Bdw where is all the night life that was promised outside of quests? 
Here is what you do;
3 main characters just like GTA5, except each is unique build: close combat, steath and medium&long range. Player can choose any of characters to complete missions the way they want and check this out: 3 player coop. 
Thats it. No major options, no open world. Linear linear linear. 
Current open wold is empty. Nothing to do. 
Through away character creation, clothing, apartments, some hidden sotry lines. Just focus on fun stuff and you be good. 
But I am pretty sure my message will not be heard.",False,1788230448,0,18.165532407407408
234206808,76561199811389021,0,9030,12127,punched a man he exploded all i need to say,True,1788229585,3097,18.175520833333334
234206621,76561198056007202,0,6972,6983,Good,True,1788229337,11,18.178391203703704
234206435,76561199546011045,0,5148,6004,i want judy alvarez to take advantage of me and strap me to a chair and put a bd on me that turns my brain into mush while she uses me as she pleases,True,1788229071,856,18.181469907407408
234206335,76561199120860340,0,5812,7366,what to say it has come a long way since launch and its a great story with incredible game play totally worth it for anyone who loves a open world,True,1788228920,1554,18.18321759259259
234205618,76561198383438884,295,3458,3458,"Cyberpunk 2077... Oh boy, where do I even begin?

It was about time I finally played this game, six years after its release. During that entire time, I've just been waiting for it to become more polished since it had so many issues during its first couple of years. And honestly, I'm pretty sure it was worth the wait.

I absolutely fell in love with the world, the aesthetic, and the overall tone of the game. There are so many interesting and complex characters that you genuinely grow to love throughout the story. I also need to mention the soundtrack, which is easily a 10/10. It's one of the best video game soundtracks I've ever heard.

I also think the current modding scene really improved my first experience with the game. I definitely plan on coming back to it sometime later this year or probably next year, playing as male V, making completely different choices, and getting different endings for both base game and Phantom Liberty, to see how everything turns out.

I really hope they eventually release another DLC or just give us something more Cyberpunk-related. At least I have Cyberpunk: Edgerunners Season 2 coming soon, so I have something else Cyberpunk-related to feast upon.

In the future, I'd love to see Cyberpunk 2077 get a full sequel or even a shorter spin-off game. Either one would be really cool to see.",True,1788227867,0,18.195405092592594
234205345,76561198253980184,240,608,4711,cyber punk can run on my trash laptop,True,1788227488,4103,18.199791666666666
234204665,76561198193422835,27,16143,16143,"Overall, love the game. Night city feels lived in, districts have distinct aesthetics, love the story, musics and the radios. However, I have some nitpicks, but they are not dealbreakers. I also would like to say that the DLC is far superior than the base game.

[b] Story: [/b]
It is good that you do not have to do side quests (NCPD, gigs) to move on the main story. However, the base game main story feels too short. I feel like cutting some side gigs in favor of focusing more of the main story would be better. Maybe even some bonding by doing some gigs together with Jackie pre-Konpeki Plaza to make his [spoiler] death [/spoiler] more impactful, instead of showing a quick cutscene.

Phantom Liberty is just flawless. Completing the DLC is so fullfilling because the story is just too good and its length just hit the spot. I like how the gigs intertwine with the main story just enough to not make it like a chore. Also, I love the horror section if you side with a certain character and would love to see more of those in the future game

[b] Gigs: [/b]
Most of the gigs in the base games are repetitive and bland, thus trying to complete all the gigs feels kind of like a chore. However, it never feels like a chore to do the gigs from Phantom Liberty and here are my reasonings.

First, we get to know characters in the gigs. We actively learn about their personality and their motive throughout the gigs. This makes the gigs more engaging.

This lead to the second point, where the gigs introduce you some moral dilemna. You are given differing options that actually impact the character differently. This make the gigs slighhtly personal because your choices and decisions matter and carry weight.

The impact of your choices can be experienced in the third point, which is by giving each gigs a conclusion in the form of mini side quest. In the base game, V complete their gigs no string attached. Sure V do not have to care about every single person they saved from a gig, but PL gives you the choice. You can either ignore the side quest, or if you are curious, you can follow through by completing the side quest.

So personally, I would love more moral dilemna in the future gigs. Although some days, I would also like some boring gigs like the one in the base game where I can just turn my brain off without having to spend 5 minutes arguing about morality. I guess 1 boring gig every 2 PL quality gig would be the sweet spot?

[b] Boss fight/Cyberpsychos on Very Hard: [/b]

Cyberpsychos are too squishies. I feel like it is reasonable to increase their durability by 50%. However, only making the fight longer will not be fun. They also need more movesets because currently they feel too predictable and telegraphic. Fighting a melee as a melee is only fun for the few seconds because they will just repeat the same move over and over again. This make the fight bland where you just stand still > wait for enemy to lunge attack > Parry > Hack and slash, then repeat the process.

Love the boss fights, especially the Kurt Hansen one. He has the perfect amount of health, movesets and different QTE (or mini cutscene? I forgot). My only complain is the hp for Chimera and Adam Smasher. Fighting the Chimera is very exciting because you can die quickly if you are not careful. However, once you learn how to avoid the attacks, the fight overstays its welcome due to the massive health pool. It is not fun to run and hide for 15 seconds straight only to then fire a few rounds, then repeat the same process over 15 times or even more. Maybe my gun sucked. Would be nice to have the Chimera and Adam Smasher health reduced by 1/3 personally.

[b] Romance: [/b]

The romance with the female characters are amazing because they are fleshed-out. Wish I could say the same for the male counterpart though. I love the decision of making them having specific sexual preference instead of player sexual because it does make the world more realistic. However, this would be better there were more options for romance. Maybe then you can add some playersexual in the mix too. Anyways it was a mistake to scrape of Takemura romance.

For PL, not being able to romance Alex and Aurore is such a big missed opportunity. Their characters are important in the story that their romance might introduce new options regarding their fate, and amplify the impact of their fate.

[b] Immersion: [/b]
More interaction at the appartment, eating animation at a foodstall, sit on a bench.",True,1788226609,0,18.209965277777776
234204166,76561198007660623,0,16480,18346,yes,True,1788225893,1866,18.218252314814816
234203089,76561198754747117,0,3059,4826,ogkopgfpkogf]xohkjkgkpfhnif,True,1788224347,1767,18.23614583333333
234203048,76561199535273197,0,1838,5526,"Gaming’s most infamous stumble has transformed into an undeniable neon-lit masterpiece. It is a suffocating city that breathes with chrome and corruption driven by corporate greed and the rare spark of human connection. Moving through the twilight haze you hear Johnny Silverhand’s ghost voice dripping with cynicism in your ear. Every paced gunfight pulses with urgency. Every quiet talk in a noodle bar feels real earned, full of weight. Every difficult decision lands like a punch to the chest. It is stunning, heartbreaking and, without doubt one of the most immersive role-playing games ever made.",True,1788224295,3688,18.236747685185186
234202692,76561199498720168,0,8809,10246,Best Game I Have Ever Played Hands Down,True,1788223740,1437,18.243171296296296
234202093,76561198114910095,0,7103,7235, Easily best RPG of all time that had the worst launch of all time.,True,1788222871,132,18.253229166666667
234201982,76561198843119361,0,1467,5604,fire,True,1788222721,4137,18.254965277777778
234201906,76561198082216468,1189,6827,6827,"Garbage at launch, even though I still enjoyed it. 2.0 turned this into the game it was supposed to be, fantastic.",True,1788222631,0,18.256006944444444
234201281,76561198006217483,303,3005,8377,"I originally built my PC 3–4 years ago specifically for Cyberpunk 2077, but between storage constraints and a massive backlog, I kept shelving it. After finally grabbing a dedicated drive and diving in headfirst, I’m completely hooked.

The story is gripping, the visuals are phenomenal, and the sheer freedom of choice in how you build your character and tackle Night City is incredible. Fair warning: the game pushes hardware hard and turns my rig into a space heater (probably should've saved this playthrough for winter), but it's worth every degree. Absolutely worth the wait.",True,1788221783,5372,18.26582175925926
234201113,76561198197047341,197,1545,1545,"Not a single one of the developers or QAs played a melee build on a difficulty where you get one shot, why the ♥♥♥♥ does the game not offer a SPRINT BY DEFAULT jesus christ, hitting melee makes you walk, you have to toggle sprint on again, and having to do this while also dashing, clunky as ♥♥♥♥.",False,1788221554,0,18.268472222222222
234199595,76561198347557521,0,5421,5441,yes,True,1788219504,20,18.292199074074073
234198488,76561198029042891,79,5790,5820,"Cyberpunk 2077 is a massive sci-fi action-RPG from the creators of The Witcher 3. Following major updates and the Phantom Liberty expansion, it has transformed into a true masterpiece and one of the finest futuristic games ever made",True,1788218003,30,18.30957175925926
234197435,76561198340634564,0,27586,27726,This game made me a lesbian,True,1788216521,140,18.326724537037038
234197152,76561198076176001,0,3091,3091,"Great game, there was a few minor bugs still but the experience overall was pretty smooth. I recommend it.",True,1788216133,0,18.331215277777776
234196795,76561198091385261,0,4618,6514,It was buggy and bad now its great story as old as no mans sky. No go press the buy button choom.,True,1788215676,1896,18.33650462962963
234195983,76561199773678250,48,5159,5173,9/10,True,1788214789,14,18.346770833333334
234195348,76561198420503353,271,6092,6092,Peak,True,1788214228,0,18.35326388888889
234195227,76561198819428094,173,2699,3018,Car don't work,False,1788214109,319,18.354641203703704
234195121,76561198742480859,0,9791,10003,"""Wrong city, wrong people.""",True,1788214006,212,18.355833333333333
234194857,76561198393785950,0,16069,17983,Love the Universe,True,1788213752,1914,18.35877314814815
234194286,76561199121361450,26,6188,6188,Good graphics :),True,1788213223,0,18.364895833333332
234193588,76561198340766090,0,6127,6127,"Such a great game, wonderfully designed and made me never want it to end! I was hooked from day one and finished the game within the month. Couldn't recommend it enough!",True,1788212603,0,18.37207175925926
234193441,76561199647450741,0,1888,3609,the best indulging and immersive gaming experience i ever had.,True,1788212473,1721,18.37357638888889
234193431,76561199059458035,0,5332,6884,one of the best open world games I have ever played the come back is real cd project red is one of the most goated companies in the industry defo better than jewstargames can't wait to play the witcher 3 remaster my hopes are very high,True,1788212463,1552,18.373692129629628
234192864,76561199260077547,57,251,1180,"The GREATEST game i've played so far!

I absolutely love how this game plays out, with its different stories and the different vibes the game gives you as the player. The game has amazing story writing, great characters and character develpment the more you play, beautiful graphics with RTX and even if you dont use RTX still looks amazing. I like the feeling as if you're playing a different game if you choose different routes of how the stories should go, depending on which ending you choose to go with, also the emotional scenes/cutscenes, moments and even conversations you have are just as good, h3ll this game had a lot of emotional moments based on my own experience, the combat was good, fun even, driving different vehicles also good and fun. Lastly the music/soundtracks they're really well composed and well integrated with how you play the game and such. All-in-all, awesome game, well made and just...really f*ckin good! Loved it! Also, Phantom Liberty was amazing, such a great DLC, which i'd say it's worth getting!

I did play Cyberpunk for several hours on GoG, i just recently got the game on my steam account.",True,1788211943,929,18.379710648148148
234191819,76561199520650805,59,714,714,Gta V but better,True,1788211036,0,18.390208333333334
234191717,76561198038013863,0,4807,4897,Waited 6 years to play this masterpiece in its greatest form.  Only nitpick: Hard mode is too hard and normal is too easy. Wish that was better calibrated. Otherwise 10/10,True,1788210950,90,18.391203703703702
234189120,76561197975646638,0,2657,5505,play it,True,1788208880,2848,18.41516203703704
234188624,76561198397867011,0,945,1875,Cholera gdy to kupowałem myślałem że to bedzie kiepskie/słabe/średnie a skradło moje serduszko <3,True,1788208466,930,18.419953703703705
234188612,76561198005751739,251,8363,10971,"I wanted to like this game but with so many small little issues piling up every time I boot up the game I can't bring myself to actually enjoy my time with it.
This may be something you can overlook if you genuinely care about the story and characters, but I wouldn't know because the majority of them aren't really interesting or just outright annoying to me.
I don't know what happened but it feels like they tried to band-aid fix the absolute broken mess that this game was at launch but you can still see the cracks every 5 minutes",False,1788208459,2608,18.420034722222223
234188098,76561198650513542,0,393,3176,cool,True,1788208026,2783,18.425046296296298
234186932,76561198985098321,137,7565,7565,Peak,True,1788206921,0,18.43783564814815
234186925,76561198208548001,442,4031,4031,120 frames per second at 4K feels nice,False,1788206910,0,18.437962962962963
234186477,76561198665265617,0,2981,4364,AWSOME GAME ... I JUST WISH I HAD A BETTER PC SO I CAN PLAY IN HIGHER SETTINGS,True,1788206448,1383,18.443310185185187
234185783,76561199591885268,0,2072,3091,PEAK,True,1788205727,1019,18.451655092592592
234185400,76561199223070957,0,4588,4999,maybe,True,1788205295,411,18.45665509259259
234185298,76561198255734057,0,1821,1821,Love the game 10/10 especially with mods.,True,1788205191,0,18.457858796296296
234185204,76561198010693962,0,2625,3074,"I just can't get myself to like this game, no matter how hard I try. The story just makes the gameplay so very intolerable.",False,1788205100,449,18.458912037037038
234183953,76561198011608926,0,59043,68432,MODS MAKE IT DECENT,True,1788203895,9389,18.472858796296297
234183782,76561199441688018,0,13745,13745,peak,True,1788203740,0,18.474652777777777
234182565,76561199272815269,90,4530,5537,"havent finished the game yet, but so far its pretty nice. no dislikes, no issues, and definitely no complaints.",True,1788202636,1007,18.487430555555555
234181719,76561199198199207,218,3826,4678,Best game I've ever played.,True,1788201875,852,18.496238425925927
234180961,76561198851144582,0,152,310,awesome,True,1788201247,158,18.503506944444446
234179096,76561199173860048,0,622,763,"I have only played for 10 hours, but it so well made. Lovin it",True,1788199570,141,18.522916666666667
234178738,76561199807613911,0,5143,8341,This BD is preem choombatta,True,1788199216,3198,18.527013888888888
234178340,76561199446130372,0,18328,20777,game ran great and looked great for all parts. very fun story game worth the money,True,1788198810,2449,18.531712962962963
234178054,76561198982315657,0,3820,3820,I miss Jackie :(,True,1788198535,0,18.534895833333334
234177774,76561198747235792,0,264,3010,"Great graphics, story characters masterpiece",True,1788198280,2746,18.537847222222222
234177442,76561198372875794,112,780,780,"It's an all around amazing game. Amazing story, fun gameplay, fun and interesting characters and amazing visuals.

If you were thinking of getting it, I would say go for it.",True,1788197957,0,18.54158564814815
234177421,76561199690381739,23,5451,7657,Do not think,True,1788197936,2206,18.541828703703704
234176476,76561197983000067,0,19760,19760,Returning player.  I absolutely hate what they've done with the perk system.  Unplayable.,False,1788197079,0,18.551747685185184
234176075,76561198428452423,0,7211,7211,I have played this game in various ways. It gives acceptable levels of dopamine to my brain. Good job CD Project red.,True,1788196667,0,18.556516203703705
234175703,76561198136308784,189,8163,8163,love hate this game,True,1788196334,0,18.56037037037037
234175681,76561198765112265,0,3042,3965,Words are not enough to express my love for this game❤️One of the best things I have ever experienced and I was a part of it(●'◡'●),True,1788196312,923,18.560625
234174691,76561198765352912,6,2037,2058,"Would recomend, 
Great story and gameplay, but talking to NPCs was a bit too text-heavy. Ran great on my RX 6800 with i5-8400.",True,1788195403,21,18.571145833333333
234173262,76561198303457923,0,7365,9519,10/10,True,1788194029,2154,18.58704861111111
234172523,76561198272051496,0,1750,4068,Very visceral. Zach would approve,True,1788193310,2318,18.59537037037037
234172231,76561198759555028,0,6115,10341,"Night city, the city made for dreamers. The world will pull you and smack you in the face in the best way possible. Neon lights, industrial structures, badlands every area will offer lots of contents. 
Gameplay is also amazing you can choose to run lots of builds according to your preferred playstyle, stealth, guns blazing, tech wiz, hacking etc. simply its f amazing. Plus it got Keanu Reeves in it. what more can y'want choomba? Preem game. dope characters. don't meet Hanako at embers.",True,1788193042,4226,18.598472222222224
234171984,76561199379752465,53,2059,2059,Best game ever.,True,1788192821,0,18.60103009259259
234171381,76561198685475130,0,2220,4156,Pretty good,True,1788192238,1936,18.607777777777777
234170085,76561199870009514,0,106,106,nice,True,1788190989,0,18.622233796296296
234169883,76561199615289943,0,2032,2032,Wake the ♥♥♥♥ up Samurai,True,1788190822,0,18.624166666666667
234169218,76561198368079387,38,718,1305,"bought it long time ago and it didn't click with me. Decided to give it a second chance last week and it clicked so HARDDDD this time :)
fr, good game.",True,1788190238,587,18.630925925925926
234169168,76561199104396213,0,659,1639,such a MASTERPIECE talking simulator game. would not recommended this game. wasting time on choosing and hearing the dialogue. get hyped from youtube gameplay review but such a dissappoinment and wasting my money eventhough it is on sale. some people just want to enjoy play game that focus on mission and gameplay not a talking choice game. should read reddit review people complaining about this. NOT RECOMMENDED.,False,1788190196,980,18.631412037037038
234166524,76561199212218303,0,7697,7697,Despite it having a reputation of being buggy i rarely run into bugs that ruin the game but as of late with the new updates i havent ran into em even on my steam deck aswell,True,1788187811,0,18.659016203703704
234166341,76561199684898769,37,430,430,Its's Cyberpunk that we're talking about.,True,1788187657,0,18.66079861111111
234166302,76561198032403769,1971,487,487,"Unfortunately, Cyberpunk 2077 is not much more than a Potemkin village. A fantastic backdrop behind which—apart from the good story—there is simply not much to be found. So much could have been done with this. What a waste. In my view, it is more of an adventure game, something narrative at any rate. For a true role-playing game, it lacks depth and a believable world where things also happen independently of player interaction.",False,1788187622,0,18.661203703703702
234165545,76561197987373899,0,301,1227,"Buggy as a mother for me. Constantly getting weapon or vehicle controls stuck on screen, cant exit out of phone screen without going to inventory first, stuck in computers and have to reload to get out.",False,1788186906,926,18.66949074074074
234165323,76561199143090322,0,9649,10481,The best game I played.,True,1788186698,832,18.67189814814815
234165080,76561199814252378,0,503,503,"The games feel lifeless.

NPCs are dumb. You can't interact witht them. The missions are way too scripted. Not to mention many shop closed at night, two exact same NPcs appearing in the same time, etc. I just can't enjoy the open world, the only thing to do is shoot people.",False,1788186508,0,18.674097222222223
234164154,76561199799593805,0,704,1348,Excellent game. Played through 11 hours. So much to do. I am amazed. 10/10,True,1788185638,644,18.684166666666666
234163908,76561199084346187,152,6206,6818,"Made me cry, piss and ♥♥♥ at the same time. Devastating.",True,1788185414,612,18.686759259259258
234163397,76561199415528702,0,3490,4620,I got the cyberpuh,True,1788184915,1130,18.692534722222224
234163044,76561199734000737,0,4455,4463,Best game ever,True,1788184585,8,18.696354166666666
234161617,76561199018930324,0,5844,9705,Preem,True,1788183122,3861,18.713287037037038
234160137,76561199654465972,0,17813,18936,don't meet that mf at embers bruh,True,1788181641,1123,18.73042824074074
234160081,76561197998053037,0,192,834,"Due to a bug, I cannot start the main story.",False,1788181588,642,18.731041666666666
234158757,76561198972057892,519,8581,8581,"Cyberpunk 2077 is a game I ended up spending way more time on than I originally planned. Night City is still interesting to explore, especially when you stop following only the main story and start clearing side jobs, activities, and random events.

I went through almost all of the main game, and with Phantom Liberty there is more than enough content. I liked the DLC, especially its separate story, new characters, and the different atmosphere of Dogtown. Some of the side quests in the base game are also surprisingly memorable.

There are quite a few different endings, and you shouldn't really expect a typical happy ending. Depending on your choices, things can turn out very differently, and some of the endings are pretty harsh. I think that fits the Cyberpunk setting quite well.

There are also plenty of ways to build your character. Out of all the cyberware and different builds, Sandevistan was probably my favorite. Slowing down time and taking out enemies up close never really got old. You can also focus on guns, stealth, hacking, or mix different playstyles together.

After playing for a lot of hours, some activities definitely start to feel repetitive, and a few mechanics could have been deeper. There are also still some small bugs and weird moments from time to time, although I never had anything serious that actually stopped me from playing.

And the radio deserves a mention too. I listened to 98.7 Body Heat a lot while driving around Night City, and *Who's Ready for Tomorrow* fits the atmosphere perfectly.

Overall, I enjoyed it. After finishing almost everything the game has to offer, I'd say Cyberpunk 2077 is a really solid RPG, but I wouldn't call it perfect. The city, characters, music, and Phantom Liberty all work well together, and in the end it mostly comes down to whether you like the setting and the kind of game it is.
",True,1788180220,0,18.746875
234157730,76561199269685418,0,3377,3428,"Very average game, not worth the price",False,1788179128,51,18.75951388888889
234157193,76561198878754205,0,704,2401,"Liked it
",True,1788178496,1697,18.766828703703705
234156541,76561197971331716,1103,229,1902,"One of the best cyberpunk (the genre, not the specific IP) games I've ever played. Logged WAY more hours on this than my steam profile shows. :)",True,1788177861,1673,18.774178240740742
234155155,76561198929126522,0,6392,6740,Meet Hanako at Embers,True,1788176282,348,18.792453703703703
234154838,76561198783039119,0,2760,2790,actual PEAK game,True,1788175916,30,18.796689814814815
234154824,76561198056662861,94,587,1070,"Cyberpunk 2077 is an incredible game. The story, characters, soundtrack, and Night City atmosphere are amazing. The gameplay is really fun, and there’s so much to explore. Sometimes there are a few minor bugs, but nothing that ruins the experience. Definitely one of the best open-world RPGs I’ve played. Highly recommended!",True,1788175907,483,18.796793981481482
234154233,76561199049729889,0,4566,5218,"PEAK
",True,1788175222,652,18.80472222222222
234153873,76561199865255020,0,1382,1873,kinda like 4 stars tbh,True,1788174768,491,18.80997685185185
234152874,76561199554523151,31,6852,9917,♥♥♥♥♥♥♥ beautiful,True,1788173539,3065,18.824201388888888
234151328,76561198155444998,0,4171,7273,hmmm...what does this button do?,True,1788171550,3102,18.84722222222222
234149401,76561198322939562,0,6667,8394,love this game.. played through a few times now and love it each time,True,1788168962,1727,18.877175925925926
234149252,76561199097916764,0,1847,1847,"Objective section:

1- the combat loop was extremely repetitive past the first 20 hours in the game, and not at all challenging.

2- The story is literally the illusion of choice meme, your choices make no difference in the grand scheme of things. You're just picking and choosing which bad ending you would like to get, I don't mind the endings themself, rather I mind that I am given a choice to make when it does not correlate to any meaningful result, ESPECIALLY since the game keeps shoving the story down your throat all the time, it is like you get to make a choice every couple of minutes I wasn't keeping track but I think I spent as much time talking as I did fighting if not more.

Visuals & audio were excellent.

Personal take:

I disliked that the inconsequential choices you are given were all you being a different shade of @$$h0le, I suppose this much is to be expected when you are playing a game where you are a thief, but I expected there to be someway to redeem your avatar. Sadly, as mentioned before, your choices are completely irrelevant and you remain the same person regardless of what you choose.",False,1788168710,0,18.880092592592593
234147956,76561198394941518,0,2523,2679,"It´s a good to great game at times. 
Sometimes the game can feel a little repetitive especially in gigs and side quests and at times a little underwritten but generally the gameplay and overarching main quest make up for it.  now and again the game peaks your interest when  you with a find well written interesting quest that catches you off guard.

On a technical level it is a very well optimised game , the game runs quite well on my 4070super with path tracing obviously using frame gen and DLSS quality .  The DLSS and Frame gen feel natural and not affecting the visual image that much, like i said, well optimised.",True,1788166818,156,18.90199074074074
234147640,76561199521486020,47,10873,16425,Recommended,True,1788166345,5552,18.907465277777778
234145699,76561198824462440,0,3109,3109,royayi,True,1788163510,0,18.940277777777776
234145619,76561198977651761,211,9103,9500,this game is fun if you likes games that are fun,True,1788163420,397,18.941319444444446
234144492,76561198649920562,0,277,277,Good！,True,1788161757,0,18.96056712962963
234143765,76561199378790668,29,4866,5591,What can I say. This game is peak. Life changing even,True,1788160586,725,18.974120370370372
234143344,76561198827785841,0,11221,11611,godddd i love this game,True,1788159935,390,18.981655092592593
234142417,76561198014987663,0,25180,26137,10/10,True,1788158468,957,18.99863425925926
234141954,76561199248824564,0,22535,23412,best game ever ewk,True,1788157758,877,19.006851851851852
234141702,76561199869177539,97,6454,7048,best game ever still on my first playthrough working on 100% then ill do it agan but with phantom liberty i love this game so much i need more games like it,True,1788157338,594,19.011712962962964
234141407,76561199137146749,0,2693,4465,Nice Game,True,1788156803,1772,19.017905092592592
234140623,76561198346510653,0,2618,2628,DLC is worth it,True,1788155495,10,19.03304398148148
234140398,76561198072439802,0,5900,5900,"This game is like a benchmark for your PC, it has all of the fancy stuff, ray tracing, etc. Best image quality no doubt about that, but you better have a strong enough PC otherwise you're gonna struggle, even my RTX3090 would stutter at 1440p without cranking up the DLSS all the way up to performance.

At first it was buggy but not anymore, the story makes you feel like you're watching a movie, I rarely purchase DLC but this one I didn't even hesitate. Definitely worth owning, Highly Recommended!",True,1788155017,0,19.038576388888888
234139834,76561197995164919,0,4168,4168,Basically if GTAV had less depth and an xp bar.,False,1788154119,0,19.048969907407407
234139798,76561199189904392,99,6256,6311,"One of the most formative games of my life.

Rough release, No Man's Sky level support. As proven just a week ago, CD Projekt Red love their games and maintain them.

World:
The world is by the far the best thing about this game. This world feels lived in more than any other game I've played (even skyrim and the witcher). The reason isn't technical implementation or density (it loses on both of those). It's alot more about feeling like you TRULY occupy the world. It does not care for you at all. In fact, it would love if you were dead. 

From lighting to worldbuilding through natural exploration through story narratives, probably one of the best worlds of all time.

Gameplay:
Ask any of your friends, they'll say this game truly lets you do ANYTHING. This game does not require you to be good, just to be creative with how you approach things. This not only ties into story narratives but it also just allows for all different types of playstyles that also can very positively affect your experiences.

Gunplay is good, melee combat is awesome, netrunning is even more awesome, stealth is EVEN more awesome.

The non-linear design of some objectives inside of missions and the level of thought put into how a player approaches thing is just... unreal.

Story:
This is where the story kind of chokes and then does a 360 backflip into 10 sommersaults. You will not believe how good the story gets sometimes. The emotional beats, overarching goals, character writing, narrative cohesion and pacing is immaculate. The game truly feels like it respects your time as a player and doesn't drop infinite lore but that's also an option! Over 1000 pieces of lore to be read throughout the game. ON TOP OF THAT, it also is long enough that it truly feels like a struggle to get to the end (in a good way).

I'm not going to bore you and write 60 pages of nothingburger. 

Buy the game, 
play it, 
watch the show.

Thank you for reading choom",True,1788154059,55,19.049664351851852
234138803,76561199368762057,0,5168,8901,Great game,True,1788152422,3733,19.06861111111111
234137789,76561199135259099,217,4325,4330,"After years of hearing about this game's absolute flop of a launch, and how it's ""better now"", I finally bought the game and played it. This is one of the best games I think I've ever played. So many parts of this game feel so alive and soulful. You can absolutely see the heart the devs put into the game over the years, and as of the current update (2.31), it feels truly complete. 

The main story is somewhat short after act I ends, but with the intrigue and all sorts of gigs and jobs the world presents to you, it's rare to find yourself actually doing the main story with how much there is to do.  

I will admit there are still a fair amount of bugs and kind of issues I ran into throughout the game. Multiple times when calling my car, it would be flipped upside down, clipped into the ground, or one time it even just fell through the ground into the abyss. Aside from that the game played flawlessly and looked great even at lower settings. 

V and Johnny are in my opinion, such amazing characters, V really feels like an outlet into night city. V is already their own character, but there's enough variation in dialogue options and V's lifepath that your V feels like YOUR V.

Phantom liberty as well was such a trip. A lot of the gigs you get are similar to the main game's ones, but the main story takes on a different kind of story style which personally, I didn't think the game would take. It absolutely fit with the story of the game as well as the themes, so it's absolutely worth the money if you can get it, plus a lot of the weapons you can get out of it are so fun and useful. 

After the endings of both the main game and the DLC, I just had to sit there and just process what I played. None of it was because the ending I had gotten was bad, but because I wondered if there was anything I could had done to make things better for these characters, but as the game tells you. 

In Night City, there are no happy endings.",True,1788150839,5,19.08693287037037
234137589,76561199014205073,0,3657,5036,great game,True,1788150528,1379,19.09053240740741
234137587,76561199122278725,0,2077,4214,"Very fun game! Love the story, got pulled in through Cyberpunk Edgerunners!",True,1788150524,2137,19.090578703703702
234137322,76561198310996578,211,7631,7631,"I was someone who felt pretty vindicated when this game released thinking the game was probably not gonna be very good. But after seeing the updates and the DLC be talked about positively, and wanting to play and having already bought Witcher 3 I decided it was only fair to also play through Cyberpunk. I prefer this and enjoy it so much more to Witcher. Maybe I just am someone who likes shooting guns instead of swinging swords, but this game might go down as a favorite of mine. I have issues, some bigger than others, about every faucet of this game. But the art and emotion that's here kind of outweigh those complaints. The music has quite of handful of great tracks and the style of the whole game really stands out. It's pretty easy to just mess about and treat the experience as a curated sandbox to enjoy. There is still something special here that has yet to be explored and I hope CDPR finds it, whatever it is. I look forward to seeing if any of the new Witcher stuff is good and of course, Cyberpunk. For now, I've been marked for life by this game.",True,1788150144,0,19.09497685185185
234136477,76561198212386393,374,8245,10657,GG,True,1788148881,2412,19.10959490740741
234136030,76561198156895928,61,3653,4090,best game ever + phantom liberty peak,True,1788148228,437,19.11715277777778
234135875,76561199034294176,0,7325,7325,Favorite Game of all time amazing 10/10,True,1788148006,0,19.119722222222222
234135832,76561199678972631,318,5285,5329,W game,True,1788147939,44,19.120497685185185
234135479,76561199107017870,77,5049,6405,,True,1788147424,1356,19.126458333333332
234135234,76561198113107471,0,12468,12468,I GOT TOUCH AND DIDDLED EVILY BY MEREDITH STOUT AND SHE IS NOT A BADDIE,True,1788147084,0,19.130393518518517
234134611,76561198665413570,0,854,936, good visuals. good story,True,1788146238,82,19.140185185185185
234133204,76561199310056056,0,941,3213,adam smasher who?,True,1788144421,2272,19.161215277777778
234132566,76561199822355873,0,1121,2985,its really fun,True,1788143643,1864,19.170219907407407
234132562,76561199105713082,0,5632,11087,peak,True,1788143640,5455,19.17025462962963
234132289,76561198247542926,0,4289,7267,"i don't like story games that much but holy moly the world building and voice acting is amazing, fun stealth/shooting/hacking gameplay, now my go to game to chill and do a couple missions I've never seen before after 75hrs of gameplay",True,1788143240,2978,19.174884259259258
234132137,76561199860522337,0,1387,7556,it's fun,True,1788143066,6169,19.176898148148148
234131869,76561198085888710,115,3560,4752,Beautiful game and storytelling. What a comeback.,True,1788142729,1192,19.18079861111111
234130869,76561199275923057,0,2920,3573,great,True,1788141482,653,19.195231481481482
234130817,76561197971039282,1070,249,316,This is a great game.,True,1788141407,67,19.196099537037036
234130590,76561198007362004,0,19432,21670,"The game mechanics are fun, good replay value. Only real thing that is disappointing is that the background you pick at the start of the game has no real impact other than dialog. Would be nice if your background influenced the game more.",True,1788141117,2238,19.199456018518518
234130272,76561199213264501,0,5404,5938,"bought the game twice, once on console

both times i played so much i started seeing the hud in real life

10/10",True,1788140710,534,19.204166666666666
234129333,76561199082376224,85,2056,2056,"Jogo muito bonito, ainda tem alguns bugs porém eu escolhi relevalos, a história é muito cativante e infelizmente em night city não existem finais felizes. Foi uma ótima gameplay, recomendo muito.",True,1788139530,0,19.217824074074073
234129317,76561198252526480,79,5409,7783,I'm a mechanical Kangaroo :D,True,1788139515,2374,19.217997685185185
234129293,76561199811443772,53,3284,3504,Lwk this game has been pretty nova choom. But the only flaw is that it crashes during transition cutscenes but besides that this game has some serious iron w a bunch of diff weapons which u can add stuff too which makes the guns/melee in this game better in my opinion. This games skill tree is genuinely one of the best i have seen in rpgs too. Overall this game has got me hooked and i will def do multiple playthroughs.,True,1788139489,220,19.218298611111113
234129208,76561199885284498,0,6375,6501,"I never liked games with level systems, but this one is just so much fun gameplay and story wise. Still i would say the gameplay is the most fun part about it, with almost endless possibillities in your build and preferences. Definitely consider buying!",True,1788139383,126,19.219525462962963
234129022,76561198855709619,681,13972,14307,"HOLY MOLY this game is huge! You have to play for several weeks or even months (depending on the length of your session) to explore various options, dialogues, endings etc,. The game is very immersive even though, having done 3 full playthroughs of base game and 2 of the expansion, i managed to see more bugs with every playthrough. Gladly, saves weren't corrupted but i had to reload a couple of times.
At some point the game transforms into an Alien:Isolation which was absolutely unexpected after playing the game as a cyberpsycho with gorilla arms and mowing down armies of enemies. Not using fast travel is the best decision you can probably make. Moreover, walking to the target, rather than driving, allows you to immerse yourself on an amazing level. The details you will notice, the atmopshere and vibes along with them, are 100% worth it. It's quite easy to be burnt out of so much content so one's gotta prepare oneself to make a decision whether you're playing for the story or for evetything the game can offer you.
A bit mad about fps drops in dogtown but whatever. 
One thing i realized is how much can be added, transformed or changed in this game, the city to be particular, so i can't wait for the sequel even if it's gonna be a different city cuz i know for sure it will be deep and expansive!",True,1788139182,335,19.221851851851852
234128989,76561199072516770,0,7209,7585,peak.,True,1788139147,376,19.222256944444446
234128830,76561199525046061,0,4114,4284,gud,True,1788138940,170,19.224652777777777
234128762,76561199111117191,0,6895,8610,"100% recommend to anyone looking for a beautifully done action, story, romance, cyber world with everything you could want in it. Its my new favorite game. absolutely obsessed.",True,1788138858,1715,19.225601851851852
234128661,76561198207421619,0,15721,16130,Path tracing is gorgeous!,True,1788138741,409,19.226956018518518
234127974,76561199247386862,247,8497,20578,"Cyberpunk 2077 is one of those games that gets better the more time you spend in it. Night City is absolutely incredible — the atmosphere, lighting, music, characters, and attention to detail make the world feel alive.

The story is fantastic, and the characters are easily one of the best parts of the game. There are so many memorable moments and side missions that feel like their own little stories rather than simple filler quests.

The combat and character progression are also really fun. Whether you want to use guns, blades, stealth, hacking, or a combination of everything, there are plenty of ways to build your character and play the game your way.

The visuals are still amazing, and driving around Night City at night with the music playing is an experience by itself. 🔥🌃

After all the updates and improvements, Cyberpunk 2077 has become an incredible open-world RPG. If you haven't played it yet, definitely give it a chance.",True,1788137914,12081,19.236527777777777
234127835,76561198332180753,157,22693,22693,good,True,1788137747,0,19.23846064814815
234126538,76561198389955615,0,8339,8348,"Very fun and good story. Basically no bugs these days, the dev team never gave up on it.",True,1788136189,9,19.256493055555556
234126288,76561198019322078,282,3764,6821,peak.,True,1788135911,3057,19.259710648148147
234124466,76561199085521389,0,3570,4792,normally i hate singleplayer games but this actually has an entertaining plot and a lot of stuff to do,True,1788133753,1222,19.2846875
234124366,76561198001655434,0,2472,2472,"Guys if you want to play this game I just want to warn you of a couple of things:

1) There are these teleporting zombie guys that are basically impossible to kill and they mess up your quests so juust try to avoid them (they are usually in an alley or whatever and there are (human) carcasses everywhere so if you see that just turn arouind and pretend nothing happened. 

2) Sometimes in this game the players use slang and it can be hard to keep up with because the slang is not like IRL slang (and I would know because I often use slang) like sometimes they say they have to delta or they call each other shrooms (this one might be a mario party reference but I havent looked into it to confirm) 

3) Theres this annoying dude that keeps popping up and making unhelpful comments. I havent found a way to turn him off yet so if you do please add me on steam to help. He kind of looks like penguin zero from youtube shorts but with a metal arm .

4) you can basically ignore all the side quests like the one with the tattoo lady or the one with a police officer and a farm of people. They basically go nowhere and there is no good loot at the end so you pretty much feel taken advantage of and its not worth the effor.t 

Thenks for reading my review; overall the game is good.",True,1788133622,0,19.286203703703702
234123582,76561198357237967,0,916,3185,i love cp 2077,True,1788132755,2269,19.296238425925925
234123554,76561198149161014,102,9197,9197,One of the most immersive game in the modern gaming era.,True,1788132721,0,19.296631944444446
234123347,76561198095282532,95,514,545,The graphics are insane,True,1788132486,31,19.299351851851853
234122550,76561199139182752,166,9699,9699,"A thing of beauty, I know
Will never fade away
What you did to me, I know
Said what you had to say
But a thing of beauty, I know
Will never fade away
And I'll do my duty, I know
Somehow I'll find a way
But a thing of beauty
Will never fade away
And I'll do my duty

WILL NEVER FADE AWAY",True,1788131595,0,19.30966435185185
234122001,76561198241268812,0,16259,17315,"Best game ever to be made imo. Idgaf about everyone's complaints about, ""Oh when it first came out it was sooo buggy."" Shut the ♥♥♥♥ up. You chose to rush the developers for a product that was not ready. When they delivered you chose to whine and complain. Get over yourselves. This game is magnificent, filled with hundreds of hours of content.",True,1788131052,1056,19.315949074074073
234121866,76561199580194939,0,1439,2212,"First person makes it feel crazy immersive, goated environment, goated combat, great story, just play the game.",True,1788130922,773,19.317453703703702
234121266,76561199586890737,14,475,1302,Best game ive ever played,True,1788130296,827,19.324699074074076
234121105,76561199219327707,23,1555,2100,i banged every stripper in night city and i can confirm they are all hot,True,1788130119,545,19.326747685185186
234120856,76561198023950641,0,801,801,Although it does restrict you into a role as a mercenary antagonist in the world it does what it does very well. I'd love to see a more open RPG version of this one day.,True,1788129874,0,19.329583333333332
234120539,76561198070173266,266,3756,3756,"Cyberpunk 2077: Ultimate Edition — 4.5/5

Finished every ending, and honestly, I still think the Arasaka ending from the base game is the strongest one. Not necessarily because it is the nicest, but because it feels the most Cyberpunk. The quality, the atmosphere, the way it leaves you sitting there for a minute after the credits — it just fits this world perfectly.

Phantom Liberty is great too. It adds a cool new storyline, memorable characters, and another possible ending. But I personally don’t really understand the more “happy ending” direction. In a world like Cyberpunk, I don’t think a truly good ending should exist. It makes things feel a little less brutal and believable to me — although that may just be my own problem with it.

Also, I need to mention that one DLC section where you have to run from the robot: I was so annoyed I genuinely considered dropping the game. Absolute nightmare fuel, not in a fun way.

Still, the game itself was nearly perfect for me. It ran flawlessly from start to finish: no bugs, no crashes, no weird technical problems. The graphics are insane and probably among the best I’ve seen in any game. Night City’s lighting is on another level, and the music constantly makes even a simple drive through the city feel important.

Base game: 4.5/5
Phantom Liberty: 4/5
Ultimate Edition overall: 4.5/5",True,1788129578,0,19.33300925925926
234120191,76561197962874689,334,4128,4188,great game,True,1788129248,60,19.336828703703702
234119906,76561198167311532,0,12742,15585,banger,True,1788128966,2843,19.340092592592594
234119715,76561198226090304,0,3003,3083,its not a easy game but fun to play,True,1788128802,80,19.34199074074074
234119681,76561199249146250,39,1908,4461,genuine peak fiction,True,1788128768,2553,19.34238425925926
234119454,76561198986764751,32,8666,8679,"Je suis content de terminer ce jeu pour la dernière fois. J'ai acheté ce jeu sur l'horrible epic game store à sa sortie ainsi que le dlc. Bien qie j'ai payé ces derniers au prix fort, cela ne m'a pas empêché de vouloir rendre hommage une dernière fois à mon œuvre préférée en terminant tous ses succès. Même si j'avais deja terminé le jeu un bon nombre de fois, j'ai de nouveau été surpris par la qualité d'écriture de Cyberpunk.
Night City va me manquer mais il est temps de passer à autre chose.",True,1788128568,13,19.344699074074075
234119384,76561198125078155,661,969,1634,DELAMAIN MY GOAT FRFR,True,1788128502,665,19.345462962962962
234118771,76561199223218773,50,3965,6938,panam my love,True,1788127985,2973,19.35144675925926
234117941,76561199019967002,37,3003,3003,No happy endings,True,1788127265,0,19.359780092592594
234117690,76561199338557364,39,1923,3138,"amazing game, good storyline, great characters lots to do overall a 10/10. cars lowkey suck tho",True,1788127019,1215,19.362627314814816
234116967,76561199064581119,0,5177,9579,like the dude from the anime,True,1788126385,4402,19.369965277777776
234116739,76561198250072482,0,1293,2924,"Its an alright game, stories good until it abrubtly starts to end faster then it started. like youve got me running around creating the character and learning lore for 20 hours just to rip it all away in 2 missions over the course of like 45 mins, left me a little disapointed. the mission log on whats avalible dosnt do a good job differing from main story and side missions, along with having so many different missions all at once includig during other missions.",True,1788126200,1631,19.37210648148148
234116029,76561198173354642,0,4509,4509,Now its one of my fav games. One last gig...,True,1788125564,0,19.379467592592594
234113966,76561198392102449,191,2062,2062,caraleo.,True,1788123748,0,19.40048611111111
234113890,76561198247820210,0,14865,15192,"Great game on the current patch! A must play not only for cyberpunk fans, but anyone who loves amazing world building, compelling storytelling, and characters you can form connections with. You will not be disappointed with Cyberpunk 2077.",True,1788123682,327,19.40125
234112778,76561198047216776,0,6186,7711,"This is such a good game, the story, the ambient, the combat.. Everything is really nice. If you like cyberpunk this a must for you! And also, you can always use MODS :D

Have fun!",True,1788122763,1525,19.411886574074074
234112160,76561198078808449,0,11321,11321,"Cyberpunk 2077 is honestly such a special game. The world, the lore, the characters, the story, the soundtrack, Night City itself… everything about it just hits different. There’s so much depth, so many little details and so much meaning behind everything that it really stays with you. Some moments genuinely hit you hard and I don’t think any other game has ever given me the exact same feeling. It has nothing to envy from any other game, because Cyberpunk is completely its own thing. Huge thank you to everyone who worked on it, seriously. I feel lucky I got to experience this game and I genuinely can’t wait to see what comes next!",True,1788122277,0,19.417511574074073
234110979,76561198774173205,0,1413,1413,"fthe money and hype i heard this game was incredible, the graphics are good and all but the main story is really underwhelming",False,1788121318,0,19.42861111111111
234110366,76561198852846258,0,1869,3483,"I honestly have not even finished this game yet and all I can say is that it is one of the best I have ever played, this game is not only beautiful but also heart warming and heart breaking all at the same time, the combat is wonderful and the scenery is even better.",True,1788120831,1614,19.434247685185184
234108690,76561199118174967,0,9181,13115,this is like if gta and the best game you have ever played had a baby and the baby surpassed both of the parents in depth and world building.,True,1788119534,3934,19.44925925925926
234108532,76561199791308493,0,6650,7083,"this was the greatest game i have ever played. i genuinely loved the main story and the side gigs. combat was fun, dialogue options were fun, story was fun, open-world was fun. i have just completed the game and received the star ending, it was quite emotional. i definitely recommend this game. i just love it so much :)) 








thank you cuzzo for this amazingggg game!",True,1788119416,433,19.450625
234108328,76561198043767620,0,9722,9722,w,True,1788119239,0,19.452673611111113
234108259,76561199005260747,190,5528,5528,"---{Graphics}---
☑️ You forget what reality is
🔳 Beautiful
🔳 Stylistic
🔳 Good
🔳 Decent
🔳 Bad
🔳 Don‘t look too long at it
🔳 MS-DOS
🔳 You will get Eye Cancer

---{Gameplay}---
☑️ Very good
🔳 Good
🔳 It‘s just gameplay
🔳 Mehh
🔳 Watch paint dry instead
🔳 Just don't

---{Audio}---
☑️ Eargasm
🔳 Very good
🔳 Good
🔳 Not too bad
🔳 Bad
🔳 I'm now deaf

---{Audience}---
🔳 Kids
🔳 Teens
☑️ Adults
☑️ Grandma

---{Requirements}---
🔳 Check if you can run paint
🔳 Low
☑️ Medium
🔳 High end
🔳 NASA computer

---{Game Size}---
🔳 Floppy Disk
🔳 Old Fashioned
🔳 Workable
🔳 Big
☑️ Will eat 10% of your 1TB hard drive
🔳 You will want an entire hard drive to hold it
🔳 You will need to invest in a black hole to hold all the data

---{Difficulity}---
🔳 Just press 'W'
🔳 Easy
🔳 Easy to learn / Hard to master
☑️ Average (Depends on the difficulty set)
🔳 Difficult
🔳 Dark Souls

---{Grind}---
🔳 Nothing to grind
🔳 Only if u care about leaderboards/ranks
☑️ Isn't necessary to progress
☑️ Average grind level
🔳 Too much grind
🔳 You‘ll need a second live for grinding

---{Story}---
🔳 No Story
🔳 Like Playing ""Candy Crush"" For The Story
🔳 It's Alright
🔳 Well Written
🔳 Epic Story
☑️ It‘ll replace your life

---{Side Content}---
🔳 No Side content
🔳 A few there and there
🔳 Average
☑️ Quite a bit
🔳 The Elder Scrolls V: Skyrim

---{Game Time}---
🔳 Very short (0 - 5 h)
🔳 Short (5 - 15 h)
🔳 Average (15 - 25 h)
☑️ Long (25 - 60 h)
🔳 Very long (60+ h)
🔳 To infinity and beyond

---{Price}---
🔳 It’s free!
🔳 Underpriced
☑️ Worth the price
🔳 If it's on sale
🔳 Could Be Cheaper
🔳 Overpriced
🔳 You could also just burn your money

---{Bugs}---
🔳 Never heard of
☑️ Minor bugs
🔳 Can get annoying
🔳 ARK: Survival Evolved
🔳 The game itself is a big terrarium for bugs

---{?/10}---
🔳1
🔳2
🔳3
🔳4
🔳5
🔳6
🔳7
🔳8
🔳9
☑️10",True,1788119173,0,19.4534375
234106629,76561198392794550,0,5155,7414,"Feels like im 9 and playing skyrim again - or 17 and playing modded Skyrim SE.
Self explanatory, no? 
The best game ive ever been gifted.",True,1788117916,2259,19.46798611111111
234106248,76561199275589679,52,5367,5367,"Um jogo de mundo aberto, mas com uma temática incrível, as luzes neon, os carros retrofuturistas, os prédios gigantescos deixam a experiência imersiva. Entretanto, a melhor parte sem dúvidas é a história, apresenta uma das melhores histórias com inúmeros finais, explorando diversos personagens ao decorrer da jogatina. A jogabilidade é excelente, com várias propriedades e builds diferentes, cada uma com uma especialidade e rejogabilidade muito interessante. O jogo é grande se for explorar além das missões principais, dando umas 40 horas tranquilamente de conteúdo.",True,1788117645,0,19.471122685185186
234106114,76561199080782285,0,39930,39930,"At launch this game was buggy mess but now it's one of the best game to come out. And it's mods are great, but highly recommend to play it without mods first.",True,1788117535,0,19.472395833333334
234106084,76561198173351953,0,7588,7588,worth it,True,1788117511,0,19.472673611111112
234105676,76561198367120461,0,7782,10327,(,True,1788117182,2545,19.476481481481482
234104063,76561199158468815,45,3047,3047,"I'v finished Cyberpunk today and I have to say that this was an awesome story.

I do really recommend it for people who are in search of a story with alot of action and endless possibilities to choose from.

Absolute cinema.",True,1788115928,0,19.49099537037037
234103728,76561199229169713,0,12225,15019,♥♥♥♥ arasaka,True,1788115690,2794,19.49375
234103718,76561199134651680,174,11116,15188,"top 5 video games of all time 
game of the year worthy",True,1788115685,4072,19.49380787037037
234103645,76561198282749914,0,898,1780,"There's lots to do in this game, and Night City is a fun place to explore. I haven't gotten super far into the story as of this review because I've been focusing more on side gigs, but what I've seen from the story has impressed me. The characters feel like real people, and it's all very engaging. I also really appreciate the cross save functionality so I can bounce back and forth between PC and Switch 2 on the same save. More games should have this feature. Anyway, if your PC can handle the game and it seems interesting, I think you should go for it. It's really fun!",True,1788115628,882,19.494467592592592
234103608,76561199038385525,0,4537,7654,"fun, very fun",True,1788115600,3117,19.494791666666668
234103535,76561198355299804,0,478,478,"A rip off of Grand Theft Auto with a Cyberpunk skin. They didn't even bother to change the Hispanic gangs into more genre appropriate Asian ones. The characters don't look or feel very unique and instead feel auto generated rather than creatively developed. The storyline feels very disjointed and random, probably largely due to the nature of having an open world. What this game needs the most is better continuity to the main story. A dash more drama and mystery couldn't hurt either. And especially something to make the world and characters feel unique and more engaging. I want a town that I'd be excited to explore rather than just another cityscape.

From a technical standpoint this game also seems lacking. I have relatively good hardware and the narration is somehow always out of sync with the animation. The visuals are also choppy even when I turn down the graphics quality.

Overall the game feels like it was put together by somebody with ADD. There are all sorts of elements but none of them come together very well. There needs to be significantly more focus on the important parts: story, ambiance, and character uniqueness and depth.",False,1788115513,0,19.495798611111113
234102224,76561199749115888,0,3530,7052,yes,True,1788114544,3522,19.50701388888889
234102136,76561198792271139,0,2056,3521,"Great Game. Mine personal favourite. And works well on Mac.
",True,1788114479,1465,19.507766203703703
234102104,76561199758212007,0,3727,3737,its a good game just be careful with mods,True,1788114458,10,19.50800925925926
234101785,76561199188425206,45,6261,6261,I waited a long time to play this game and I’m glad I did. Really a once in a generation game. I loved every minute… I just wished they had given us more DLC.,True,1788114224,0,19.51071759259259
234101142,76561198038742744,0,38572,44941,"Minus the constant crashes, this game is great story wise and graphics wise.",True,1788113768,6369,19.51599537037037
234100296,76561198754148746,0,271,271,"The mechanics and the over all theme of the game is fun, also it is hard and makes it more fun.",True,1788113122,0,19.52347222222222
234099225,76561199744111425,21,2164,2426,Very good game highly recommend can play smoothly medium 60 fps with a 1070 and a ryzen 5 5500,True,1788112307,262,19.532905092592593
234097605,76561198061365680,0,5055,5168,Fantastic,True,1788111045,113,19.547511574074075
234097288,76561199846408928,0,1752,1752,one of funnest story game i Have ever played,True,1788110816,0,19.550162037037037
234097084,76561198201118017,0,11853,11853,"I waited till this year to download and play the game, glad i waited, the final product is superb what a cracking game, great plot and in game stories and the depth is special.
Also runs well even on my old spud of a computer 
rx580 gpu, 16gb ram, ryzen 5. 
No lag on above medium gpu settings so don't be afraid to install unless you've a worse gpu or ram than above.
Just updated my pc and reinstalling now",True,1788110666,0,19.551898148148148
234096361,76561199482462660,123,2629,5138,when you can run it its really fun,True,1788110115,2509,19.558275462962964
234095768,76561198337403378,238,24005,24044,"Easily my favourite single player game, very great open world with lots of different small storys to discover. And the modding scene is huge, can absoutely recommend on sale",True,1788109675,39,19.563368055555557
234095447,76561198027059536,0,7695,8412,"I play game, me no like first time play. Many moons pass and I like again after try once more. Pretty looks, story like I do. Get you, Should I think do get it.",True,1788109429,717,19.56621527777778
234094759,76561199676934971,0,2016,8534,Good game open world super amazing graphics and story,True,1788108895,6518,19.572395833333335
234093236,76561198724127178,0,3226,9314,"honestly this game did not fail to exceed my initial expectations. from the moment i jumped into the world for the first time, to all the engaging , and very creative side missions and events etc. the gameplay is very smooth, the driving does feel janky i will admit, but you get use to it over time. there are so many different ways you can play as far as builds, but just know you can only reset your attribute points once, so use them wisely. overall my experience playing on a high end pc was amazing, the graphics look beautiful on this game truly. its easy to just get lost in the scenery sometimes during missions and what not, but that's what its all about. also this game has cool apartments, and i definitely love the vehicle designs too. 10/10.",True,1788107757,6088,19.58556712962963
234092296,76561198388006624,0,4252,4252,"[h1]PEAK[/h1]

The worldbuilding of Cyberpunk 2077 alone justifies buying this game. Cyberpunk does an amazing job of letting the world speak for itself on themes that are incredibly relevant in the modern day, such as the effects of corporatism on society, the implications of artificial intelligence, and touches even on mass surveillance and climate change, through the primary narrative of V's story, the various side quests, or the environmental storytelling from various items and story bits scattered around the map. Outside of its commentary, all the elements within the game, from body modifications and cyberpsychos to the way the encounters and city are set up just ""make sense"" in a cohesive way. The more you explore Night City, the more real it feels, which is an impressive feat for a game of this scope.

Outside of this, Cyberpunk does an amazing job of getting you invested with the main characters of the story, all of which are incredibly fleshed out with their own nuances and personalities. The atmosphere of the game is incredible: I've often stayed up late at night without realizing it because I got too invested in driving down the main highways at night with Body Rock Radio blasting in the background.

The passion and attention to detail that CD PROJEKT RED has put in this game makes Cyberpunk 2077 a masterpiece of both the open world and cyberpunk genres. What an incredible ride, and what an incredible labor of love.",True,1788107035,0,19.593923611111112
234091671,76561198159084197,202,77,77,gene,True,1788106581,0,19.59917824074074
234091333,76561199545937845,0,13272,17908,playing this game feels like living in the big 26 but I can have kick ass swords in my fore arms type ♥♥♥♥.,True,1788106332,4636,19.602060185185184
234091249,76561199192519285,0,9489,9524,very good game,True,1788106253,35,19.60297453703704
234091088,76561199783553269,0,234,442,"I just started playing. It seems like a fun game with great graphics. I wanted a game that could test my system and this was recommended. The first few missions were fun. It took a while to set up the x,y axis setting that I prefer.",True,1788106143,208,19.604247685185186
234091028,76561199228470122,64,306,2859,"if you like fast paced games this isnt for you, its has a good story but pretty confusing for a first story game",True,1788106105,2553,19.6046875
234090033,76561199206160760,0,20390,20390,"very enjoyable and satisfying gameplay and progression system, wonderful protagonist setting, only complaint being main story questline too short",True,1788105387,0,19.612997685185185
234089341,76561198375090555,86,606,1427,fun,True,1788104889,821,19.618761574074075
234089212,76561198755566082,0,1679,1679,"The amount of times I've cried because of the story is almost as much as RDR 2.

This game has the most extensive lore I've ever seen on a game muy buen",True,1788104808,0,19.619699074074074
234088420,76561198038600725,0,1925,3077,GREAT GAME,True,1788104235,1152,19.626331018518517
234087246,76561198102881632,142,3220,4052,She cyber on my punk 'till I 77,True,1788103340,832,19.636689814814815
234087186,76561198386426544,0,3408,3408,I want Panam 10/10,True,1788103294,0,19.63722222222222
234086352,76561199379710887,0,783,2586,Peak,True,1788102655,1803,19.644618055555554
234086022,76561198850471995,0,6509,7121,One of the most visually pleasing open world games i have ever have the chance to play.,True,1788102439,612,19.647118055555556
234083594,76561198967921939,216,3110,3110,"what an experience! night city felt so lively all the time and it's always got something to offer! the story was phenomenal and johnny by the end of it felt like an actual friend I had made, 10/10 game would play again",True,1788100651,0,19.6678125
234083542,76561199101612336,0,3754,4022,Game is the perfect meaning of mid .. story felt too short...graphics are very great ... but the world dont have a life ... onlt worth it if tou get it for all time low price,False,1788100607,268,19.66832175925926
234081556,76561198749872116,0,227,1287,one of the best story games ive ever played,True,1788099067,1060,19.686145833333335
234080543,76561198958091540,0,2957,3482,"Some bugs every now and then that require me to restart or reload the game, and some moments where my FPS drops to single digits despite having pretty good hardware. 
However, game is incredible. Easily on of the best games I've ever played.",True,1788098291,525,19.695127314814815
234080304,76561198121122352,0,14712,14712,"I finish the game.The game caused a massive crash on my PC, untill now they remain after effects with my key board, but now It 's ended,final very disappointing(I choose to trust Hanako).The thing that make me crazy is than a simple warning about setting graphics to a medium level would have avoided the chain of pernicious events that ensued.I do not play that again or buy Phantom liberty .Sorry but ""the juice isn't worth the squeeze""",False,1788098084,0,19.697523148148147
234080174,76561198860824899,86,1401,1401,"So so worth it, buy it when you can",True,1788097971,0,19.69883101851852
234077011,76561198401030912,254,7377,7377,"[hr][/hr]
[b]✦ Bolesław Leśmian | ""Why so many candles...""[/b] 
[hr][/hr]

Why so many candles, these faces above me?
No more harm shall ever meet my body.

Everyone is standing - while here alone I lie -
Grieving, feigning. One must be true when one must die.

And so, buried under these wreathes of leaves, I lie -
Solemnly - Agelessly - Solitarily.

Death, gone silent, once again rushes to my head,
Though by now I know all comprehension is dead.

How I loathe to become accustomed to this grave,
To be what I once was - that is all I crave.",True,1788095391,0,19.72869212962963
234075881,76561198817872678,197,5773,9135,"V stepped into the crowd, taking in the eddies at The Afterlife: Heywood. Known for their standout zeroing gonks moments, they kept it effortlessly nova in a look worthy of Johnny Silverhand.",True,1788094418,3362,19.739953703703705
234075322,76561199086652236,0,23222,23222,Its perfect...,True,1788093954,0,19.745324074074073
234075316,76561197988851011,153,7180,7845,Gameplay and graphics are top notch,True,1788093948,665,19.74539351851852
234075202,76561198055488180,0,22444,22458,yep,True,1788093849,14,19.74653935185185
234074250,76561199404804002,15,4206,7597,PERFECT,True,1788093033,3391,19.755983796296295
234073917,76561198740452052,59,8415,9323,peak.,True,1788092751,908,19.759247685185183
234073859,76561199070575402,0,17114,18410,"honestly i never played the broken release, but did play 2.0 and was great, and then 3.0 came out and despite breaking my other character builds, this update was oh so sweeter, and through in phantom liberty, ""chef kiss""",True,1788092695,1296,19.759895833333335
234072595,76561199853382209,0,1317,1438,panam got a tank on her,True,1788091621,121,19.77232638888889
234072448,76561198972194106,0,1154,1473,"Good immersive game...you will lose track of hours
",True,1788091495,319,19.77378472222222
234072120,76561199601054397,0,2083,2392,"Really slow start but once it gets going, tons of fun.",True,1788091142,309,19.77787037037037
234072049,76561198874535624,0,4749,4763,Game corrupts saves after updates and is still a buggy mess.,False,1788091084,14,19.778541666666666
234070760,76561199078087737,0,8731,9314,"amazing game, with a full refresh of story with phantom liberty. One of the best games I've played.",True,1788089844,583,19.792893518518518
234070754,76561198289984803,0,2697,3360,Took me a long time to finally play this game and I'm glad I waited until after the updates. Easily joins the list of favourite games!,True,1788089838,663,19.792962962962964
234070715,76561198806890798,0,26922,26922,"Let us go then, you and I,
When the evening is spread out against the sky
Like a patient etherized upon a table;
Let us go, through certain half-deserted streets,
The muttering retreats
Of restless nights in one-night cheap hotels
And sawdust restaurants with oyster-shells:
Streets that follow like a tedious argument
Of insidious intent
To lead you to an overwhelming question ...

Oh, do not ask, “What is it?”
Let us go and make our visit.",True,1788089806,0,19.793333333333333
234070392,76561198756028062,0,2963,3566,ABSOLUTE CINEMA!!!,True,1788089495,603,19.79693287037037
234070251,76561198982464125,0,646,646,Story 10/10,True,1788089362,0,19.798472222222223
234068867,76561198755953146,0,696,854,"good game, runs good on my pc with dlss and rt",True,1788088043,158,19.813738425925926
234068729,76561198072445572,0,5311,6698,What! Have you not played this yet? If its on discount just get it choom.,True,1788087892,1387,19.81548611111111
234068486,76561197962370676,0,1828,2054,"Great story and variety in gameplay, you already know this. Performance is great especially with latest nvidia drivers and ray reconstruction",True,1788087649,226,19.81829861111111
234068373,76561199887598646,10,11041,11188,"Probably, the third best thing that came out from Poland after Zabka and The Witcher 3. Played it for a year and and off and would play one more. Great story, lots of endings, lots of fun, lots of sad moments, lots of cool NPCs that I wish were real like Panam please please please become real. 
Not a hard game combat wise but nevertheless exciting. Just wish that stealth part of it was a bit more diverse.
Recommend!",True,1788087547,147,19.819479166666667
234067923,76561199890016065,22,3512,4033,great game,True,1788087060,521,19.825115740740742
234065257,76561198757443573,0,4777,4791,love the jiggle phisics,True,1788084381,14,19.856122685185184
234065194,76561199863812669,39,4025,4924,"boobs, much boobs",True,1788084306,899,19.85699074074074
234063737,76561199619279136,0,247,628,"still got a few bugs in the game, but overall this game have improved over the years. definitely recommend for people that wants a beautiful futuristic and action packed game",True,1788082802,381,19.87439814814815
234063664,76561198306808783,0,491,491,"I've played only a little over 8 hours by the point I began writing this review. Here are my thoughts:

Pros:
This game looks amazing, it has a great voice acting, sfx and music. Character customization is unbelievably vast and really thought through. The setting is interesting, some of the mechanics I've come across so far are also good (like different origin stories for your character, etc.). There seems to be a lot of things you can do, but I can't really judge that, since I've only played it a little and couldn't properly explore the entire game. Story overall also looks promising, although I can't really judge that either with 8 hours of gameplay.

Cons:
Now to the cons, which for me are currently overweighting the cons. The game feels clunky. The driving is awful, it is probably the worst driving I've seen so far, feeling even worse than FC3, which already was a pain in the ass for me. The gunplay is massively underwhelming in my opinion. Like how the hell am I dumping 3 shotgun mags into someone's head and they are still alive? Enemies are extreme bullet sponges and that just ruins the experience for me. Also, the guns feel really unresponsive and the melee is just sliding around the room, slashing at people without much depth. The dialogues are really long and ""draggy"". The quests so far have not really felt rewarding and were rather boring. Some of the mechanics, like braindancing, were just straight up immersion-breaking for me. It took so long to finish the first braindance quest that I straight up don't want to ever experience it again. It was an interesting idea, I don't deny that, but overall it just feels dull. 

With that being said, I currently can't recommend the game. I wish I could give it a neutral score, especially since I can see the good things it has to offer. I really wanted to give it a shot and like the game, but I currently don't have enough time on my hands to force myself into playing a game that doesn't really entertain me, hoping it gets better soon. It is my personal preference though and I can deffinitely see why some people love this game so much. For me, it just didn't feel worth to continue.

I am a huge CDPR fan, especially because of The Witcher games, in which I've invested hunderds of hours across different platforms, but these games just felt rewarding, the story was gripping, the setting was even better (for me personally) and I didn't mind spending so much time on it. With Cyberpunk2077 I can't really say the same. Chances are that I will eventually change my review later, if I ever get to a point of giving it another shot, in the future, but currently I will just leave it be.",False,1788082721,0,19.87533564814815
234062454,76561199803127697,4,6043,6053,masterpiece,True,1788081472,10,19.889791666666667
234062419,76561199654128571,0,11164,15643,greatest story game oat,True,1788081428,4479,19.890300925925924
234061042,76561199121122089,256,5258,5548,"i tried when it first came out then after it got better, then again after i got it for my laptop, and now finally on PC now and a buddy wouldn't stop telling me to play it, so i did and ♥♥♥♥♥♥♥♥♥ its amazing, i'm so glad he bugged me into it",True,1788079908,290,19.90789351851852
234059699,76561198129789580,0,2333,2434,really nice looking game,True,1788078415,101,19.925173611111113
234058311,76561199231771266,104,6989,7555,changed my life 11/10,True,1788076793,566,19.94394675925926
234057036,76561198208600887,0,2271,2475,An absolute must play for anyone that loves Cd Projekt Red,True,1788075313,204,19.961076388888888
234054578,76561198081245245,550,12784,12784,"Over 213 hours of total play time for an ending that made every second of it feel like a total waste. I've never felt so bitter after finishing a game. Dunno if the ""secret"" ending was supposed to be the best or not, but it was so ♥♥♥♥♥♥♥ terrible that I have no desire to put in the work to see what the others are like.",False,1788072357,0,19.995289351851852
234054521,76561198194372231,0,1032,4308,Bang,True,1788072284,3276,19.99613425925926
234054349,76561198777815467,1,3765,6444,"I’ve played 200 hours on Ps5. It looked amazing. I’ve been playing the steam version through GeForce Now. The graphics are next level. It’s on a tier of its own. And Phantom Liberty, My God, it’s Peak RPG.",True,1788072071,2679,19.998599537037038
234054165,76561198681433417,0,1836,3846,genuine one of the best games of all time,True,1788071831,2010,20.001377314814814
234053625,76561198012700014,0,6157,6176,"The Cyberpunk dystopia we wanted to live in, but not the one we got rn. 10/10 crazy how a bleak setting looks better than real life rn",True,1788071121,19,20.009594907407408
234053402,76561199621044216,0,3715,4068,Great game. Amazing story. Runs well with or without framegen,True,1788070838,353,20.012870370370372
234052448,76561199806983262,0,7500,8053,great,True,1788069686,553,20.026203703703704
234051280,76561198129097337,0,6012,6311,"Very immersive, great story",True,1788068493,299,20.040011574074075
234050841,76561198060319683,0,15076,17224,best game of the decade,True,1788068024,2148,20.045439814814817
234049945,76561198262715135,0,23914,24151,"i bought this game when it had severe bugs and issues but that time i still loved the game the story in fact during that time i picked the saddest ending, a ending that was just eye opening, to this day i would recommend this game especially now, the new dlc is amazing adds quit a bit of content, the mods you can find on nexus makes this game, just a constant replay-able fun house.",True,1788066854,237,20.05898148148148
234049723,76561199013161594,93,3649,4310,"Beat the game, got the star ending, Got getback for johnny, living out the rest of my life with panam. 60 hours of my life in this game and is gonna be more because of the DLC. ♥♥♥♥♥♥♥ love this game. 10/10",True,1788066552,661,20.06247685185185
234049603,76561198778292541,0,668,3017,peak,True,1788066436,2349,20.063819444444444
234049202,76561198168844952,0,493,568,O jogo é bom e vicia hahahaha,True,1788065943,75,20.069525462962964
234048109,76561199226791548,66,6207,6207,🔔,True,1788064636,0,20.084652777777777
234047977,76561198771459410,0,2239,4141,very great game I love this game after watching edgerunners to absolutely body smasher on very hard and its even better with mods,True,1788064462,1902,20.086666666666666
234047775,76561199103410958,0,6129,7027,wish the dlc also get like... 90% discount,True,1788064201,898,20.0896875
234047502,76561198317725930,0,472,485,Good game but can be long to complete,True,1788063875,13,20.09346064814815
234047254,76561198334100699,0,397,558,fun,True,1788063598,161,20.096666666666668
234046127,76561199556836415,0,217,471,yey.,True,1788062146,254,20.11347222222222
234045657,76561199197728258,0,685,3184,"This game truly suuuuuucks. All you do is just die.
There's nothing to explain what you are supposed to do and you immediately get attacked if you get in a car. Try to drive ANYWHERE, and you just die. I wish I could get my money back on this ♥♥♥♥!",False,1788061614,2499,20.119629629629628
234045293,76561198285089942,143,5631,5631,The comeback that this game had is unironically insane,True,1788061160,0,20.12488425925926
234044677,76561198059211719,0,5359,8393,"It is definitely playable and the combat is actually awesome. Driving is sus and glitches still exist, but now it is 100% worth your money, especially on sale.",True,1788060444,3034,20.133171296296297
234044385,76561198198994735,81,4704,4704,johnny appoves of this game fasho,True,1788060117,0,20.136956018518518
234044202,76561199195027209,89,146,146,I was a teenage outlaw with no worries on my mind 10/10,True,1788059908,0,20.139375
234042403,76561198430230025,0,11126,11129,"10/10 combat and story. Gotta love Panam and Tank Sax. Absolutely fun game with a great story and side stories, hundreds of hours worth of missions, side missions and exploration.",True,1788057803,3,20.163738425925924
234041433,76561198010374498,159,279,4065,Quite good.,True,1788056683,3786,20.17670138888889
234041315,76561198103049891,157,6154,6158,The best single-player story I've ever played. Mods are just the cherry on top.,True,1788056563,4,20.178090277777777
234040835,76561199819228072,30,2863,3392,"I'm writing this around the completion of my first run, and what a ride it was. As a fan of the Edgerunners series, I had to run around with a sandy and a katana for fun. Choombattas, this is a great game, if there is anyone on the edge about getting this game, you are in for quite the treat. Props to CD Projekt Red, Keanu Reeves and all the insane people who made this world so immersive. Strap in, get some eddies, keep running, and don't be gonks!",True,1788055975,529,20.184895833333332
234040634,76561198726203362,0,1621,1752,"perfect
",True,1788055745,131,20.18755787037037
234038572,76561198141859374,235,10425,10425,Perfect just Perfect,True,1788053383,0,20.214895833333333
234037996,76561198043893570,0,16359,20976,good,True,1788052765,4617,20.222048611111113
234037628,76561198968261286,0,9707,9781,pretty fun,True,1788052353,74,20.22681712962963
234037369,76561199145629087,37,89865,115974,"⭐ Steam Review: Cyberpunk 2077 + Phantom Liberty
Cyberpunk 2077 in 2026 is basically a completely different game from the one we got at launch — and honestly, it’s one of the best redemption arcs in gaming. Night City finally feels alive, dangerous, stylish, and worth getting lost in.

The base game’s story still hits hard: V’s struggle, Johnny’s chaos, the character arcs with Panam, Judy, Takemura — they’re all still some of the best narrative work in any RPG. But the real magic now is how the systems finally support the fantasy. Combat is smoother, builds actually matter, vehicles feel better, cops exist (mostly), and the city doesn’t feel like it’s held together with duct tape anymore.

Phantom Liberty takes all of that and injects a shot of adrenaline straight into the game. Dogtown is grimy, dense, and hostile in a way the rest of Night City never quite was. The spy‑thriller tone is a perfect contrast to the main story, and Idris Elba’s performance as Solomon Reed is ridiculously good. The expansion’s quests are tight, intense, and full of choices that actually feel heavy — including an ending that completely rewrites the fate of V.

The new skill trees and cyberware changes make builds way more fun. You can actually play the game how you want: stealthy netrunner, chrome‑maxed berserker, smart‑gun tactician, katana demon — whatever. It finally feels like an RPG instead of a shooter with stats.

Is it perfect? No. Some jank still pops up, and the open world can feel empty in spots. But the difference between launch Cyberpunk and current Cyberpunk is night and day.

If you bounced off the game years ago, it’s absolutely worth coming back.
If you’re new, you’re getting the definitive version.

Cyberpunk 2077 + Phantom Liberty is stylish, emotional, chaotic, and unforgettable.
A flawed masterpiece that finally lives up to its potential.",True,1788052056,26109,20.23025462962963
234037308,76561199558007002,0,938,940,i like the game but the story is too much,False,1788051983,2,20.231099537037036
234036311,76561198869972760,0,2604,2604,"Six years after release, still is a buggy mess. Is it good? Absolutely. Does it make it hard to play it? Also absolutely. Be prepared to look for solutions for the bugs you encounter for hours, download mods to make it actually playable, you can lose hours of progress because the game decided it can't load your save file, etc.",False,1788050846,0,20.24425925925926
234035932,76561198277729404,0,2173,2173,WAKE THE ♥♥♥♥ UP SAMURAI! WE HAVE A CITY TO BURN,True,1788050434,0,20.249027777777776
234035575,76561198042827805,0,1572,1578,"game crashes when you try to load into any johnny segments, Honestly the dumbest, easy to replacate bug and should not be in the game.",False,1788050030,6,20.253703703703703
234034992,76561198038520119,395,22185,22674,"It's shaped up into a fun game.

On Steam Machine, you can run everything on max aside from Ray Tracing (can't really run it at all) and Screen Space Reflections Quality, which has a ""Psycho"" setting beyond Ultra.",True,1788049426,489,20.260694444444443
234034746,76561197998347774,397,19998,20002,ITS A SUPER GOOD GAME,True,1788049131,4,20.264108796296295
234034204,76561199030479022,0,2359,5987,"Your choices can lock you into long story lines if you are not careful, its not as open world as I had been led to believe, but I am continuing to play. I do not like getting into stories that can take hours but cannot save forcing me to start over without being able to save. Not sure that I fully recommend the game but its frustrating as I have other things to do and starting over missions is quickly becoming a major annoyance.",True,1788048558,3628,20.27074074074074
234033637,76561198348712884,0,6318,7185,Good Game,True,1788047927,867,20.27804398148148
234033532,76561198044198749,0,14581,14581,"Arasaka, Arasaka, Dormez-vous, Dormez-Vous, morning bells are ringing, morning bells are ringing, ding ding dong, ding ding hang dong",True,1788047812,0,20.279375
234033305,76561199217954569,0,424,910,i like da game so good,True,1788047572,486,20.282152777777778
234032434,76561199571651807,0,2608,4007,PEAKPEAKPEAKPEAKPEAKPEAPEAKPEAKPEAKPEAKPEAKPEAKPEAK SUVI PEAK MRTVI PEAK PEAKKK AAAAAAAAAAAAAAAAAAAAAAAAAAAAAAAAAAAAAAAAAAAAAAAAAAAAAAAAAAAAAAAA panam futa ♥♥♥♥,True,1788046717,1399,20.29204861111111
234032419,76561199676439803,0,210,671,Great,True,1788046704,461,20.292199074074073
234032281,76561199247510465,0,2137,2893,fire,True,1788046555,756,20.29392361111111
234031779,76561199742978319,0,1996,4540,"Great story, addicted gameplay, honestly would reccomend assuming you have the specs to handle it",True,1788046051,2544,20.299756944444443
234031750,76561198258401030,0,2200,2883,Very great story,True,1788046025,683,20.30005787037037
234031656,76561198040830821,220,2854,4330,Played at launch and while I was pretty lucky with bugs it was still a mess.  Today however it runs great and is quite fun,True,1788045920,1476,20.301273148148148
234030707,76561198930486338,255,254,254,professional Y presser simulator,False,1788044899,0,20.31309027777778
234030666,76561198271785346,0,862,862,"Aside from the worst gaming launch in history, aside from the years it took to make this trash playable, aside from the countless lies CDPR said about the game - I think at the very most this is a mediocre, poor first person RPG. 14 hours in and I don't care about V and the story at all. I honestley can't say at any point of the 14 hours I wasted on this game that I ever had any fun. I regret buying it and I will never buy anything from CDPR ever again.  People said the company fixed the game and it is now a masterpiece - I honestley can't recommend this trash to anyone. Maybe if it was free to play.
",False,1788044850,0,20.31365740740741
234030085,76561198027957656,0,11323,11454,Great game. Really enjoyed the gameplay and all the quests.,True,1788044211,131,20.321053240740742
234030076,76561199115168812,0,18883,21653,Really immersive open world game. So much story line and extra side quests to explore!,True,1788044203,2770,20.321145833333333
234029409,76561198284824666,0,2110,6703,"tremendous use of ray tracing, path tracing and ray reconstruction make this a can't mis game for Nvidia GPU owners especially 4000 and 5000 series owners. even being six years old it still continues to impress. It's a gold standard when testing a new card.",True,1788043561,4593,20.328576388888887
234028967,76561198185910807,0,4345,5411,"Kept me hooked longer than any other game since The Outer Wilds. It's fun! I'm excited to see what CDPR cooks up next. Sorry for the short review, I just like it. I got it on sale for like, $20, but I like it so much, I just spent $30 on the Phantom Liberty DLC.",True,1788043109,1066,20.33380787037037
234028625,76561198053791976,172,4880,4880,"gameplay in terms of abilities, stealth and bosses is mediocre at best

but the atmosphere, the graphics and the story make up for that fully.",True,1788042768,0,20.33775462962963
234028423,76561197985104149,0,8741,8741,F**kin preem!,True,1788042577,0,20.33996527777778
234027843,76561198333830035,99,5997,5997,dont even think twice,True,1788042039,0,20.346192129629628
234027454,76561199122078168,49,6572,8339,"very gud 
",True,1788041692,1767,20.350208333333335
234026683,76561198242779672,0,3860,6396,Keanu Reeves. Need I say more?,True,1788040958,2536,20.358703703703704
234026662,76561199398120052,0,1765,3892,some small glitches otherwise good,True,1788040937,2127,20.358946759259258
234026429,76561198805187411,250,3713,3713,"still sort of glitchy, but its a great game",True,1788040729,0,20.36135416666667
234026403,76561199154863734,0,4981,5117,game is fun,True,1788040690,136,20.361805555555556
234026359,76561199002244224,13,407,4508,peak action and gamplay,True,1788040651,4101,20.362256944444443
234025656,76561198307498590,0,17099,26497,"I've been playing this game since Day one but originally on a PS4 and i loved it eventually moved to a ps5 and now I'm on PC and have fallen in love with the game all over again, I highly recommend it.",True,1788040017,9398,20.369594907407407
234025602,76561199480761000,31,1523,2315,.,True,1788039978,792,20.370046296296298
234025551,76561198200144649,0,5402,5722,"Speaking about the game now, rather than any time previously, I think it's worth the money on sale. I never buy $60 videogames, so I can't recommend that, but it's a good game.

This is not an open-world game. This is a narratively-driven game with that narrative broken up into missions with side content to fill it out, though not simply pad it for time. Does it have replay value? The answer to that question depends on you: do you enjoy seeing the same story over again but with a few small differences based on your reaction? For me the answer is no, but it's a good story, so for you maybe the answer is yes.

This is very much a cyberpunk game. The themes are cyberpunk, the references are cyberpunk, the tropes are cyberpunk, and the writers are aware and doing it on purpose. If you like cyberpunk and real-time single-player narrative-driven video games you'll like this. If you don't like those things, you probably won't.",True,1788039936,320,20.370532407407406
234025431,76561199546528062,0,5670,6791,bruh johnny might be the worst person in history to achieve goat status,True,1788039835,1121,20.371701388888887
234025224,76561198004915035,0,5541,6511,It's quite sorta da nova bestest of allish time,True,1788039646,970,20.37388888888889
234024366,76561199570171045,0,10078,10681,one of the greatest single player games ever,True,1788038890,603,20.382638888888888
234024244,76561199455921913,0,535,785,"Combat is insane, very good development in the story, a more liberal version of gta but with better combat. 8.9/10",True,1788038779,250,20.38392361111111
234023890,76561199531947335,41,5595,5709,yes,True,1788038477,114,20.38741898148148
234023829,76561199191272970,0,15631,16817,It's beautiful...,True,1788038431,1186,20.38795138888889
234023545,76561198175337242,140,1605,1605,"I've beaten the main game and have like 130 hours logged in my old save file, fwiw, but have yet to play the DLC. 

—
Cyberpunk 2077 is an interesting game that does some really, genuinely cool stuff, and fumbles some other things pretty hard, sometimes frustratingly so.

I think my tl;dr is essentially, ""It's pretty solid, but..."" Like, 7/10, you know? 

I think a lot of the NPCs are really well done, and while the game missteps a lot in the early game in particular, I found a lot of texture and nuance in most of the supporting cast, which I appreciated.

I also found the Devil ending to be really cool, and I'm glad it was the ending I landed on naturally. Like, is it a happy ending? lmao. no. But I think it hit just right.


Overall, I could go pretty long about what did and didn't work throughout the whole game, for me as a player, but I think a lot of people have already dug into most of the game's strengths and weaknesses in the years since it came out so I'll just stick with: I really liked the game, but it's definitely not without flaw, sometimes glaringly so.

Hopefully by the time I get around to Phantom Liberty, there won't be any further UI or progression updates. lmao.",True,1788038179,0,20.390868055555554
234022982,76561198142168167,305,2202,3288,"[NC_DIAGNOSTIC // SESSION_2077]

> WARNING: MEMORY INTEGRITY CHECK FAILED
>
> > NIGHT CITY DATABASE: ████████ 93%
> > RAY TRACING MODULE: UNSTABLE
> > VRAM ALLOCATION: ██████████ ??? MB
> > MAP_INTERFACE: CRITICAL VISUAL ERROR
> > STATUS: SOMEHOW STILL PLAYABLE

01001001 00100000 01110000 01101100 01100001 01111001

Q3liZXJwdW5rIDIwNzcgaXMg b25lIG9mIHRob3NlIGdhbWVzIHRoYXQgSSByZWFsbHkgd2FudCB0byByZWNvbW1lbmQsIGJ1dCB0aGUgdGVjaG5pY2FsIGlzc3VlcyBjYW4gYmUgcHJldHR5IGFubm95aW5nLg==

> MEMORY LEAK DETECTED
>
> > ATTEMPTING RECOVERY...
> > FAILED.

1440P // EVERYTHING MAXED
RAY TRACING // MAXIMUM
OVERDRIVE // FALSE
PATH TRACING // FALSE

VGhlIGdhbWUgbG9va3MgYWJzb2x1dGVseSBhbWF6aW5nLiBOaWdodCBDaXR5IGlzIHN0aWxsIG9uZSBvZiB0aGUgYmVzdC1sb29raW5nIGdhbWUgd29ybGRzIEkndmUgc2Vlbi4=

> UNKNOWN ERROR
>
> > WHITE SCREEN AFTER MAP ACCESS
> > VRAM USAGE: INCREASING
> > BUG COUNT: CLASSIFIED

VGhlcmUgYXJlIHN0aWxsIHF1aXRlIGEgZmV3IGJ1Z3MgYW5kIHdl aXJkIGdyYXBoaWNhbCBpc3N1ZXMu

> FINAL SYSTEM MESSAGE:

U3RpbGwgcmVjb21tZW5kZWQsIGJ1dCBJIHJlYWxseSB3aXNoIHRoZSBnYW1lIHdhcyBtb3JlIHN0YWJsZS4=

[END OF REPORT]

// If you managed to read this, congratulations.
// The Relic was not involved.",True,1788037705,1086,20.396354166666665
234021233,76561199174952678,59,5807,6109,this game ♥♥♥♥♥♥♥ sucks,True,1788036253,302,20.413159722222222
234019794,76561198115199696,0,3018,3739,good,True,1788035103,721,20.42646990740741
234018344,76561199829625808,24,7429,7765,"love the game, no playthrough is quite the same",True,1788033996,336,20.439282407407408
234017492,76561199782716298,22,4594,5065,"Literally the best game I ever played. Replay value is really really high. There are some bugs but they are funny so I don't mind it, it's awesome. 100% recommended.",True,1788033305,471,20.447280092592592
234017423,76561198740216017,0,3193,9104,AMAZING,True,1788033259,5911,20.4478125
234016298,76561198968821844,117,4849,4849,The best single player game I have ever played other than Detroit Become Human.,True,1788032342,0,20.458425925925926
234016134,76561198112160881,0,9835,10948,"The only complaints I have are that the script sounds like it's written by a Polish 12 yr old. But besides that, it's one of the best games I've ever played. Gameplay, visuals, soundtrack, all of it's amazing.",True,1788032229,1113,20.459733796296295
234016080,76561198153521788,0,4682,10850,Great game loads of fun and ran great on my pc,True,1788032182,6168,20.460277777777776
234015914,76561198092475259,124,11768,12207,"Despite the frequent bugs, bad AI for NPCs, and plenty of other flaws, some how this game is too vibey. It some how makes you want to return to Night City again and again.",True,1788032037,439,20.461956018518517
234015694,76561197975669980,0,983,1089,this game is under rated.,True,1788031904,106,20.46349537037037
234014456,76561198652327631,0,2313,2499,cool game,True,1788030912,186,20.474976851851853
234013826,76561197999398741,0,9950,10654,"The game is a mediocrity from start to end. Starting with the first person view that makes every minute of this game so bland I picked my phone up all the time to distract myself from how static every conversation is. Any cinematic enhancement is gone. A curated and enhanced view of an explosion? What the hell is that? Forced first person view means the explosion will be as boring as it can get. Introducing a new character? It will walk through a door in the most boring fashion. A character dies? Make it as anti-climatic as possible.

Driving is so terrible I avoided like the ♥♥♥♥♥♥♥ plague. No biggie since the open world events are so boring you get sick of them real soon. Night City is also pretty boring and forgettable.

The romance options are limited to one NPC per sexuality and gender. That's it.

Combat is awkward. The enemies have the stupidest AI you can think of. Guns are alright but then you have melee which feels so wrong. Smart weapons I can understand. Magic knives? Not so much.

I could go on and on about all the stuff implemented in the most mediocre fashion but the fact that there's a turntable spinning in the wrong direction in one of your safe houses should say it all. This game was made with the lowest quality possible in mind and with labor as cheap as possible and its apocalyptic launch is enough proof. The current state of the game is as if you bought a house and everything was built wrong but it was fixed before you moved in. The walls are crooked, the doors close but not very well, the windows are there but you can see the tape holding them together, the heating is working but it's not enough... You can see that most, if not everything, was fixed just barely. They launched most systems broken because they couldn't afford anything better and then the same people got them fixed to the point they barely worked.

Lastly there's the story but that's something totally subjective. I didn't like that there isn't any branching and what you do doesn't matter at all. Even the dialogue options are very limited and most of the time don't match what you are about to say. I can enjoy a bleak story but the execution here was incredibly poor.

So why the positive review? Because it will be good enough to keep you entertained for a while or if you are like me it will keep you going on to wonder how this mediocrity is praised that much.",True,1788030392,704,20.48099537037037
234013796,76561198774197399,0,2910,6431,♥♥♥♥♥♥♥ amazing choom,True,1788030363,3521,20.481331018518517
234013570,76561199666070583,0,3776,3830,John Wick is funny,True,1788030197,54,20.483252314814816
234013099,76561199799727231,0,4410,4760,a,True,1788029838,350,20.487407407407407
234012943,76561198126167749,0,300,300,"way too much video editing, if I wanted to work id go to work thx",False,1788029711,0,20.488877314814815
234012213,76561198416789856,0,3760,5580,the game  is worth the cash  and its good with mods,True,1788029090,1820,20.496064814814815
234011838,76561199479072667,0,283,1321,fun,True,1788028770,1038,20.49976851851852
234009612,76561198302180100,210,8459,8487,"one of the best RPGs ive ever played . Thank you CDPR , wating for Witcher 3 remasterd and Songs of the Past",True,1788026947,28,20.520868055555557
234008921,76561199324875893,32,10059,11840,Choomba i need more chrome choomba so i can flatline this gonk adam smasher,True,1788026410,1781,20.527083333333334
234008479,76561199556067935,0,321,1319,I got cyberphycosis while playing,True,1788026052,998,20.53122685185185
234008063,76561198026444359,1312,6069,7019,"Cyberpunk 2077 is the kind of game that makes you forgive an unreasonable number of crimes because it looks this good doing them. Night City is dense, filthy, beautiful, and constantly begging you to get distracted from whatever supposedly urgent mission you were doing. The characters are memorable, the atmosphere is fantastic, and once the story gets its hooks into you, it becomes surprisingly difficult to put down.

It is not flawless, obviously. Occasionally the game still reminds you that its launch was once considered a public emergency, and some systems are deeper in appearance than they are in practice. But after years of updates, Cyberpunk 2077 has become an excellent RPG with strong writing, satisfying combat, and one of the best open worlds in gaming. Turns out all it needed was several years of additional development after release.",True,1788025707,950,20.535219907407406
234007039,76561198111321270,0,2360,2360,Night cityyyy babyy,True,1788024900,0,20.544560185185187
234006679,76561198403469115,0,3859,4060,best game i ever played,True,1788024648,201,20.54747685185185
234005940,76561199478355962,22,3947,6023,this wins against gta V because theres better sex,True,1788024098,2076,20.55384259259259
234004327,76561198077058538,0,3257,3257,"Amazing game, maybe too much dialog at some points",True,1788022845,0,20.568344907407408
234004154,76561198409504743,50,6823,8227,"just a full and complete rpg, top to bottom. really interesting world, and gameplay that makes you feel like the strongest interchange-able piece on the chess board, while delivering a good story with it.",True,1788022733,1404,20.569641203703704
234003547,76561198038565682,66,2547,2736,"Waited 2026 to play this to be sure all the bugs are fixed.
They aren't.

- I got more than 5 crashes.
- Sometimes textures are not loaded properly. Driving on invisible roads is not fun.
- pedestrian stuck in the road or T posing (yes, that's still there)
- ....

- The city feels empty: not enough traffic, not enough activities or random stuff happening
- Many quests are simple and poorly scripted: get that thing, kill that guy, and bonus point if you do it undetected.
- the AI reacts very poorly. Detected? hide 10 seconds and come back, every one has forgotten you
- escaping the police is way too easy
- the badlands looks 10x worse than the city
- dialogues are boring too often
- fights are too easy

Good points:
- the main story is interesting
- the weapons are really diversified
- the city vertical design


",False,1788022274,189,20.574953703703702
234003385,76561198376102627,0,14943,14943,Absolute cinema,True,1788022143,0,20.576469907407407
234003126,76561198060219281,0,6188,12318,"good story, lot's of content",True,1788021939,6130,20.578831018518517
234002271,76561199773413747,0,9629,10118,Best game ever.,True,1788021259,489,20.58670138888889
234002202,76561198057742790,40,6544,6594,Best Game Ever.,True,1788021207,50,20.58730324074074
234001539,76561199628447295,0,8343,11849,peak,True,1788020736,3506,20.59275462962963
234001399,76561198840384371,25,22021,24227,"Best game, from the best developer,

Just don't forget, the game is fixed.",True,1788020637,2206,20.593900462962964
234001001,76561199751801666,0,236,236,idk,True,1788020338,0,20.597361111111113
234000647,76561199366330007,0,4805,4805,Easily one of the best single player games I've played. Recommend it to anyone looking for a high quality single player open world game.,True,1788020072,0,20.600439814814816
234000059,76561198819960124,0,5434,5898,Great Game! Easy to get lost in.,True,1788019666,464,20.605138888888888
233999840,76561198373284649,26,1366,6410,Great game,True,1788019501,5044,20.60704861111111
233998303,76561198142865604,0,4119,4119,"Honestly, my fav game of all time.",True,1788018335,0,20.620543981481482
233998166,76561199229742815,0,9248,9614,"this game is truly the best game i have ever witnessed, it started off awful with the release but i decided a couple years later just before the DLC to give it ago. best decision ive ever made, the game art is so beautiful, the anime is so unfathomably heart aching and gorgeous , the characters are so in depth and detailed, and the protagonist is amazing lastly the story, could not of asked for anything more perfect. this game truly touched my soul and made me weep when it ended.
.
I look very forward to cyberpunk 2 and i know the developers will make it absolutely beautiful. thank you for giving me the game that changed my life.  
.
unlimited/10 extremely highly recommend and that this game will change your perspective on gaming and life, guaranteed.",True,1788018238,366,20.621666666666666
233997938,76561199104681687,0,5754,7389,The most immersive world I have ever seen in a game. Gameplay is solid and the story/characters are divine.,True,1788018054,1635,20.623796296296295
233997302,76561198436246734,0,613,691,wow,True,1788017583,78,20.629247685185184
233997169,76561198140167426,260,13212,13212,"selected the circumcised option in the customization menu and my character immediately went cyberpsycho????

weird move by cdpr",True,1788017491,0,20.6303125
233996857,76561199372934314,0,3213,3213,Romance Panam,True,1788017246,0,20.63314814814815
233996259,76561199497949647,0,4620,6386,Good times,True,1788016784,1766,20.63849537037037
233995784,76561197992212889,0,1994,1994,"So after more than 30 hours of playing the game just decided to delete every single save game both on my computer and in the cloud. No trace whatsoever of me ever having played the game at all. It even asked me to accept the EULA again. I've played many open world games and seen some interesting bugs in my time, but this is unforgivable. 
You will read comments like ""save your saves on another medium"" etc. BUT this game stores your saves on your machine, in the steam cloud, and the CDPR cloud AND STILL everything is gone without any trace at all.
Don't waste your efforts on this.",False,1788016430,0,20.642592592592592
233995397,76561198283179928,153,10488,10662,"One of my favourite games of all time, I love chrome so much, if this game only released in this state it would've gotten game of the year.",True,1788016167,174,20.645636574074075
233994533,76561199259164018,0,1277,1919,"Super cool immersive settings, cool dynamics and gameplay, engaging story and characters",True,1788015554,642,20.65273148148148
233994519,76561199304326610,0,9030,9543,"I Can’t Move On From Night City

CD Projekt Red created a beautifully crafted piece of ART called Cyberpunk 2077. The kind of experience that lingers long after you’ve stepped away. The last time something hit me this hard emotionally was Red Dead Redemption 2, back in 2022. And now, years later, Cyberpunk 2077 has done it again.

The city itself is a character. Towering megabuildings, rain-slicked alleys, neon bleeding into concrete- every district has its own pulse, its own danger, its own beauty. The NCPD variations, the climate design, the sheer density of detail packed into every corner of this world - it’s all top-tier. You don’t just visit Night City. You breathe it in.

It starts deceptively light - heists, gigs, exploring the sprawl, making a few cool friends along the way. But as you go deeper, the tone shifts. It stops being about thriving and starts being about surviving. Every morning becomes a quiet question: how many more days do I get in this city? That shift- from ambition to survival- is where this experience stops being fun and starts being unforgettable.

And at the center of it all: Keanu Reeves as Johnny Silverhand. Once again, he delivers a career-defining, breathtaking performance - reckless, wounded, magnetic. The man is a legend of our generation, and this role proves it all over again.

But Johnny isn’t alone in carrying this story. Every character you meet leaves a mark. Jackie’s loyalty. Panam’s fire. Judy’s quiet resilience. Viktor’s steady hands and steadier heart. Rogue’s legend. Each one doesn’t just support the story- they challenge you, forcing real decisions with real consequences. These characters aren’t just good. They’re some of the greatest ever written.

By the end, Cyberpunk 2077 isn’t something you finish. It’s a world you mourn leaving.

Final Scores:

* Story: 9/10
* Characters: 9.5/10
* World Building: 10/10
* Attention to Detail: 10/10
* Environment Design: 10/10
* Lighting: 10/10



Cyberpunk 2077: A Solid 9/10.",True,1788015547,513,20.6528125
233994443,76561199221793415,50,329,4962,"Those afflicted with cyberpsychosis are known as cyberpsychos, individuals who have existing psychopathic tendencies, enhanced by cybernetics, and as a result have lost their sense of identity as a person, either to themselves or others. 
They come to view regular people and other living things as weak and inferior. With their enhanced physical abilities and complete disregard for life, cyberpsychos are extremely dangerous to anyone that crosses their path. Cyberpsychosis can eventually affect anyone modified with cybernetics, but the less empathetic or psychologically stable a person is, the more susceptible they are...",True,1788015490,4633,20.653472222222224
233994395,76561198005550663,0,56781,60344,"After 2.3, one of the best built games available, bug are minor, game play is awesome.  Story line is great.",True,1788015461,3563,20.653807870370372
233992395,76561199260043375,0,1505,2811,peak,True,1788013880,1306,20.67210648148148
233991320,76561199378740684,365,48,48,Keanu Reeves said deeply personal things to me.,True,1788013077,0,20.681400462962962
233990035,76561199600263606,0,4166,5088,"Great game, awesome storyline and side quests,",True,1788012088,922,20.692847222222223
233989327,76561198068772702,0,1069,1928,"The immersion is out of this world, I could get lost in Night City for days.",True,1788011483,859,20.699849537037036
233988161,76561199220652268,0,4583,4629,W igrica,True,1788010495,46,20.71128472222222
233986770,76561198944749480,33,8875,10194,very good game story is ♥♥♥♥♥♥♥ good,True,1788009278,1319,20.72537037037037
233986636,76561199196638867,41,2676,2731,"Was hard to understand at first, took a long break but then came back and after getting the hang of it, it is amazing.",True,1788009155,55,20.72679398148148
233986438,76561199771624614,19,1563,1607,"Peak.
",True,1788009007,44,20.728506944444444
233986387,76561199642446763,0,8310,8330,"Worth it for me, even tho there's still a fews bugs left but the gameplay is far more incredible leaving the bugs unnoticed",True,1788008964,20,20.729004629629628
233986370,76561198063585000,110,354,687,.,True,1788008950,333,20.729166666666668
233983247,76561199013590397,87,6082,6096,♥♥♥♥♥ ass game,True,1788006108,14,20.762060185185184
233983129,76561198151347042,451,7596,7596,Cyberpunk was truly an amazing experience that has never left me. I took the Corpo path and went as a netrunner specd into INT and Tech with a bit of everything else. I went in blind and it was worth it having not seen anything past the 1.0 release clips of all those silly bugs. My ending was letting Johnny take over and storm Arasaka with Rouge. Then afterwards I did all of Phantom Liberty where I betrayed Reed and sent Songbird to the moon. overall a 10/10 experience!,True,1788005989,0,20.7634375
233982920,76561198677997672,0,463,465,j,True,1788005747,2,20.766238425925927
233982268,76561198170420337,120,1675,4045,it's ok,True,1788005145,2370,20.77320601851852
233980882,76561198737168222,0,732,3932,best game,True,1788003790,3200,20.788888888888888
233978178,76561198353372508,0,9667,9667,"Dobra igrica, napokon ispeglana, ima bagova ali malo, na max detaljima izgleda bas dobro.",True,1788001044,0,20.820671296296297
233977556,76561198351404752,0,5994,7112,nais,True,1788000405,1118,20.82806712962963
233977361,76561199145386204,49,4057,4571,The City of Dystopia 9/10,True,1788000208,514,20.830347222222223
233975998,76561198408951255,0,1231,2597,Great game,True,1787998764,1366,20.847060185185185
233975528,76561198409296754,131,3041,3041,9/10,True,1787998264,0,20.852847222222223
233975390,76561198004240977,0,15198,15205,One of the best RPGs although it took a while to squish all bugs.,True,1787998127,7,20.85443287037037
233973650,76561198358110817,81,296,358,To get the game to run smoothly you just gotta adjust the settings. Make sure to turn on framegen if on amd and turn on dlss if on nvidia they help so much. I turned on framegen and my FPS went from 23 all the way up 78 made the game run very well.,True,1787996251,62,20.876145833333332
233972878,76561199730693050,51,12358,12831,best 60 euros spent ever lowk,True,1787995412,473,20.885856481481483
233971784,76561198030485603,40,4991,5678,"Excellent gaming experience, every playing moment is highly cherished.",True,1787994161,687,20.900335648148147
233971340,76561198266994599,207,5447,5726,9.5/10,True,1787993622,279,20.906574074074076
233971184,76561199074833754,0,6201,9027,I liked the game and story,True,1787993426,2826,20.908842592592592
233970650,76561198116515761,0,880,3190,nice,True,1787992767,2310,20.916469907407407
233969651,76561199070105349,0,9163,9163,"We all heard the stories but man, they turned this beast around. Immersive, intense, an absolute blast. Plus they made a femme player/male lover storyline pretty good, a rare feat. 10/10

Edit: Never mind! River's plot is chopped to heck! Even though he's such a sweetie. Grrr! Game is now 8/10. Still very good but the truncated F/M romance is just terrible.",True,1787991547,0,20.930590277777778
233966346,76561198007227660,0,17229,17229,This is the most engaging and deeply emotioanl game I have ever played. I am stunned on how good it was and miss it deeply now its all done. Thanks V!,True,1787987376,0,20.97886574074074
233963808,76561199522680619,71,3451,4411,BEST GAME I HAVE EVER PLAYED INSTANTLY FELL IN LUV WITH IT,True,1787984149,960,21.01621527777778
233962557,76561199444244309,90,3795,3795,"I wanted to wait until I got to one of the endings to write this review. And yeah, I know about how awful the launch of this game was, but this game has had a recovery unlike any I've ever seen. Never have I resonated so hard with the messages a game has tried to deliver, and so many things about this game are relevant today, from the AI enshittification of everything we know and love, to katanas still being freakin awesome. I have a solid amount of hours by this point and that number will only continue to go up, so I wanna talk about some pros and cons in case you're considering buying this game for yourself or someone else. 

PROS: 
- Immersive open world with each location being distinctly different from the last. (i found myself spending several hours just driving around listening to the radio and just taking everything in).
- absolutely stellar animation and voice work, i literally forgot i was playing a game at certain points throughout
- fulfilling combat/stealth mechanics with there always being creative ways to enter buildings or complete objectives based on your stat spread, and there being so many different ways to take down enemies rather than just point-and-shoot.
- Outstanding visual presentation - exceptional graphics, especially on modern PCs and current-generation consoles.
- Upgrading actually feels integral to the story, installing cybernetic enhancements feels meaningful and changes gameplay considerably.
I could go on and on, but you should play it for yourself to see the rest. 

CONS (imo): 
- Loot can become overwhelming. Equipment management can often require frequent sorting and dismantling.
- Romance options (because I know what kind of people some of you are) are well-written but relatively few. Relationships get extremely stale after their main questline ends. 
- Money becomes plentiful in the mid-to-late game, reducing the importance of financial decisions (unless you blow it all on vending machines and gambling, i guess)
- While dialogue choices matter in some situations, the central narrative is relatively linear compared to some classic RPGs.
- The three origins you get (Nomad, Streetkid, and Corpo) mostly affect early-game content and dialogue rather than significantly altering the overall experience.

Overall, I still rate this game as one of my favorites of all time, and highly suggest you check it out for yourself. Wake tf up, Samurai. You have a game to play.",True,1787982480,0,21.03553240740741
233961489,76561199192856992,161,1012,3106,ONE OF THE WEIRDEST GAME. I'LL HAVE EVER PLAYED. It's interesting though,True,1787981093,2094,21.051585648148148
233961072,76561198851263340,27,29222,30690,It would be better if there were fewer bugs,True,1787980580,1468,21.05752314814815
233960186,76561199556625184,0,9299,9299,"One of the best immersive experiences I've ever played. Considering its launch, give this game a chance if you're on the fence it. The story is compelling, the weight of choice feel so impactful in every mission decision and even dialogue, making this game extremely replayable. Night City feels so alive in in this game.",True,1787979511,0,21.069895833333334
233958969,76561199099125848,450,1175,1175,"graphically so stunning. main story, characters, and side quests were so interesting i had genuinely lost track of time. 10/10.",True,1787977930,0,21.088194444444444
233957171,76561199455615774,0,5277,5517,Preem game.,True,1787975694,240,21.114074074074075
233956754,76561199001406000,0,9147,9265,this game is dope. everyone ♥♥♥♥ on it when it first came out but i genuinely love this game and the world and the graphics but most importantly. i like the storyline and how your character interacts with the world itself,True,1787975143,118,21.12045138888889
233956327,76561198221727512,242,6119,6119,"redemption, dlc was perfect",True,1787974605,0,21.12667824074074
233956137,76561199800110852,0,21937,22888,Great graphics almost real,True,1787974343,951,21.129710648148148
233956065,76561199563838601,0,3942,4092,this was one of the best games I've ever played,True,1787974244,150,21.13085648148148
233954493,76561198857004565,0,2975,3347,Peak.,True,1787972484,372,21.151226851851852
233954303,76561199104441187,0,2653,3430,"0/10, where is choom?",True,1787972271,777,21.15369212962963
233953702,76561198449056135,0,18292,18334,"This is one of my favorite games of all time. I'm in my 40's, so I've played a few. I love it. The expansion was a great addition to the game.",True,1787971600,42,21.161458333333332
233952979,76561199491409843,151,3504,3507,This is a damn good game and 100% worth all the money they ask. So immersive and the gameplay is just 🤤🤤,True,1787970696,3,21.171921296296297
233951998,76561198070343551,0,9505,10194,Awesome game! Really enjoyed it,True,1787969573,689,21.18491898148148
233951625,76561198135487458,0,4063,4097,Is okay.,True,1787969122,34,21.19013888888889
233950823,76561199710096792,0,5445,5445,Top five game of all time for me.,True,1787968145,0,21.20144675925926
233950543,76561198762303959,30,10277,10349,After act 3 this games becomes a cyberpsychosis simulator,True,1787967825,72,21.205150462962962
233949861,76561199791233132,17,1845,2328,good game,True,1787966984,483,21.21488425925926
233949725,76561199872101791,0,1637,3609,good game,True,1787966837,1972,21.216585648148147
233949645,76561198047353693,0,17757,20046,"Good game, better now than at launch.",True,1787966761,2289,21.217465277777777
233949612,76561198070779354,1054,9029,10195,"its always been an amazing game. launch was a dumpster fire and had more issues than anything. the hype was over the top and truly got out of hand. but CDPR didnt help themselves really with that case for quite sometime. its a mastepiece of a game now. blood and tears were poured over the years into it and it truly shows they wanna tell us ""Sorry"" 

go corpo. it feels like the right way to play.",True,1787966732,1166,21.217800925925925
233949554,76561199444539333,273,335,1386,面白い,True,1787966658,1051,21.218657407407406
233949552,76561197976736263,107,5547,5614,So much fun,True,1787966656,67,21.218680555555554
233949040,76561199482620841,0,5253,5274,"Listen choom,  just give Night City a chance.",True,1787966051,21,21.22568287037037
233948566,76561198160111839,74,851,1564,yes,True,1787965519,713,21.231840277777778
233948009,76561199229056580,0,3516,3526,little buggy when i first got the game but this was still my first game on a pc so yeah this might be a little bias but i don't care this was and is one of the best games ever made,True,1787964861,10,21.239456018518517
233947479,76561198051740566,0,8200,8809,"it's phenomenal 
simply love everything about this game",True,1787964238,609,21.246666666666666
233947077,76561199520651528,0,1201,2566,"Finally decided to play the game years after watching the anime (peak), I've always wanted to get into the game and lore hence the anime doesn't fully go into night city's details but I was intimidated by the game's graphics as I was afraid my pc wouldn't be able to handle it, but it turns out the game is heavily optimized and I can even play it at high graphics without ray tracing and till average 45 fps.

The game is amazing I love the main story and love the side quests even more, every character in the game feels so alive and well written, the combat feels amazing and intricate. The game gives you a ton of freedom and ""liberty"" when playing. This is one of the only story games where I was fully inmeresed in what was happening around me instead of just skipping each scene and go straight to the action.
Let me also mention the game's voice acting which is also an aspect which I love of the game, every character's voice makes then feel even more real and alive. 

Currently I only have 20 hours of playtime which doesn't make me an expert in the game and I am well aware there is still a lot that awaits me, but from those small 20 hours I can just tell I will continue to play the game atleast until I unlock every achievement and play through every single route atleast once.

ABSOLTUE PEAK TOTALLY RECOMMEND TO BUY",True,1787963773,1365,21.25204861111111
233946020,76561199569653999,100,5393,6337,"awesome game
",True,1787962582,944,21.265833333333333
233945948,76561198329435179,138,6304,6304,"today its so polished and optimised, pls play it!",True,1787962505,0,21.26672453703704
233941147,76561199189430720,0,1215,1465,"jhonny da goat
",True,1787957477,250,21.32491898148148
233940796,76561197990110580,0,25598,33633,"I mean if you don't know about it now you just don't know. for me this game was super fun, I like the netrunner build and the hacking so that how I play.",True,1787957108,8035,21.329189814814814
233940556,76561199057113490,180,10266,10330,Game of the Century 10/10,True,1787956870,64,21.331944444444446
233940508,76561198119937201,0,7499,15387,Preem,True,1787956833,7888,21.332372685185184
233940388,76561199384182896,0,4535,4845,"good game
",True,1787956706,310,21.333842592592593
233939478,76561198070809325,0,3789,4289,"Seeing the reviews makes me wonder if I'm playing a different game..

Goods:
- Story. I'm only playing to see the end of it.

Bads:
- Tons and tons of game-breaking bugs. I have to load the game from a previous checkpoint or even restart it a couple times each session.
- Driving. They could have done a better job vibe coding it. All cars are weighted in the center, so once you turn a little too fast, you can't stop spinning like a beyblade.
- ""Wanted"" system. Once you get a star, police will randomly spawn around you and it doesn't matter if you're hiding. They can see through walls and obstacles. You just need to run. Awful.
- Even though the story is top tier, NPCs stop weirdly between their lines and look dead, which breaks the immersion.
- Difficulty slider is your basic sponge enemies, nothing new there.
- Open world for the sake of being open world. There's nothing you can do besides your missions.
",False,1787955763,500,21.344756944444445
233938045,76561198072094840,0,4190,4394,"Spent roughly 60 hours completing my first playthrough, to include completing the Phantom Liberty DLC.  Purchased on sale, long after initial release.  Ran perfectly fine on my PC with max settings.

Overall, it's a very good game.  I definitely enjoyed the early game a lot more than late.  Discovering the city and meeting new characters was a large part of that enjoyment.  By end game, I was OP and just hoarding crafting materials.  Maybe I spent too much time on side quests before getting to the finale.  But by the time I got to the end, I was ready to just finish it.  

My only complaint: There are a couple parts during the main story, and Phantom Liberty, where it's just endless dialogue.  You'll spend ten minutes talking to one person, go walk across the room and talk to someone else for ten more, then go back to the first, just to wrap up by talking to both of them.  At one point, I think I spent 30 minutes talking about the mission I was about to do, that took 40 minutes to complete.  It felt like one giant, unskippable, cutscene disguised as gameplay.

5/7 Preem game.  Wouldn't change a thing, except for the part I didn't like.",True,1787954380,204,21.36076388888889
233937804,76561198769648619,0,3943,4065,do not watch the anime,True,1787954148,122,21.363449074074072
233937166,76561199204101360,88,2393,2427,johnny silverhand my goat,True,1787953557,34,21.370289351851852
233935808,76561199252932090,0,826,6222,"johnny, we gotta install the kiroshi optics, johnny, johnny, right now johnny, johhny",True,1787952346,5396,21.384305555555557
233934880,76561199883429024,146,1133,1135,hjtgrfgfxjjhfgxjgfx,True,1787951519,2,21.393877314814816
233934455,76561199081281862,130,8461,8461,CYBERCOCK 2069 10/10,True,1787951166,0,21.397962962962964
233933114,76561199140900277,64,5532,6231,"excellentt gameplay,great stoyr,just peak and the dlc is just sooo goood..might be the greatest dlc i've ever played
",True,1787949953,699,21.412002314814814
233933011,76561199473788741,0,2780,2782,GTA 6 before GTA 6,True,1787949853,2,21.413159722222222
233932990,76561199688513560,73,6855,7310,"Never played a game like this.....
One of the best open-world games I have ever played.

The story is insanely good—I can't even compare it to anything else. The game is highly detailed, whether it's Night City or the characters, and the choices are so damn hard to make because you genuinely get attached to the people and the city.

And NIGHT CITY is so beautiful that it's beyond peak. 

The realism in the characters genuinely blew my mind sometimes. There were moments when I actually felt like I was inside the game.

There are so many things you can do, which really shows how hard the developers worked on this game. The amount of content and things to explore is almost unthinkable—there's basically no chance of getting bored.

Believe me, there won't be another game quite like Cyberpunk 2077. The combination of its story, characters, world, atmosphere, choices, and sheer amount of things to do is something I have never experienced before.

At last...
""IT'S THE CITY OF DREAMS, AND I AM A BIG DREAMER."" 

OVERALL:  2077 / 10",True,1787949818,455,21.413564814814816
233931903,76561198329470786,0,5864,5864,"60% ... its though to judge
+ nice graphics
+ a lot of missions
+ you can explore big area
... but most of the time I was just ""waiting for the good part to come"" - and it never came
-95% of the missions: search, kill, take their weapons & sell
- stupid car missions: if you are slow then they are waiting for you; if you are fast they are glued to your tail
- too easy on medium
- I'm non native Eng speaker: wth is that jargon?
- I never became emotionally invested",True,1787948837,0,21.424918981481483
233929960,76561198023398812,164,6391,6391,"I didn’t play this game when it first came out. It was full of bugs, had terrible reviews, and honestly, I’ve always been more into medieval-style games with armor, swords, shields, etc. So a futuristic cyberpunk setting didn’t really appeal to me at the time.

A few years later, after all the controversy had died down and the Phantom Liberty DLC came out, I started seeing reviews saying the game had finally been polished and was in a much better state. I decided to give it a chance, and I’m really glad I did.

I was hooked from the beginning. I ended up enjoying pretty much everything about it: the gameplay, the world, the graphics, the story, the characters, the choices… everything just works so well together.

If you’re undecided about playing it, I’d honestly say **give it a shot**. This is one of those games where I feel there’s an 80%+ chance you’ll end up loving it, even if you’re not usually into cyberpunk or futuristic settings.
",True,1787947053,0,21.44556712962963
233929457,76561198329988873,0,2076,4870,:),True,1787946646,2794,21.450277777777778
233928889,76561198243715436,0,4940,4954,"

I i got this when it released and it was terrible, really buggy and didnt enjoy it so left it.
I decided to revisit it after a full PC system upgrade, bought phantom liberty and started a brand new game.

Its awesome and highly addictive, just cant stop playing it. Massive improvement from when it released. 
Graphics are insane especially with path tracing. If you have the hardware for the eye candy this will certainly deliver.

",True,1787946141,14,21.456122685185186
233928092,76561198057337479,0,22827,24467,One of a kind!,True,1787945432,1640,21.464328703703703
233927566,76561199873271255,0,1680,1757,PEAK LOVE IT LOVE YOU THANKS,True,1787944976,77,21.46960648148148
233927381,76561199385863009,3,626,693,awesome game,True,1787944834,67,21.47125
233927190,76561199223550760,0,1154,1427,"I like driving
",True,1787944664,273,21.473217592592594
233925706,76561199808102488,0,3218,3255,sensational,True,1787943361,37,21.488298611111112
233924857,76561198195381446,512,6069,6070,"A perfect example of what might happen as we dwell deeper in the advancements of Artificial Intelligence. Everything is controlled either by big corporations or will the world will fall at the feet f our own creations.

Masterpiece!",True,1787942622,1,21.49685185185185
233923840,76561199272506107,50,4905,4905,"AN ABSOLUTE MASTERPICE! i played it after like years after the patches and updates so i speak as someone who might as well got it brand new BRO buy this game and take your sweet sweet sweet time it says i have 81 hours but i been playing it for months now. and my god i hate the fact that all good things must come to an end because bro. i dont want it to end!
the music
the story
the art
the charters 
all perfect, imma do tricks on this game because i love this game way too much and i do not care, it was perfect i chose pannam but trust there are like 6 other romancable charters play this game this game has me in tears rn so please forgive the grammer and spelling errors but if you can take ANYTHING from this its 

play it, its good.",True,1787941773,0,21.50667824074074
233923426,76561198029397898,85,4513,5334,"good game, bad launch",True,1787941430,821,21.51064814814815
233922751,76561198260266750,0,1786,1957,"Absolutely epic comback story. I mean the work performed by the CDPR devs and artists, the game is awesome as well. the fact that signin in to their services its optional! Chefs kiss.",True,1787940898,171,21.516805555555557
233922579,76561198313708304,0,6106,6106,"101 hours. Cyberpunk finally defeated me.

I got a lot out of this game, and when Cyberpunk is good, it can be really fun. The combat is great, building out your character and cyberware is addictive, and a lot of the gigs and side missions were easily my favorite parts of the game. They were quick, gave you an objective, let you approach it your way, and then got the hell out of your way.

Unfortunately, once I started focusing on the main story, I hit a wall.

The pacing is absolutely exhausting. Walk with somebody. Listen to them talk. Get in a car. Listen to them talk. Follow somebody. Listen to them talk. Sit down. Listen to them talk. Repeat.

Some of these sequences feel like they go on for 20–30 minutes, and because the game is committed to first person, so much of the storytelling is literally just standing there staring at another character while they dump dialogue on you. There aren't interesting camera angles or cinematic cuts to keep scenes visually engaging. You're just trapped in V's head waiting for people to finish talking.

The braindance sequences were especially miserable for me, and I hated how often the game takes control and momentum away from you for scripted rides, conversations, slow walks, scanning, following characters, and other sequences where you're technically ""playing"" but barely doing anything.

That's what makes it frustrating, because underneath all of that is a game I actually enjoyed. I loved sneaking into buildings, hacking cameras, throwing knives, using suppressed pistols, upgrading cyberware, experimenting with quickhacks, buying ridiculous cars, and figuring out different ways to clear an objective. When Cyberpunk lets me play Cyberpunk, I like Cyberpunk.

But eventually I realized I was spending too much of my time waiting to get back to the parts I enjoyed.

I even tried Phantom Liberty, unlocked the Relic tree, entered Dogtown, and almost immediately found myself thinking, oh God, more walking and talking.

I wanted to finish the main story. I really did. After 101 hours, I figured I had to. But gaming shouldn't feel like homework, and eventually I realized I was forcing myself to finish something I wasn't enjoying anymore.

So I'm calling it.

Great world. Great combat. Great character-building. Some genuinely fun side content. Terrible pacing, overly long dialogue sequences, too many moments where control is taken away from the player, and storytelling that I found incredibly stale.

After 101 hours, Cyberpunk didn't beat V.

It beat me.

4/10 — Not Recommended.",False,1787940758,0,21.518425925925925
233921758,76561197961428753,0,6103,15165,No notes,True,1787940048,9062,21.52664351851852
233920656,76561198778015326,86,1074,1074,"Cyberbug, or how I wasted almost 18 hours. The most empty and pointless open world, the NPCs are literally lifeless, and it really feels that way. It's almost six years old, and it's still buggy and glitchy. By the end of the game, my gamepad simply stopped working properly, and the sound started lagging due to vibration (yes, because of it). I've never seen anything more stupid. This piece of code either shouldn't have been created or should have been put off for a few more years. The only thing that made it any fun was Johnny Silverhand (Keanu Reeves). Thanks to him, I practically finished this game.",False,1787939137,0,21.5371875
233920100,76561198861160894,0,5827,7136,"Once you get past its catastrophic release and give it a chance, this game is amazing and has an amazing story. COuld it be better? Yes, but storywise it is perfect.",True,1787938634,1309,21.54300925925926
233919099,76561199199246216,9,269,3530,dobra igrica,True,1787937802,3261,21.55263888888889
233919068,76561198302245023,0,3085,4336,"Gooooood Mornin' Night City! Yesterdays body-count lottery rounded out to a solid 'n' sturdy thirty! Ten outta Heywood - thanks to unabated gang wars! One officer down, so I guess you're all screwed. 'Cause the NCPD will NOT let that go. Got another blackout in Santo Domingo. Netrunners are at it again, pokin' holes in the power grid. While over in Westbrook, Trauma Team's scrapin' cyberpsycho victims off the pavement. And in Pacifica... Well... Pacifica is still Pacifica. THIS has been your man, Stan. Join me for another day in our City of Dreams!",True,1787937772,1251,21.55298611111111
233918472,76561199263159052,0,1253,1516,Fun game,True,1787937317,263,21.558252314814816
233917109,76561198878029464,331,2137,2165,Very fun Game. Played the complete Main Story and was kinda sad that it ended so fast. Now I got the Phantom Liberty DLC and will give it another go. 10/10 did not encounter any major bugs.,True,1787936162,28,21.571620370370372
233915752,76561199510080093,57,6026,6516,"One hell of a game, absolutely loved the game from start to finish, the phantom liberty DLC had better ending for it's story line, than the ending i got in the main story line but, then again i chose this ending without knowing what i was doing, that's life i guess. 

The ending is controversial in my opinion",True,1787935074,490,21.58421296296296
233915471,76561199878665702,0,8039,8356,Peaakk,True,1787934837,317,21.586956018518517
233914893,76561199612953519,0,1571,2836,BOMBASTIC. also i have close to 50 measly hours not 25. goongoongoongoon,True,1787934370,1265,21.59236111111111
233914365,76561198817658273,0,2315,2619,"Gameplay is great and graphics, mechanics are very attractive.  Story arch is also great. Can enjoy peacefully!!",True,1787933957,304,21.597141203703703
233913962,76561198111814896,26,2485,2485,"Sigue teniendo muchos bugs, tuve que restaurar mi partida un par de veces.",False,1787933603,0,21.601238425925924
233911673,76561198884838004,15,6784,7055,peak,True,1787931688,271,21.623402777777777
233910341,76561199796637827,0,6958,6958,good,True,1787930603,0,21.63596064814815
233909867,76561199810559764,0,6750,6750,"Honestly, I wasn’t really interested in Cyberpunk 2077 during my first 2 hours. At first, I thought the game was just okay and I wasn’t really feeling the hype around it.

But everything changed after finishing the prologue.

Once the main story properly opened up, the game became much more interesting. The gameplay started to click, the graphics looked incredible, and the story became much more engaging. Night City also started to feel alive, and I found myself spending more time exploring and doing side quests instead of just rushing through the main story.

The side quests are probably one of my favorite parts of the game. They don’t feel like random filler—they actually have their own stories, characters, and moments that make the world feel much deeper.

I’m currently not at the ending yet and still haven’t met Hanako at Embers, with only a few side quests left to complete. But even at this point, I can already say that Cyberpunk 2077 has completely changed my initial impression.

It went from “I’m not really interested in this game” during the first few hours to “I don’t want to rush the ending because I’m actually enjoying my time in Night City.”

The gameplay, graphics, atmosphere, characters, and storytelling all came together way better than I expected.

Currently: 9/10.

And I still haven’t finished it yet.",True,1787930165,0,21.641030092592594
233908589,76561199805736068,0,2626,3281,"HANK!!!

DONT ABBREVIATE CYBERPUNK HANK!!

HANK!!! 

DONT ABBRE VIATE CYBERPUNK!!! 

HANK!!!",True,1787929070,655,21.653703703703705
233908378,76561198689262658,0,3873,6479,good,True,1787928871,2606,21.656006944444446
233908172,76561199217775195,0,15678,15861,Perchance,True,1787928681,183,21.65820601851852
233908144,76561198956858825,96,219,990,This ♥♥♥♥ is preem my choom,True,1787928651,771,21.65855324074074
233906616,76561198069650313,175,15249,17906,Choom,True,1787927366,2657,21.673425925925926
233906481,76561198262251865,541,840,840,"After 14 hours, I still don't care about anything that happened in this game. It's just a boiler plate narrative about crime. I literally do not care about what these criminals are doing. I thought I was going to get to roleplay my own character and explore and make my own story. Instead, I'm on the rails in a pseudo-open world controlling a character that's irritating, stupid, and a hypocrite. The city is a cool screensaver but it's not fun to explore because there's nothing there. Bethesda is far from perfect, but at least they figured out exploration. This game feels like they threw a ♥♥♥♥ ton of money at a half-baked idea and tried to tell everyone it was gold--which is quite literally what actually happened. I'm uninstalling it",False,1787927268,0,21.674560185185186
233900069,76561198968818842,0,2032,2032,"there are two types of people in this world
those who wooed the male prostitute in cyberpunk 
and dirty ♥♥♥♥♥♥♥ liars",True,1787921512,0,21.741180555555555
233899018,76561198273249429,0,4926,4926," underwhelming and uninspiring. gunplay functions well technically, but it lacks the depth or innovation to carry a playthrough. The flashy futuristic aesthetic of Night City masks a conventional and mechanically rigid open-world RPG.",False,1787920497,0,21.75292824074074
233897892,76561198715411318,23,1993,1993,genuine slop and money waste this game was so unfun. and short at the sami time like there is nothing to do except trying to grind ur level. wanted to play this WHOLE life just for this,False,1787919340,0,21.766319444444445
233897061,76561199164686948,74,2090,3178,Absolute Masterpiece,True,1787918451,1088,21.776608796296298
233896381,76561199174374026,19,5109,7791,"♥♥♥♥ The Corpo Gonks<3 Chooms i wan be a full borg no genic 
Plz Add it to CP2",True,1787917750,2682,21.78472222222222
233896030,76561199052236631,65,24365,25478,"i dont have 1,305 hours in the game for nothing",True,1787917388,1113,21.788912037037036
233894541,76561198142055894,0,3610,3634,Good game. Killing Adam Smasher with Rebecca's shotgun is one of my fav moments in gaming history.,True,1787915735,24,21.808043981481482
233893836,76561199091328044,17,2620,3437,"The main story feels far too easy to rush through. I reached the ending much sooner than expected and didn’t realise that major content like Panam’s full storyline was optional. The game would benefit from better pacing or stronger guidance so players don’t accidentally finish the main story before experiencing a lot of the important character content. Lowk peak, better than RDR2.",True,1787914926,817,21.81740740740741
233893765,76561198075449626,151,4705,4705,"Cool gameplay options.
Amazing city ambience and detailed world.
Complex variety of skill paths and combat styles.
Campaign felt too short and rushed in terms of the story depth. But well polished otherwise.
Amazing side quests that perfectly fit Night City.
Gigs (mercenary contracts) very well integrated in the game and theres a lot of them too.
Vehicles, luxury apartments and awesome clothing readily available for you if you grind enough.",True,1787914826,0,21.818564814814813
233893658,76561198084024372,887,25869,26102,and never stop fightin',True,1787914712,233,21.819884259259258
233892946,76561199059946583,482,1869,1869,"[h3] STILL SEEMS BUGGY AND UNPOLISHED [/h3] 
I do not like this game it feels kind of boring to play going through the missions and some side missions are unpolished and buggy because one I had to clear out a building of enemies and I was playing on the max difficulty so I had to back up and hid to regain health and I retreated to the side of the building next to a bunch of dumpsters while still standing next to the building I had to clear out and then the mission said failed when I am literally standing beside it and didn't even go far at all I'm right next to it so yeah this game seems to have bad game design and unpolished levels.

And the main missions the ones that I got up to are mostly just talking and dialouge a lot of it and also this game was supposed to have been fixed up a ton since 2020 I first played this in late 2021 and then stopped playing and then came back to it a few monthes ago and it feels the exact same as when I last played in 2021 like the engine and how the game runs it feels exactly like how I remembered it so yeah but the combat and character customization do seem kinda fun I played it on the max difficulty and its kinda like Halo where you can retreat and take cover and you can restore you're health by just waiting here though that would take longer.

But yeah I don't think this game is very good the game still seems unpolished and the engine seems just as unstable as back in late 2021 so it doesnt feel like they have fixed the game that much so I don't recommend this game because I think it is kinda bad still but this game does have some cool things about it it has trading cards but they've always been expensive and they have full voice acting versions for Russian Korean and Simplifed Chinese but I don't they got the Russian voice actors back for the DLC.",False,1787913901,0,21.829270833333332
233892302,76561198850913651,287,3191,3751,"Game fun, look pretty. 

Dystopia? I wish this was my dystopia.",True,1787913091,560,21.838645833333334
233891877,76561198868170556,0,1578,4486,yuh,True,1787912548,2908,21.844930555555557
233887143,76561198117379378,267,8308,8403,Very Good but you need pretty good hardware to experience it to it's fullest. When I used to play the game on an older system it barely ran on low settings.,True,1787906624,95,21.91349537037037
233886826,76561198121459961,0,10005,10146,The combat specifically scratches an itch for me that I can't get enough of. Great storyline too.,True,1787906229,141,21.91806712962963
233886368,76561199185904786,46,10834,10834,"Game released ahead of its time

would recomend for kids ages 3+",True,1787905643,0,21.924849537037037
233885537,76561199875846355,0,1234,1294,peak game,True,1787904512,60,21.937939814814815
233884006,76561198655558600,0,2397,2417,have been addicted for a lil while now,True,1787902464,20,21.961643518518517
233883700,76561198959428783,244,9144,9149,"100%

Wonderful game. Newfound respect for Idris Elba.",True,1787902049,5,21.96644675925926
233882637,76561198046456086,303,3747,3749,"[h1]4/5 - One of a kind open world... just couldn't stick the landing[/h1]

Night City is a one-of-a-kind open world that still looks amazing today with all the settings turned up. The city is packed with secrets, side quests, and collectables. 
With plenty of build options in perks, attributes, cyberwere and a variety of weapons, combat stays fresh through your entire playtime.

Unfortunately the main story is actually it's weakest aspect in my opinion. None of the endings deliver the emotional catharsis it should, and you see a drop in polish in the later main missions with some glitches.

Cyberpunk 2077 as a gaming experience was like going to a fancy best-in-class restaurant where the ambiance was gorgeous, the service; impeccable, the food; amazing, but the desert.... meh. You leave with a feeling that it could have almost been perfect.",True,1787900571,2,21.98355324074074
233881945,76561199190436121,106,2286,3301,"i just finished the phantom libery DLC in the game so im not sure how the base games story will go. The DLC was so good i would recommend this game alone for the DLC. The combat and the cops are way better from last time i played it on my ps4 especially Maxtec which are way better then last time. 

For now i would give this game a 8.5/10 since i havent finished it but if im being honest after the main story i might give this a 9/10 or 10/10. Its that good. GET THE GAME WHEN ITS ON SALE",True,1787899557,1015,21.995289351851852
233881450,76561198283117364,0,5049,5175,"This game came out in a terrible state. Played it on my old Xbox One at launch. The game ran like ♥♥♥♥♥♥♥♥♥, but you could tell the bones were there. Years of love from the developers has turned this into a top 5 game of all time for me. Couldn't recommend a game more. Visuals are insane, modding scene is lively, and the content can keep you busy for 100s of hours. Bought it on sale, but even at its full price it is more than worth the buy.",True,1787898818,126,22.003842592592594
233880930,76561199260434634,0,2822,3996,good graphics and combat and hella intimate scenes,True,1787898007,1174,22.013229166666665
233879830,76561198855094206,0,5233,6631,,True,1787896306,1398,22.032916666666665
233879662,76561199211449882,0,8737,10131,yes,True,1787896069,1394,22.03565972222222
233878090,76561198403654353,143,4869,5530,"This is my love letter to CDPR. This game might single-handedly have the best story of any game I’ve ever played. On top of that, great replayability, gunplay, gameplay. This game is everything you could ask for out of a single-player game. I first played this game in 2020 on the initial release, and that game, compared to the game I'm playing now, is night and day. Might be the biggest comeback of the 2000s. The world-building, characters, side quests- all come together to form such an amazing world, almost like it’s a living, breathing world; that’s how immersed I get when playing this game. Genuinely a 10/10 game; the anime is peak too.",True,1787893761,661,22.062372685185185
233875928,76561198089420541,94,1279,1740,"Slow start, great guns and beautiful scenary. 

Quite the show. 8.9/10",True,1787890561,461,22.099409722222223
233874831,76561199232124095,0,2425,2927,very good game ima real person,True,1787889044,502,22.11696759259259
233874514,76561199542421492,8,635,728,This is my favorite game ever,True,1787888632,93,22.12173611111111
233872867,76561198322949284,124,7941,8681,choom gigs holar delta  new words learned here,True,1787886449,740,22.147002314814817
233871647,76561199044920062,0,586,1817,I love murdering innocent NCPD officers then getting blackwalled by a netrunner,True,1787884895,1231,22.164988425925927
233870903,76561199850156849,0,7994,7995,I have died twenty times on Phantom Liberty (hardest difficulty) and have rage quit twice now. I will rage quit more. 10/10 game.,True,1787884040,1,22.174884259259258
233870597,76561199039868965,0,4959,9531,n1,True,1787883648,4572,22.179421296296297
233869812,76561197971591413,638,31395,49976,"I played Cyberpunk on first drop and never experienced any of the major bugs so even my first playthrough locked this game in as one of the most atmospheric, absorbing worlds I've ever stepped foot in via my computer.
A year or so later and the tweaks and upgrades they did made it even better and now with one of the best DLC's ever made for a game and a base game that still makes me think about it weekly, Cyberpunk 2077 is legitimately one of the best games ever made.
",True,1787882709,18581,22.190289351851852
233869762,76561198016103700,0,9945,10647,"Its cyberpunk, you all know and love it.  If you have not played it yet somehow, play it.  Worth every penny.",True,1787882645,702,22.19103009259259
233868972,76561198268859119,105,5378,5519,there are no happy endings in night city,True,1787881710,141,22.201851851851853
233868920,76561199332066211,0,4601,4645,Storming arasaka tower with a shotgun and a katana with sandevistan will be the memory of a lifetime,True,1787881642,44,22.202638888888888
233868002,76561199145100265,59,27578,27578,I like dismembering people,True,1787880498,0,22.21587962962963
233866925,76561199195259945,0,289,963,"Don't mind my hours, I have ~50 on Playstation. This game is amazing. It makes me tear up just talking about it. The graphics are drop-dead gorgeous, the gameplay continues to be exciting and satisfying (especially netrunning ♥♥♥♥♥♥♥♥♥ that's fun), the acting is hard not to love, and the soundtrack is one of the best I can think of. Everything about this game is amazing, even with its very rocky release. If you're thinking about if this game is worth it, it probably is. 9.7/10 (the -0.3 is the beginning, it can be really boring at times, but once you get to like T3 to 4 stuff it gets good)",True,1787879254,674,22.23027777777778
233866642,76561198166346719,0,44769,48174,4 years later and still preem.,True,1787878951,3405,22.23378472222222
233866625,76561198075484496,0,1464,1853,This game is still very unoptimized and will crash the very first instance it can. I've spent more time crashing and troubleshooting than I have playing this game,False,1787878933,389,22.233993055555555
233866297,76561199258229165,29,1170,1595,"Exxcelente Juego, aunque algo demandante en hardware",True,1787878558,425,22.238333333333333
233866248,76561198050638081,290,8186,8186,An absolutely brilliant and beautiful game. It has earned a place among my favourites.,True,1787878494,0,22.239074074074075
233866086,76561198140816726,107,7951,10007,"If this game released like this, it would be game of the century. I don't normally play games for the story, and skip a lot of dialogue in other games. Not this one, I read all of it and sometimes will reload saves just to hear what the other dialogue branches are. This game is a masterpiece. It's not perfect, but oh my goodness it's so good",True,1787878291,2056,22.24142361111111
233864667,76561198849082068,102,15286,16222,"repurchased after playing on my xbox one S which is perpetually stuck in 1.61 due to limitations of the system. bought it on sale here on steam and realized the game was far better than it was, played all 3 character routes and then bought the dlc making the game even better, had another 3 playthroughs and am getting ready for another because the game is that ♥♥♥♥♥♥♥ good",True,1787876547,936,22.261608796296297
233863205,76561199090586581,107,2837,3853,Being able to casually send a random Barghest grunt to cyber hell after making fun of you will never get old,True,1787874847,1016,22.28128472222222
233862751,76561198315707051,98,3816,4037,круто!!!!!!!!,True,1787874302,221,22.287592592592592
233862603,76561199885720413,0,71,71,"Best game of all time, trust me..... you won't regret playing it.",True,1787874118,0,22.289722222222224
233862008,76561198031506265,0,34767,34957,A great game - classic already.,True,1787873392,190,22.298125
233861540,76561198880369006,392,4607,5452,"If it released in this state it would have won game of the year. Fantastic story, writing, side quests, dlc is great, look at the hours played and trust.",True,1787872896,845,22.30386574074074
233861505,76561198082173141,0,10482,11395,It good,True,1787872850,913,22.30439814814815
233860790,76561198211445012,58,2682,3702,awesome game. implement fsr's ray regeneration please,True,1787872023,1020,22.313969907407408
233860748,76561198360972882,0,5807,6272,my chrome might be outdated but my enjoyment is still brandnew,True,1787871975,465,22.314525462962962
233860565,76561199817735580,45,665,1212,amazing,True,1787871769,547,22.31690972222222
233860440,76561198153365068,0,1885,2513,,True,1787871641,628,22.318391203703705
233860307,76561198403036768,0,1652,1652,Fantastic storyline and visuals. 10/10,True,1787871505,0,22.31996527777778
233859632,76561199224460252,0,9065,9765,i personally believe this is THE BEST story/free roam game ive ever played in my whole life. not even trying to glaze either but fuhhh its so peak,True,1787870823,700,22.327858796296297
233859526,76561199698821531,0,1355,2082," In my play through, I keep getting V one liners about being Serbian. 10/10.",True,1787870703,727,22.329247685185184
233859402,76561198982587052,13,6135,7013,"it would be a 10/10 if the bugs were fixed, still very good and worth the money on sale",True,1787870576,878,22.330717592592592
233859203,76561199371983768,0,4888,5438,panam yams,True,1787870380,550,22.33298611111111
233858979,76561198114906943,0,8631,8631,The most immersive game I have ever played in my life.,True,1787870110,0,22.336111111111112
233858598,76561199195701419,0,3330,3652,delamain cheeks,True,1787869722,322,22.34060185185185
233858578,76561198141433158,105,3844,7028,"the game is straight up peak

9/10",True,1787869701,3184,22.34084490740741
233857655,76561198131472582,283,5617,6771,"Estaba esperando terminar el juego para dar una reseña y aquí esta

Muchas veces había visto sobre este juego sobre todo el lanzamiento que tuvo, pero me convenci a jugarlo despues de ver el anime de edgerunners y la collab que tuvo en wuthering waves. Solo puedo decir con eso, que fue una gran decisión al haber comprado este juego en oferta

Optimización:
El juego esta bien optimizado sin frame gen llega a 80fps o 90fps dependiendo de las configuraciones, yo lo jugue con todo alto y con fsr 3, le activas al frame gen para que se miraba más fluido y esta muy bien hecho también el frame gen, aunque supongo que eso es subjetivo

Gameplay:
El gameplay es muy bueno mezcla es un juego de rol que mezcla muy bien los elementos cyberpunk, cuando juegas de verdad si te sientes como si fueras un edgerunner, la ciudad tiene muchos elementos que hace que se sienta viva, la progresion de nivel se siente muy natural
Una de las cosas que hice es que jugue en modo sigilo la mayoria de veces, y la verdad me encanto, yo que he jugado otros juegos como metal gear, se me hizo bastante bueno los elementos de netrunner los de las camaras, etc.
Además tiene muchas maneras de jugar el juego, como berserker, como netrunner, como un hibrido, etc.

Historia:
La historia de este juego es demasiado bueno, mezcla muy bien lo que son los problema del prota con lo que es la ciudad cyberpunk con lo que te sientes bien inmersa en la historia, esta super bien hecha y demasiada entretenida. Night City es una ciudad basura pero demasiado interesante por las historias que puede contar

En conclusión compralo vale totalmente la pena",True,1787868792,1154,22.35136574074074
233857001,76561198036777630,0,5095,8454,"An absolutely amazing game! A masterpiece and a legend—a fascinating world and lore, excellent quests, an awesome combat system, and tons of ways to play through it. The best game I’ve ever played in my 40+ years of life.",True,1787868193,3359,22.35829861111111
233856556,76561198269745178,86,15716,15716,nuke arasaka.,True,1787867758,0,22.363333333333333
233856500,76561198810166327,0,4203,9804,great,True,1787867713,5601,22.363854166666666
233855838,76561198299015363,0,18049,20534,This game is SICK!,True,1787867107,2485,22.370868055555555
233855096,76561198860956280,132,1375,3601,Yes,True,1787866403,2226,22.379016203703703
233854979,76561197999497500,0,4323,4323,It is an unusual game.  I have played through it twice at different levels of game play and each was different.,True,1787866277,0,22.38047453703704
233853927,76561198859870951,59,20359,20359,If you look past the hopelessness of it all its a pretty cool and shiny game,True,1787865322,0,22.391527777777778
233853145,76561197978729038,0,355,835,.,False,1787864626,480,22.399583333333332
233851504,76561199202307993,0,63250,63550,"Amazing story, great mechanics. 10/10",True,1787863062,300,22.417685185185185
233851071,76561198883956944,86,2258,2346,"Graphically a great game, story wise i felt its ok and i love jhonny.",True,1787862643,88,22.422534722222224
233849830,76561199774056524,0,3254,4664,fun game just dont skip side missions bc they are like half the game,True,1787861464,1410,22.436180555555556
233849700,76561198418070256,0,5487,5487,"This game is incredibley long, has a lot of bloat, the story isn't easy to follow and often focuses on getting from point a to point b rather then having much narrative depth for several sections. Occasionally the writing gets really good and interesting but these momments are to far and inbetween aswell as a great deal of these momments being worn down slightly by how insufferable V is. V's dialogue is wholy uninteresting the unique backgrounds rarely offer anything more then flavor text, she kills for money and does gang violence regularly but is held as a good person with those actions almost never being acknowledged. She'll judge people for killing well being a cold blooded murderer herself its very strange and one of the most infuriating aspects of the writing in this game. It's something that really should've been explored with the game TRYING to explore gang violence in an interesting way. She feels unrealistic and very stupid, with no real depth, an absolute dumpster fire of a character thats also the main protagnist so you have to deal with her stupid ♥♥♥♥♥♥♥♥ the entire time you're playing.

The gameplay is really boring and easy even on its hardest difficulty, but its flashy enough and its cool guns makes it mindlessly fun even though its still bad. Theirs a lot of ways you CAN approach fights but its rarely neccessary and you can get away with just run and gunning which is significantly less interactive and repetetive. Character customization is neat on a astetic level. The whole game infact is pretty cool visually, a lot of the ideas and potential for narrative themes kept me playing but a lot of it doesn't go anywhere or isnt explored in an interesting way. (my hours are bloated quite a bit from leaving the game on a few times at night)

It's a waste of time, don't play this game.",False,1787861352,0,22.43747685185185
233849540,76561199401060138,0,1592,1914,"Great game, Story is a 9/10, gameplay is a 10/10, physics and abilities and overall aesthetics 10/10, the only parts i didnt like was the nudity. other than that a great game. 9/10",True,1787861199,322,22.439247685185187
233849539,76561198703738312,0,1197,1527,"Great game, with some intense stories. Really enjoying it so far",True,1787861199,330,22.439247685185187
233845199,76561198088407011,104,5213,5219,"Cyberpunk 2077 isn't a perfect game. It's my favorite game. There's a difference.

I've spent hundreds of hours in Night City across different playthroughs, even if Steam only accounts for part of that time, replayed the game, explored its streets, read its lore, finished its quests, got attached to its characters, and somehow I still get that feeling when I'm just driving through the city at night with the radio playing.

That's what makes Cyberpunk special to me. Night City doesn't feel like a map built around the player. It feels like a place that existed before V and will continue existing after V is gone. Every district has its own identity, history and people. You can walk past some random alley, read a shard or find a small environmental story, and suddenly understand a little more about the kind of world you're living in.

And the characters are probably what I love most. Johnny, Judy, Panam, Reed, Songbird, Jackie (my poor amigo), Viktor, Misty, Kerry and so many others aren't just NPCs handing you quests. You build relationships with them. You disagree with them. Sometimes you help them, sometimes you hurt them, and sometimes there simply isn't a good answer. Eventually they become part of your version of V's story.

That's also why I love the choices in this game. Cyberpunk doesn't constantly put a giant “THIS DECISION WILL HAVE CONSEQUENCES” sign on the screen. Sometimes a dialogue choice changes a relationship. Sometimes something you did hours ago comes back. Sometimes your choices don't change the world at all—and that's kind of the point. Night City is bigger than you.

Phantom Liberty somehow made all of this even better. It gave me another cast of characters I genuinely cared about and put me into situations where I understood multiple sides while knowing somebody was probably going to get destroyed by whatever I chose. Reed and Songbird especially are characters I could talk about for hours.

The gameplay is great. The builds are fun. The guns, cyberware, cars, music and visuals are ♥♥♥♥♥♥♥ incredible. But none of those things individually explain why I have this much attachment to Cyberpunk.

It's the combination:

Characters + relationships + worldbuilding + lore + choices + quests + exploration + atmosphere.

There are games with bigger maps. There are games with more choices. There are games with deeper RPG systems. There are probably games that do individual parts of Cyberpunk better.

But I've never played another game where all of those things came together in a way that affected me quite like this.

And yes, I remember the launch. I know how broken it was. CDPR deserved the criticism they received for releasing the game in that state, especially on last-gen consoles. I'm not going to rewrite history just because I love what the game eventually became.

But I'm reviewing the game I've actually spent all these years playing.

And that game is ♥♥♥♥♥♥♥ phenomenal.

Mike Pondsmith created one hell of a universe, and CDPR made me feel like I actually lived in a small piece of it.

When the credits roll, I don't feel like I'm finished with an open-world game.

I feel like I'm leaving Night City.

And apparently I'm terrible at leaving, because I always ♥♥♥♥♥♥♥ come back.

See you in the major leagues, choom.",True,1787857327,6,22.4840625
233845060,76561198247785752,0,10886,10886,saved by a Netflix anime,True,1787857212,0,22.485393518518517
233843427,76561198838738973,0,12705,13395,Absolutely 10/10 game. Love the dystopia and love the cyberpunk universe. Wish i could forget playing this game so i can experience it over and over.,True,1787855897,690,22.500613425925927
233843374,76561198096681989,102,5228,5229,Peak,True,1787855864,1,22.50099537037037
233842791,76561198953124646,36,218,218,wake up samurai,True,1787855365,0,22.506770833333334
233842553,76561198872314338,67,3494,5295,bravo le veau,True,1787855174,1801,22.50898148148148
233842256,76561199833719476,15,266,1199,"real good, inspired me to write a bunch",True,1787854941,933,22.51167824074074
233840865,76561199401280174,0,7494,7532,Probably one of the best story games of all time. I played this for 128h and im still not bored. There is so much content and stuff to explore that you can replay this game 10x times and get 10 different endings. Just peak.,True,1787853834,38,22.52449074074074
233839658,76561198950618357,54,10775,10775,"Great Gameplay, Incredible Characters, Missed Potential

Great gameplay, great characters, and a good story. Cyberpunk 2077 was an incredibly fun game for me, mainly because of its gameplay. I love how fast and thrilling the combat can be, while still allowing you to approach encounters stealthily and methodically. There are so many different playstyles and possibilities that, at times, it gets close to a true immersive sim like Deus Ex.

At first, driving felt frustrating. Cars and bikes don’t turn particularly well and can take a lot of space to brake. It feels somewhat realistic, but not always fun. However, I quickly got used to it, and eventually I actually started enjoying it. I found myself looking for better vehicles and choosing to drive instead of fast traveling. Compared to GTA V, where the amount of driving eventually becomes tedious, I actually looked forward to getting behind the wheel here.

The retrofuturistic car designs are fantastic and fit the game's aesthetic perfectly. The sound design deserves a special mention too—the engine noises, induction sounds, and gear changes are incredibly satisfying and make the vehicles feel surprisingly authentic.

The story is good, but for me, it’s carried by its fantastic cast of characters and performances. I especially loved Female V's voice acting. Most of the main characters feel fleshed out and receive meaningful development throughout the game.

This is where Phantom Liberty really stood out to me. Its storyline is easily one of the best parts of the entire game. The performances are incredible, the characters are more compelling, and, most importantly, your decisions can have genuinely meaningful consequences. I loved how the expansion gives you choices that don't just change dialogue, but can significantly affect how the story unfolds. Its final stretch and the different outcomes were some of the most memorable moments of my entire playthrough.

My biggest problem is the open world. Night City looks incredible, but I don't think it offers enough interactivity or meaningful exploration. I also wish the world-building had been stronger. Compared to The Witcher 3, which makes exploration feel like an adventure in itself, Cyberpunk falls behind.

I also found the pacing uneven. The beginning is quite slow, while the story starts moving almost too quickly toward the end. I particularly felt that the Aldecaldos storyline could have used more time to develop. Interestingly, Phantom Liberty felt much more focused and consistently paced to me, which made the contrast even more noticeable.

Performance was generally good for me, but I did experience some crashes on my RX 9070, along with a few strange graphical glitches.

Overall, Cyberpunk 2077 is a great game with fantastic gameplay, characters, and presentation. Phantom Liberty shows just how good this world can be when CD Projekt Red is firing on all cylinders, especially when it comes to writing, character development, performances, and meaningful choices. The open-world design and uneven pacing keep it from being perfect for me, but this is still an incredible experience that I absolutely recommend.",True,1787852896,0,22.53534722222222
233839215,76561198154854394,0,20161,23499,"I found the story and the gameplay very engaging. If you have the hardware to support it, I would definitely recommend it.",True,1787852538,3338,22.539490740740742
233839204,76561199637117112,0,727,1657,"This game is perfect changed my life forever

The intensity of night city, tem fixers and the main story and characters are incredible this game is 10/10",True,1787852531,930,22.53957175925926
233835219,76561198054643113,541,2193,2193,"While the graphics, combat, and other systems are great - the story line and it's forced endings are absolute garbage. Everything is a choice between bad or worse or outright destruction. Not sure what the story writers or devs were thinking, or if they were. Regardless, putting in time and effort seems to only net disappointment regardless of your choices or actions. The game was purposely designed to leave you with a garbage ending.",False,1787849335,0,22.5765625
233833049,76561199848977702,0,3031,3106,best game,True,1787847586,75,22.596805555555555
233831818,76561199013705006,83,5864,5864,"Cyberpunk 2077 is a masterpiece, the soundtrack is one of the best in gaming, the gameplay is incredibly engaging, and the story can be absolutely life changing if you let it",True,1787846589,0,22.608344907407407
233830312,76561198317065862,268,14392,14392,goated,True,1787845396,0,22.622152777777778
233829733,76561199217673823,0,725,2194,I love this game. Runs pretty good on my pc. Loved it on console and 100% it on pc,True,1787844904,1469,22.627847222222222
233829057,76561198105661644,544,2766,2766,"Performance is still ♥♥♥♥. Alot of settings like FSR Framegen are just straight up broken still.
The game is riddled with bugs on every corner. Yes it's playable, but it's not pretty.
For everyone who isn't a Star Citizen player who is used to this kind of yank I can't recomment this.
Go and play games that actually work as intended.",False,1787844343,0,22.634340277777778
233827929,76561198985849277,0,1851,2635,Preem tequila at the Afterlife. Game runs great.,True,1787843436,784,22.644837962962963
233827275,76561198298246844,253,4104,4632,"Worth playing, one of the best games ever.",True,1787842890,528,22.651157407407407
233826236,76561199221325683,64,13191,13191,"Buy the ♥♥♥♥♥♥♥ game and play it already. This is arguably the closest you can get to perfection in a video game in my opinion. I literally cannot think of a single thing i actually dislike about this game. Probably my favorite worldbuilding ever, amazing characters, fun combat with a good deal of customizability, amazing story, phenomenal graphics and art direction and great music to top it off. Not to mention how ♥♥♥♥♥♥♥ good the DLC is. Genuinely had me staring in awe during the credits. The only thing you need to be wary of is if your PC is good enough to run it. I learned this the hard way trying to run it on my old PC with a GTX 1660 Ti.",True,1787841996,0,22.66150462962963
233825807,76561199098427680,0,1396,5218,10/10 would recommend,True,1787841574,3822,22.66638888888889
233825566,76561198164012653,0,2445,2448,very good game,True,1787841388,3,22.668541666666666
233821208,76561199170446096,67,5078,5083,suffering simulator,True,1787837634,5,22.71199074074074
233820729,76561197971292753,0,9592,12107,"Fun to play, engaging storyline and quests.",True,1787837220,2515,22.716782407407408
233820306,76561198053526522,0,2223,4089,great game with multiple ways to play with differnet style of play making the game replayable,True,1787836816,1866,22.721458333333334
233818277,76561199184814516,60,9156,10140,Bruh I didn't expect this game to be this good man this cure my fallout loop play by playing this game instead ;) and even with medium setting sometime goes below 40 fps still worth every single eddys,True,1787834934,984,22.74324074074074
